id,player_code,web_name,position,team_name,opponent_name,was_home,fdr,now_cost,selected_by_percent,status,chance_of_playing_next_round,news,ep_next,pred_minutes,pred_defcon,pred_points,pred_points_decomposed,pred_points_tabfm,e_points_final,pred_points_p10,pred_points_p90,e_points_p90,event
411,223094,Haaland,FWD,Man City,Bournemouth,1,3,155,73.3,a,,,4.0,84.37142857142857,0.003367003367003367,7.933720131341322,7.437547792968547,,7.444281799702554,1.0830802171173664,14.625488383638675,13.717548989872105,1
426,141746,B.Fernandes,MID,Man Utd,Hull City,0,2,120,47.9,a,,,4.0,87.57142857142857,0.018629407850964737,7.526079136749054,7.3229944616304286,,7.360253277332358,1.1003329533607167,11.720460297058905,11.441452723792578,1
368,424876,Szoboszlai,MID,Liverpool,Newcastle,0,3,70,42.1,a,,,2.5,89.77777777777777,0.04337631887456037,7.07792564216178,7.060449282551503,,7.147201920300624,1.2414577898996193,12.046766964208963,12.103774498342752,1
385,432720,Trafford,GK,Leeds,Nott'm Forest,0,3,50,2.6,a,,,2.6,90.0,0.0,5.458081712754813,5.458081712754813,,5.458081712754813,0.33690245965243604,12.684520739845654,12.684520739845654,1
226,111234,Pickford,GK,Everton,Crystal Palace,1,3,55,8.7,a,,,3.3,90.0,0.0,5.343766535023177,5.343766535023177,,5.343766535023177,0.296411110891824,9.00551576890147,9.00551576890147,1
367,243298,Gakpo,MID,Liverpool,Newcastle,0,3,70,3.3,a,,,2.5,76.0,0.003367003367003367,6.310630813964439,5.328977131792192,,5.335711138526199,0.3180679025801999,10.452965226366564,8.833682420110216,1
40,244850,Rogers,MID,Chelsea,Fulham,0,3,75,26.3,a,,,2.6,88.64864864864865,0.04337631887456037,5.22677506964509,5.148294963494262,,5.235047601243383,1.1306645124174306,11.703741396319671,11.614762181271198,1
496,485055,Kinsky,GK,Spurs,Brentford,0,3,45,19.8,a,,,1.9,90.0,0.0,5.152837506653584,5.152837506653584,,5.152837506653584,-0.0012471947748276687,13.336650670800255,13.336650670800255,1
481,215379,Anderson,MID,Man City,Bournemouth,1,3,65,10.8,a,,,2.3,87.6842105263158,0.09375,5.0769395424792885,4.946304840801459,,5.133804840801459,1.2553974432622947,11.601814913913179,11.49078868221015,1
124,60307,Groß,MID,Brighton,Aston Villa,1,3,55,11.3,a,,,2.0,86.10526315789474,0.030360531309297913,5.133450447686242,4.911301130067071,,4.9720221926856665,1.352559655803183,12.343878405338744,11.870419934626891,1
229,17761,Tarkowski,DEF,Everton,Crystal Palace,1,3,60,9.6,a,,,2.8,90.0,0.16666666666666666,4.584502449412376,4.584502449412376,,4.917835782745709,1.1513269346118842,11.108838260229486,11.44217159356282,1
397,437730,Semenyo,MID,Man City,Bournemouth,1,3,85,28.2,a,,,2.9,86.48648648648648,0.003367003367003367,5.080689933651897,4.882344680986807,,4.889078687720814,0.26893753104240475,13.995650840133628,13.456008087342898,1
237,440993,Ndiaye,MID,Everton,Crystal Palace,1,3,60,15.6,a,,,2.1,86.90625,0.02456140350877193,4.977732090650101,4.806622550034004,,4.855745357051548,0.24597429355023026,11.11709465172573,10.784067330090199,1
155,448047,Enzo,MID,Chelsea,Fulham,0,3,70,5.5,a,,,2.5,86.5,0.04337631887456037,4.9396521968057066,4.747554611374373,,4.834307249123494,0.9402893680850849,12.010537320765666,11.630213507151677,1
356,97032,Virgil,DEF,Liverpool,Newcastle,0,3,65,17.0,a,,,3.1,90.0,0.2756756756756757,4.26665393920315,4.26665393920315,,4.818005290554501,1.1173134777742213,10.190572431291953,10.741923782643305,1
106,502500,Thiago,FWD,Brentford,Spurs,1,3,80,16.3,a,,,2.5,86.36842105263158,0.018629407850964737,4.946867686734184,4.74725723621684,,4.78451605191877,0.9049695196545906,10.414052402160483,10.03109506830155,1
12,223340,Saka,MID,Arsenal,Coventry City,1,2,95,10.6,a,,,3.2,71.54838709677419,0.02456140350877193,5.861841897225191,4.66005925736397,,4.709182064381514,1.315841192682936,12.770291482253223,10.201275677138565,1
13,204480,Rice,MID,Arsenal,Coventry City,1,2,75,21.4,a,,,2.6,85.91666666666667,0.0860655737704918,4.671785312042126,4.459824682143919,,4.631955829684903,0.3067862471208542,9.718843043837241,9.450026682907833,1
471,227444,Milenković,DEF,Nott'm Forest,Leeds,1,2,55,2.3,a,,,2.5,88.8157894736842,0.2756756756756757,4.083804304620569,4.030070037454509,,4.58142138880586,0.2843298515699361,9.335681339228511,9.764194778221594,1
468,221389,John,GK,Nott'm Forest,Leeds,1,2,45,0.1,a,,,1.9,87.4,0.0,4.6885240313861125,4.553077781590514,,4.553077781590514,0.0,11.068221973437852,10.748473338649648,1
384,204936,Donnarumma,GK,Man City,Bournemouth,1,3,55,11.1,a,,,3.3,90.0,0.0,4.4862605715115205,4.4862605715115205,,4.4862605715115205,-0.0004901908271500612,9.069449054738678,9.069449054738678,1
112,469142,Van Hecke,DEF,Spurs,Brentford,0,3,50,8.8,a,,,2.2,89.16666666666667,0.2,4.115525788844849,4.077419068577767,,4.477419068577768,-0.0004865016401032656,8.797478833398978,9.116020696052692,1
1,154561,Raya,GK,Arsenal,Coventry City,1,2,60,31.4,a,,,4.0,90.0,0.0,4.47338861285248,4.47338861285248,,4.47338861285248,0.3000470643767974,9.230310926680708,9.230310926680708,1
473,159506,Aina,DEF,Nott'm Forest,Leeds,1,2,45,4.3,a,,,1.7,88.16666666666667,0.16666666666666666,4.170475725339153,4.0855215901933555,,4.4188549235266885,-0.0010047742171545263,11.575048231705567,11.672593545504158,1
199,121709,Benitez,GK,Crystal Palace,Everton,0,3,45,0.1,a,,,1.9,90.0,0.0,4.399573646362985,4.399573646362985,,4.399573646362985,-0.0012467176337236493,12.185260945521271,12.185260945521271,1
165,475168,João Pedro,FWD,Chelsea,Fulham,0,3,75,56.9,a,,,2.3,75.94285714285714,0.003367003367003367,5.155556738199224,4.350307876232869,,4.357041882966876,-0.0004297083047867447,9.99232562307685,8.438353532492187,1
480,222531,Gibbs-White,MID,Nott'm Forest,Leeds,1,2,80,11.6,a,,,2.8,83.8108108108108,0.003367003367003367,4.6678257666591625,4.346825135858878,,4.353559142592885,1.1823365792587734,12.108668342548986,11.28270413593653,1
259,219924,Diop,DEF,Ipswich Town,Sunderland,1,2,40,18.4,a,,,1.0,62.46153846153846,0.16666666666666666,5.729374795928231,3.9762840464048916,,4.309617379738225,-0.0012386367786026394,11.3054464750716,8.179506442528323,1
208,232185,Sarr,MID,Crystal Palace,Everton,0,3,65,7.3,a,,,2.3,77.60714285714286,0.003367003367003367,4.975844795078306,4.290678864962365,,4.2974128716963715,0.00022841599402131205,14.021765005134073,12.097724227430968,1
346,177815,Calvert-Lewin,FWD,Leeds,Nott'm Forest,0,3,60,25.6,a,,,2.0,77.74285714285715,0.003367003367003367,4.931156258038048,4.2595797390862,,4.266313745820207,1.0605140027311861,10.897542031304928,9.420134599489787,1
200,437499,Lacroix,DEF,Chelsea,Fulham,0,3,60,11.0,a,,,2.8,88.14285714285714,0.2756756756756757,3.781397465759386,3.7033686291643506,,4.254719980515702,0.36403376928219544,9.415786255063619,9.772843604326356,1
236,215413,Dewsbury-Hall,MID,Everton,Crystal Palace,1,3,65,3.6,a,,,2.3,84.80645161290323,0.0860655737704918,4.322598246720895,4.073157989472844,,4.2452891370138275,1.134291189988347,10.713924470902619,10.26779689449546,1
68,201658,Tavernier,MID,Bournemouth,Man City,0,5,60,1.8,a,,,2.1,80.3529411764706,0.06779661016949153,4.536525986254334,4.050257841322497,,4.18585106166148,1.1169708480753304,10.42558907687238,9.443668173938768,1
28,98980,Martinez,GK,Aston Villa,Brighton,0,3,50,5.0,a,,,2.6,88.59375,0.0,4.243783199577264,4.177474087083869,,4.177474087083869,0.20121719073492272,7.793907910045023,7.672128098950569,1
500,221632,Romero,DEF,Spurs,Brentford,0,3,50,1.0,a,,,2.2,81.26086956521739,0.2756756756756757,3.9999295063950844,3.611530554324837,,4.162881905676188,0.0,8.372976330562683,8.111299545468093,1
469,215136,N.Williams,DEF,Nott'm Forest,Leeds,1,2,50,11.7,a,,,2.2,86.56756756756756,0.04337631887456037,4.205460354861512,4.04507192691334,,4.131824564662461,0.286669477892432,8.262346705932469,8.033988823665545,1
230,480455,Branthwaite,DEF,Everton,Crystal Palace,1,3,55,1.9,a,,,2.5,67.8,0.22580645161290322,4.81619324104561,3.6281989082543595,,4.079811811480166,0.3458769428455402,13.27228984167871,10.450071250623767,1
388,209036,Guéhi,DEF,Man City,Bournemouth,1,3,60,22.4,a,,,2.8,90.0,0.16666666666666666,3.7455496578033216,3.7455496578033216,,4.078882991136655,0.3288689877857918,9.330696225535533,9.664029558868867,1
371,441266,Gravenberch,MID,Liverpool,Newcastle,0,3,60,2.0,a,,,2.1,83.08333333333333,0.05,4.30391231689646,3.973148685134972,,4.073148685134972,0.5318304646760081,11.022882368896433,10.275753446101612,1
154,244851,Palmer,MID,Chelsea,Fulham,0,3,95,11.0,a,,,3.2,75.15384615384616,0.018629407850964737,4.800560061482504,4.008672803477271,,4.045931619179201,0.3153775101183798,10.01428859376279,8.399617752544875,1
350,116535,A.Becker,GK,Liverpool,Newcastle,0,3,55,3.9,a,,,3.3,90.0,0.0,4.037323255251562,4.037323255251562,,4.037323255251562,0.21753103477719876,9.206150824859991,9.206150824859991,1
261,153133,Iwobi,MID,Fulham,Chelsea,1,4,55,1.0,a,,,2.0,83.44827586206897,0.02456140350877193,4.286836661282033,3.974768092069931,,4.023890899087474,1.2288804867036205,10.831339302201133,10.091973807525875,1
428,430871,Cunha,MID,Man Utd,Hull City,0,2,80,11.9,a,,,2.8,75.54545454545455,0.05,4.627863916495332,3.8846009238460812,,3.9846009238460813,1.0867542842301492,9.66005577399967,8.208592270902752,1
79,444102,Evanilson,FWD,Bournemouth,Man City,0,5,60,2.1,a,,,2.0,76.13888888888889,0.018629407850964737,4.622038870188147,3.9101878219708985,,3.947446637672828,0.3306021798287174,9.51880890918162,8.090053636710207,1
531,515046,Ellborg,GK,Sunderland,Ipswich Town,0,2,45,0.1,a,,,1.9,90.0,0.0,3.94632211961393,3.94632211961393,,3.94632211961393,-0.0012467176337236493,11.188407308360803,11.188407308360803,1
498,221466,Senesi,DEF,Spurs,Brentford,0,3,60,10.0,a,,,2.8,88.86486486486487,0.2,3.505504635709473,3.461291063727552,,3.8612910637275517,0.3128889405478864,8.766163829746764,9.055599601263472,1
519,232787,Gallagher,MID,Spurs,Brentford,0,3,55,0.3,a,,,2.0,73.9375,0.09923664122137404,4.430663554153414,3.639913183724645,,3.838386466167393,0.29266050304477265,10.73444515665684,9.01711815766847,1
427,446008,Mbeumo,MID,Man Utd,Hull City,0,2,80,27.6,a,,,2.8,79.12121212121212,0.018629407850964737,4.274997386392899,3.758255278071333,,3.7955140937732628,1.0441790032013891,12.210833711078747,10.772102862714256,1
153,220362,Disasi,DEF,Chelsea,Fulham,0,3,45,0.1,a,,,1.7,89.57142857142857,0.22580645161290322,3.351336855245425,3.335378108315685,,3.7869910115414913,-0.0012471947748085824,10.923711075864814,11.323306307300788,1
503,491279,Van de Ven,DEF,Spurs,Brentford,0,3,50,7.4,a,,,2.2,86.88571428571429,0.22580645161290322,3.40697874303909,3.289086462724404,,3.7406993659502104,0.2909087586473954,7.939520077726283,8.116400381437117,1
542,484420,E.Le Fée,MID,Sunderland,Ipswich Town,0,2,60,12.7,a,,,2.1,81.38888888888889,0.16666666666666666,3.707394036896595,3.352674237070069,,3.6860075704034023,1.1328301230523974,8.600456934644777,8.110907042749753,1
452,208706,Bruno G.,MID,Arsenal,Coventry City,1,2,70,10.2,a,,,2.5,84.6896551724138,0.09923664122137404,3.6973444638841793,3.4791869744442696,,3.677660256887018,0.948097232854934,10.189466599781765,9.786722312735474,1
67,499604,Rayan,MID,Bournemouth,Man City,0,5,65,3.3,a,,,2.3,74.0,0.06779661016949153,4.303001329624731,3.538023315469223,,3.6736165358082062,1.2600901097025516,12.578849881649814,10.47820312302883,1
91,231065,Pinnock,DEF,Brentford,Spurs,1,3,45,0.1,a,,,1.7,79.5,0.3023255813953488,3.4284890240478654,3.028498637908948,,3.6331498006996457,-0.0012467176337236493,10.992509094549277,10.314700862975892,1
109,489639,Verbruggen,GK,Brighton,Aston Villa,1,3,45,18.4,a,,,1.9,90.0,0.0,3.6268369341536086,3.6268369341536086,,3.6268369341536086,0.09713548448625768,8.440383136271302,8.440383136271302,1
544,84450,Xhaka,MID,Sunderland,Ipswich Town,0,2,55,5.0,a,,,2.0,85.32352941176471,0.2,3.3557561424418054,3.1813884213149275,,3.5813884213149274,-0.00047646946363647403,7.825114740684319,7.818515641413469,1
351,449027,Mamardashvili,GK,Liverpool,Newcastle,0,3,50,0.2,a,,,2.6,86.7,0.0,3.704876635769028,3.569031159124164,,3.569031159124164,-0.0005265269609766922,11.991439307377814,11.551753199440627,1
529,498016,Roefs,GK,Sunderland,Ipswich Town,0,2,50,4.8,a,,,2.6,90.0,0.0,3.5656948202430074,3.5656948202430074,,3.5656948202430074,0.3017746375038781,7.749307552886726,7.749307552886726,1
201,247348,Muñoz,DEF,Crystal Palace,Everton,0,3,55,11.3,a,,,2.5,82.75862068965517,0.04337631887456037,3.760585304982195,3.4580094758456963,,3.544762113594817,-0.00047026865185027003,12.44707741290249,11.532341063406582,1
250,80201,Leno,GK,Fulham,Chelsea,1,4,45,3.3,a,,,1.9,90.0,0.0,3.540163136180307,3.540163136180307,,3.540163136180307,0.0896280680349508,8.146811406376305,8.146811406376305,1
2,109745,Arrizabalaga,GK,Arsenal,Coventry City,1,2,50,0.1,a,,,2.6,90.0,0.0,3.5374500861716642,3.5374500861716642,,3.5374500861716642,0.3369019825113702,11.127922940075527,11.127922940075527,1
140,215059,Sánchez,GK,Chelsea,Fulham,0,3,50,2.1,a,,,2.6,86.85714285714286,0.0,3.658609995485579,3.5308490115162416,,3.5308490115162416,0.3079260667271307,7.995484516867978,7.716277121040842,1
159,486672,Caicedo,MID,Chelsea,Fulham,0,3,55,4.1,a,,,2.0,84.72727272727273,0.2,3.3164683368686423,3.122170191880379,,3.5221701918803787,0.20435295495821387,8.045705290830021,7.97434073843796,1
94,513418,Schade,MID,Brentford,Spurs,1,3,60,2.4,a,,,2.1,78.4,0.003367003367003367,4.030032932058452,3.5106064652598072,,3.517340471993814,0.3000125411977319,8.988797107670123,7.836975042748871,1
387,472769,O'Reilly,DEF,Man City,Bournemouth,1,3,65,22.1,a,,,3.1,77.73529411764706,0.04337631887456037,3.96990101456308,3.4289046998334056,,3.5156573375825264,0.8494307146259115,10.24067892959265,8.931888066152185,1
525,551226,Fernandes,MID,Spurs,Brentford,0,3,60,2.7,a,,,2.1,83.80555555555556,0.2,3.3033639206014835,3.0760027618687276,,3.4760027618687275,1.092067777791197,9.054664057049527,8.831457240777292,1
33,149484,Mings,DEF,Aston Villa,Brighton,0,3,45,0.3,a,,,1.7,77.76470588235294,0.2756756756756757,3.374740031123912,2.9159518438861514,,3.467303195237503,0.0070927774290888024,10.434285871781016,9.567119928145145,1
69,503139,Scott,MID,Bournemouth,Man City,0,5,60,1.6,a,,,2.1,76.97297297297297,0.06779661016949153,3.876384056477031,3.3152978356896647,,3.450891056028648,0.27373634062408037,7.280847413189121,6.362576233180609,1
61,494521,Truffert,DEF,Bournemouth,Man City,0,5,55,4.9,a,,,2.5,88.89473684210526,0.09923664122137404,3.2904154218902093,3.2500068114459433,,3.4484800938886915,1.1902476753939053,9.96291249582376,10.039034221300252,1
57,457569,Petrović,GK,Bournemouth,Man City,0,5,45,3.7,a,,,1.9,90.0,0.0,3.439206982161642,3.439206982161642,,3.439206982161642,0.09552486276375709,8.962946177587536,8.962946177587536,1
412,465247,Lammens,GK,Man Utd,Hull City,0,2,50,19.2,a,,,2.6,90.0,0.0,3.3950031371662908,3.3950031371662908,,3.3950031371662908,0.20447641943483796,7.793351613237374,7.793351613237374,1
491,482973,Igor Jesus,FWD,Nott'm Forest,Leeds,1,2,60,5.4,a,,,2.0,66.84964190602271,0.018629407850964737,4.508914787595735,3.349103765950504,,3.3863625816524334,0.9894961154187218,8.560847223781835,6.396031830390644,1
116,83299,Dunk,DEF,Brighton,Aston Villa,1,3,45,0.9,a,,,1.7,85.96969696969697,0.09923664122137404,3.3229220173295966,3.1741177653751063,,3.3725910478178545,-0.00045119688310188015,8.04585963862527,7.884030115701971,1
231,106611,Keane,DEF,Everton,Crystal Palace,1,3,50,1.7,a,,,2.2,78.42424242424242,0.16666666666666666,3.4682076323496602,3.0221284015221954,,3.355461734855529,0.18824415854857654,8.055115096515994,7.3524033231593915,1
526,154566,Solanke,FWD,Spurs,Brentford,0,3,60,2.0,a,,,2.0,66.46666666666667,0.011235955056179775,4.507771713796436,3.3290728878926275,,3.351544798004987,-0.0005265269609766922,15.908344757768463,11.771079112701367,1
84,432830,Collins,DEF,Brentford,Spurs,1,3,55,2.0,a,,,2.5,84.88571428571429,0.2756756756756757,2.9615518587344476,2.793260499142871,,3.3446118504942226,0.26862584966433856,7.394771718530991,7.525912232543597,1
442,98747,Pope,GK,Newcastle,Liverpool,1,4,50,1.2,a,,,2.6,89.48148148148148,0.0,3.360112642102672,3.340753968444467,,3.340753968444467,0.21164167207487616,8.897272362418343,8.846012357038155,1
472,575476,Murillo,DEF,Nott'm Forest,Leeds,1,2,55,0.9,a,100.0,,2.5,85.2,0.2,3.098010650868606,2.9327834161556137,,3.3327834161556136,-0.0005265269609766922,12.23518958321819,11.982646138779886,1
372,243016,Mac Allister,MID,Liverpool,Newcastle,0,3,55,1.9,a,,,2.0,74.10625679984062,0.04337631887456037,3.9419243552219307,3.2457917617069176,,3.3325443994560384,0.7222977731595414,7.826896658110466,6.53144167876855,1
233,224967,Mykolenko,DEF,Everton,Crystal Palace,1,3,45,1.3,a,,,1.7,89.66666666666667,0.09923664122137404,3.142748633354338,3.1311088236011737,,3.329582106043922,-1.200537919856673e-13,7.73119496175539,7.90103418878423,1
198,172649,Henderson,GK,Crystal Palace,Everton,0,3,50,3.2,a,,,2.6,90.0,0.0,3.326495641769105,3.326495641769105,,3.326495641769105,7.934229181067724e-05,8.113206718298919,8.113206718298919,1
31,199798,Konsa,DEF,Aston Villa,Brighton,0,3,45,15.8,a,,,1.7,89.26470588235294,0.2756756756756757,2.7733814167971853,2.7507230718887117,,3.302074423240063,-0.0004675849664705393,7.48825362938032,7.9784264380079755,1
256,167074,Tete,DEF,Fulham,Chelsea,1,4,45,0.2,a,,,1.7,81.4090909090909,0.09923664122137404,3.4145932901783778,3.0886548397522597,,3.287128122195008,-0.000855138045381082,8.742538155399872,8.106496432099904,1
232,512462,O'Brien,DEF,Everton,Crystal Palace,1,3,50,0.5,a,,,2.2,84.27027027027027,0.030360531309297913,3.432893890837267,3.214343288777958,,3.2750643513965536,0.0,8.52727012852071,8.045113933707958,1
389,465351,Matheus N.,DEF,Man City,Bournemouth,1,3,60,4.5,a,,,2.8,84.1470588235294,0.0860655737704918,3.2961042402536997,3.081749748812364,,3.2538808963533477,0.21083603420292651,9.518305171263847,9.07143542694813,1
149,460028,Colwill,DEF,Chelsea,Fulham,0,3,50,1.8,a,,,2.2,75.0,0.2756756756756757,3.2345477195861245,2.695456432988437,,3.2468077843397887,0.3369019825113511,10.394541958543366,9.21346965013749,1
335,466525,Stach,MID,Leeds,Nott'm Forest,0,3,60,1.1,a,,,2.1,81.6896551724138,0.04337631887456037,3.4807400756000124,3.1593384057840725,,3.2460910435331933,1.0850521077999165,9.28012581114799,8.509977942963522,1
445,465642,Thiaw,DEF,Newcastle,Liverpool,1,4,50,2.0,a,,,2.2,84.65714285714286,0.09923664122137404,3.229944258270133,3.0381983610331442,,3.2366716434758924,-0.00045083610293376934,8.200898853957124,7.912525125069719,1
431,493250,Amad,MID,Man Utd,Hull City,0,2,60,1.7,a,,,2.1,73.09375,0.04337631887456037,3.8782485783611054,3.149730355828689,,3.23648299357781,0.41203800219357267,9.547149118902478,7.840496314524431,1
499,441164,Pedro Porro,DEF,Spurs,Brentford,0,3,55,23.2,a,,,2.5,82.1470588235294,0.09923664122137404,3.2971621968121445,3.0094686325804965,,3.2079419150232447,1.0860133846654973,9.013361314036548,8.425374638685911,1
156,247632,Neto,MID,Chelsea,Fulham,0,3,65,1.4,a,,,2.3,77.32352941176471,0.04337631887456037,3.6255073428315163,3.114855818400019,,3.2016084561491396,1.1462817585888103,9.210185776334205,7.999686757351286,1
203,651426,Canvot,DEF,Crystal Palace,Everton,0,3,50,0.6,a,,,2.2,66.55,0.2756756756756757,3.5414494789680333,2.6187051425035848,,3.1700564938549363,0.2910516573765579,9.099400580618266,7.279852558464079,1
494,184254,Vicario,GK,Spurs,Brentford,0,3,45,1.4,a,,,1.9,90.0,0.0,3.153381759761655,3.153381759761655,,3.153381759761655,-0.0007645385898179102,8.520616929001262,8.520616929001262,1
398,209244,Foden,MID,Man City,Bournemouth,1,3,70,5.9,a,,,2.5,62.96969696969697,0.007692307692307693,4.469597340455925,3.127213223389701,,3.1425978387743165,1.0566065874120063,10.941692193053747,7.670885079076766,1
497,67089,Dubravka,GK,Spurs,Brentford,0,3,40,22.3,a,,,1.0,90.0,0.0,3.107936284822052,3.107936284822052,,3.107936284822052,0.11062651386000016,7.761435782297342,7.761435782297342,1
19,481655,Zubimendi,MID,Arsenal,Coventry City,1,2,55,1.4,a,,,2.0,78.71052631578948,0.09923664122137404,3.317795838867499,2.901616185395523,,3.1000894678382713,0.09273497652040728,8.428193620672358,7.569446124381645,1
136,50175,Welbeck,FWD,Chelsea,Fulham,0,3,60,2.4,a,,,2.0,60.78378378378378,0.003367003367003367,4.5785671150175915,3.0922514839863555,,3.0989854907203624,0.0,10.434314360085525,7.053812984461438,1
29,72147,M.Bizot,GK,Aston Villa,Brighton,0,3,45,0.1,a,,,1.9,83.57142857142857,0.0,3.3358727023094765,3.0975960807159426,,3.0975960807159426,-0.0012471947748085824,11.493855269429577,10.672865607327465,1
390,171314,Rúben,DEF,Man City,Bournemouth,1,3,55,1.6,a,,,2.5,82.26923076923077,0.08415841584158416,3.110454204945208,2.8432741642640176,,3.011590995947186,-0.0004859058031285366,9.040213453327794,8.4319991294046,1
113,231416,F.Kadıoğlu,DEF,Brighton,Aston Villa,1,3,45,3.2,a,,,1.7,84.5945945945946,0.06779661016949153,3.0363045896674477,2.8539439536513846,,2.989537173990368,0.11226797538972048,7.944178731364048,7.602644099969455,1
449,487838,Hall,DEF,Newcastle,Liverpool,1,4,50,3.9,a,,,2.2,72.53333333333333,0.04337631887456037,3.5799319161539427,2.8851599442781404,,2.971912582027261,0.15802489232817382,9.950242781260773,8.105911264424469,1
4,226597,Gabriel,DEF,Arsenal,Coventry City,1,2,80,27.4,a,,,4.0,72.33683174965516,0.09923664122137404,3.4498423863164622,2.7727852029089197,,2.971258485351668,-0.00026302490994587965,7.3798485209339075,6.129971735739832,1
9,448104,Hincapie,DEF,Arsenal,Coventry City,1,2,55,3.7,a,,,2.5,71.48,0.24696326348216552,3.099608709459142,2.4617781172459945,,2.9557046442103254,0.2170931402765951,8.45226541535251,7.206903547957636,1
326,201595,Perri,GK,Leeds,Nott'm Forest,0,3,45,0.7,a,,,1.9,90.0,0.0,2.930438553195821,2.930438553195821,,2.930438553195821,-0.0007935768636393033,11.826770189355488,11.826770189355488,1
536,434399,Reinildo,DEF,Sunderland,Ipswich Town,0,2,45,0.5,a,,,1.7,78.64,0.1409691629955947,2.9569205135313634,2.5836914353789604,,2.86562976137015,-0.0007910050817071093,7.439159382194146,6.7821104794994955,1
144,482609,Gusto,DEF,Chelsea,Fulham,0,3,50,1.1,a,,,2.2,66.32352941176471,0.16666666666666666,3.434952293305697,2.531312882811878,,2.8646462161452115,0.0,6.604712440850738,5.200531553633469,1
467,85633,Sels,GK,Nott'm Forest,Leeds,1,2,50,1.5,a,,,2.6,86.03225806451613,0.0,2.9846777972776324,2.8530952277202313,,2.8530952277202313,0.1973557771617191,7.589594276012953,7.254999259543565,1
123,532529,Hinshelwood,MID,Brighton,Aston Villa,1,3,60,0.3,a,,,2.1,68.76892257858664,0.007692307692307693,3.6800321286231257,2.8119093837777234,,2.8272939991623387,0.935657851711235,8.49583405018491,6.507044104692241,1
257,232892,Bassey,DEF,Fulham,Chelsea,1,4,45,0.6,a,,,1.7,84.4,0.09923664122137404,2.7971288182279004,2.623085247315942,,2.8215585297586903,-0.0007360382555270396,7.6725474933133375,7.39361782061659,1
206,515621,Chadi Riad,DEF,Crystal Palace,Everton,0,3,45,0.1,a,,,1.7,61.111111111111114,0.2756756756756757,3.3376684480216565,2.266318081990014,,2.8176694333413654,-0.0012471947748276687,9.733130132390567,7.160266873344946,1
458,180974,Joelinton,MID,Newcastle,Liverpool,1,4,55,0.1,a,100.0,,2.0,72.22222222222223,0.05405405405405406,3.3731347098784163,2.7068364955814457,,2.814944603689554,0.21340992971153344,8.092843323224528,6.602365095880878,1
447,220237,Botman,DEF,Newcastle,Liverpool,1,4,50,0.4,a,,,2.2,73.36,0.2756756756756757,2.7731855713012314,2.2604543723406483,,2.8118057236919998,0.2175743485622488,7.375167403126277,6.562932247944058,1
448,78916,Burn,DEF,Newcastle,Liverpool,1,4,50,2.6,a,,,2.2,75.6896551724138,0.0860655737704918,3.1201116433717524,2.624001937624903,,2.7961330851658865,-0.00031325180456747375,8.152024250398014,7.0279523083163244,1
338,199598,Ampadu,MID,Leeds,Nott'm Forest,0,3,55,1.6,a,,,2.0,89.11428571428571,0.2,2.4115273765734733,2.387794884931004,,2.787794884931004,0.30409697270834524,8.370795386366437,8.688416130183148,1
97,207283,Jensen,MID,Brentford,Spurs,1,3,55,0.2,a,,,2.0,62.19444444444444,0.09923664122137404,3.712858187731744,2.5657683587442515,,2.7642416411869997,0.8393050773342268,6.099751712448321,4.413702938051325,1
60,463981,Hill,DEF,Bournemouth,Man City,0,5,55,1.1,a,,,2.5,72.48275862068965,0.2,2.9271221696749183,2.3573987741979607,,2.7573987741979606,0.17508172453556908,7.798594908959426,6.680707470740503,1
419,221820,Martinez,DEF,Man Utd,Hull City,0,2,50,0.4,a,100.0,,2.2,68.27777777777777,0.2,3.088825887593817,2.343312972748642,,2.743312972748642,0.2909824918246144,9.737077920371881,7.786956027245087,1
329,214225,Rodon,DEF,Leeds,Nott'm Forest,0,3,45,2.0,a,,,1.7,84.34285714285714,0.16666666666666666,2.5470865280078785,2.3869839462473834,,2.720317279580717,-0.0004661973281250568,7.546724566847946,7.405692355979408,1
55,178301,Watkins,FWD,Aston Villa,Brighton,0,3,80,12.5,a,,,2.5,76.56756756756756,0.003367003367003367,3.161011553774456,2.689232952505415,,2.695966959239422,1.0242473308674125,10.674619096623502,9.08817421716475,1
83,507433,Valdimarsson,GK,Brentford,Spurs,1,3,45,0.1,a,,,1.9,90.0,0.0,2.690210465104964,2.690210465104964,,2.690210465104964,0.0,10.918744508934605,10.918744508934605,1
516,202993,Bentancur,MID,Spurs,Brentford,0,3,55,0.2,a,,,2.0,72.3076923076923,0.09923664122137404,3.100282621936764,2.4908253543765455,,2.6892986368192937,0.20761972918289912,7.414581752569294,6.155487681942865,1
423,106760,Shaw,DEF,Man Utd,Hull City,0,2,45,24.0,a,,,1.7,84.73684210526316,0.08415841584158416,2.6692214702173165,2.513126647397591,,2.6814434790807593,0.0895592973235874,6.366592396518356,6.16259388337589,1
459,547719,L.Miley,MID,Newcastle,Liverpool,1,4,55,0.0,a,100.0,,2.0,64.91304347826087,0.10204081632653061,3.4189395314779865,2.4659307828486154,,2.6700124155016765,0.22014123817254685,9.299193878076068,6.911181371767829,1
82,200720,Kelleher,GK,Brentford,Spurs,1,3,50,5.7,a,,,2.6,90.0,0.0,2.6444884569201466,2.6444884569201466,,2.6444884569201466,0.288910997647648,7.133749857498816,7.133749857498816,1
105,444180,Anthony,MID,Brentford,Spurs,1,3,60,0.2,a,,,2.1,73.43243243243244,0.030360531309297913,3.147909057764935,2.568429102086285,,2.6291501647048805,1.0006272988494125,8.079901318217358,6.653241147182128,1
534,487676,Hume,DEF,Sunderland,Ipswich Town,0,2,45,5.4,a,,,1.7,79.78947368421052,0.05,2.787123289852854,2.470923337670717,,2.5709233376707172,0.13868894736112217,5.911998718659228,5.341280735372742,1
337,427637,Aaronson,MID,Leeds,Nott'm Forest,0,3,55,0.9,a,,,2.0,66.1891891891892,0.018629407850964737,3.4348346923395496,2.5260991476094765,,2.563357963311406,-0.0003232755067956801,8.343370600339709,6.173269206161974,1
418,95658,Maguire,DEF,Man Utd,Hull City,0,2,50,10.4,a,,,2.2,71.69565217391305,0.2756756756756757,2.507996966007326,1.9979164236454496,,2.549267774996801,0.3185544223356825,6.512902650146348,5.739649162989674,1
254,169528,Robinson,DEF,Fulham,Chelsea,1,4,45,2.4,a,,,1.7,67.5909090909091,0.09923664122137404,3.1244366255543143,2.346483465757205,,2.544956748199953,-0.00012068365940341,8.664662147453736,6.705722077020377,1
47,226944,Kamara,MID,Aston Villa,Brighton,0,3,50,0.2,a,100.0,,1.5,78.33333333333333,0.09923664122137404,2.682386840733796,2.334670028046082,,2.53314331048883,0.23607369930907607,7.160348839772073,6.430628754096219,1
88,607464,Kayode,DEF,Brentford,Spurs,1,3,45,3.7,a,,,1.7,88.05405405405405,0.05405405405405406,2.4759647940937923,2.4224304201674403,,2.5305385282755486,2.0606021663547535e-07,7.034340530602731,6.990354789400509,1
327,434752,Bijol,DEF,Leeds,Nott'm Forest,0,3,50,0.3,a,,,2.2,75.52,0.2,2.5196070378763036,2.11423026111576,,2.51423026111576,-0.0005048470210575146,7.22371794524842,6.461501991390674,1
455,432422,Tonali,MID,Spurs,Brentford,0,3,55,4.2,a,,,2.0,72.4,0.2,2.628044093899113,2.1141154710921755,,2.5141154710921754,-0.0003604329982966116,8.806839350142768,7.484612988337072,1
514,511499,Tel,MID,Spurs,Brentford,0,3,60,0.5,a,,,2.1,60.11558566967003,0.04337631887456037,3.624605868009014,2.421058939745384,,2.507811577494505,0.9375657062894516,7.598897358510426,5.1624433616442635,1
432,516895,Mainoo,MID,Man Utd,Hull City,0,2,55,1.2,a,,,2.0,61.559567373406615,0.22580645161290322,2.9166640782810904,1.994984209250441,,2.4465971124762476,0.2891716141388574,6.478295699069316,4.8827360204670045,1
527,212319,Richarlison,FWD,Spurs,Brentford,0,3,60,2.1,a,,,2.0,61.379204123271066,0.003367003367003367,3.5340687144440976,2.4102036112170047,,2.4169376179510116,0.983839535009288,8.604844257414152,5.875161697009341,1
265,207189,Berge,MID,Fulham,Chelsea,1,4,50,0.4,a,,,1.5,82.97142857142858,0.05405405405405406,2.5010131321692013,2.3056959161331303,,2.413804024241238,0.325998384894401,6.200775108456468,5.824632208094642,1
501,135720,Danso,DEF,Spurs,Brentford,0,3,50,0.2,a,,,2.2,62.041666666666664,0.16666666666666666,2.965363347313332,2.044178714884051,,2.3775120482173846,0.25734727639358956,8.149530294140959,5.95122713332217,1
114,204120,Boscagli,DEF,Brighton,Aston Villa,1,3,45,0.2,a,,,1.7,66.58333333333333,0.1409691629955947,2.826428531592236,2.091033700687219,,2.3729720266784082,-0.0007930997225543704,11.048339197948623,8.45566334373281,1
393,578153,Khusanov,DEF,Man City,Bournemouth,1,3,55,1.9,a,,,2.5,67.95238095238095,0.09923664122137404,2.873181360836073,2.1693279375201455,,2.3678012199628937,0.22307605508604905,9.672254660895328,7.501281431171654,1
95,533463,O.Dango,MID,Brentford,Spurs,1,3,65,1.4,a,,,2.3,70.96875,0.003367003367003367,2.9889512819751958,2.356912625474191,,2.363646632208198,0.9867666784852737,8.047794686181154,6.352755441566438,1
470,485047,Morato,DEF,Nott'm Forest,Leeds,1,2,50,0.1,a,,,2.2,63.80952380952381,0.22580645161290322,2.6661002440088843,1.8902509666518015,,2.3418638698776078,0.3843087263599591,6.8116024934135515,5.281003030831181,1
373,206915,C.Jones,MID,Liverpool,Newcastle,0,3,55,0.2,a,,,2.0,71.08091382945307,0.2756756756756757,2.2136477151751888,1.7483122499014807,,2.299663601252832,0.9244903338418581,6.271593927067961,5.504580545831784,1
505,232859,Spence,DEF,Spurs,Brentford,0,3,45,5.8,a,,,1.7,68.3,0.02456140350877193,2.840945902662291,2.1559622794648274,,2.2050850864823714,-0.0007377555374066909,7.725457604663972,5.911886744779202,1
463,470313,Woltemade,FWD,Newcastle,Liverpool,1,4,60,1.7,a,,,2.0,56.16761035572421,0.011235955056179775,3.488212826595603,2.1769397653562357,,2.1994116754685953,0.30244092832063124,8.168059814420506,5.120031921430359,1
506,487053,Udogie,DEF,Spurs,Brentford,0,3,45,0.5,a,,,1.7,66.75,0.05,2.8247381788924217,2.095014149345213,,2.195014149345213,-0.0010987459964913208,10.284465659467227,7.72764536410486,1
417,216051,Dalot,DEF,Man Utd,Hull City,0,2,50,3.1,a,,,2.2,76.73529411764706,0.0860655737704918,2.369221657328731,2.0200324522779933,,2.192163599818977,-0.00045117897131547423,6.5139374633874185,5.726007893285354,1
488,210462,Sangaré,MID,Nott'm Forest,Leeds,1,2,50,0.7,a,,,1.5,74.03571428571429,0.2,2.1694329389123976,1.7846168580815083,,2.184616858081508,-0.007180971799453117,5.967571672869177,5.30903812613405,1
8,466075,Calafiori,DEF,Arsenal,Coventry City,1,2,55,18.3,a,,,2.5,65.26923076923077,0.02456140350877193,2.9419670922334316,2.1335547673162965,,2.1826775743338405,-0.0003489881319139744,9.035999181439974,6.6021529826173895,1
222,247412,Strand Larsen,FWD,Crystal Palace,Everton,0,3,60,0.6,a,,,2.0,63.916666666666664,0.018629407850964737,3.0038205307685826,2.133268839906947,,2.1705276556088764,0.10726528616256961,7.429583104451811,5.313638668585762,1
545,577669,Sadiki,MID,Sunderland,Ipswich Town,0,2,50,0.4,a,,,1.5,87.60606060606061,0.10204081632653061,1.9911657638234233,1.9382020953580865,,2.1422837280111477,-0.0005305767699554201,5.826988776416796,5.876076431515337,1
127,514254,Gomez,MID,Brighton,Aston Villa,1,3,50,2.8,a,,,1.5,66.15625,0.007692307692307693,2.888533403177139,2.12327264393264,,2.1386572593172555,0.0,8.339392280745765,6.145417066196693,1
41,195546,Buendía,MID,Aston Villa,Brighton,0,3,60,1.2,a,,,2.1,59.107661398492134,0.09923664122137404,2.872875296950561,1.8867660032471814,,2.0852392856899296,0.41685835394726717,7.160614737011205,4.901219852223983,1
269,184349,Sessegnon,DEF,Fulham,Chelsea,1,4,45,0.4,a,,,1.7,67.25925925925925,0.09923664122137404,2.388377051457674,1.7848941256984097,,1.9833674081411576,-0.0007628895872656334,8.190711047361644,6.319597258578034,1
394,494307,Alleyne,DEF,Man City,Bournemouth,1,3,50,0.0,a,,,2.2,67.5,0.05,2.5051439944482357,1.8788579958361766,,1.9788579958361767,-0.0005265269609766922,7.604766090515849,5.803574567886886,1
86,249231,Lewis-Potter,MID,Brentford,Spurs,1,3,55,0.5,a,,,2.0,67.72729774171306,0.04337631887456037,2.5065562957558765,1.8862476061002627,,1.9730002438493834,0.2830880557063366,7.002002573260687,5.355938338498761,1
130,467779,Wieffer,DEF,Brighton,Aston Villa,1,3,50,0.3,a,,,2.2,73.11538461538461,0.030360531309297913,2.2922235881586808,1.8621867696964325,,1.9229078323150284,-0.004637277041880448,7.462338384473251,6.123073741628703,1
336,435997,Okafor,MID,Leeds,Nott'm Forest,0,3,60,0.6,a,,,2.1,54.96942340796976,0.003367003367003367,3.12899570135521,1.9111009949945759,,1.9178350017285826,0.9907104960641243,8.848199454268103,5.410960920065455,1
482,209046,Hudson-Odoi,MID,Nott'm Forest,Leeds,1,2,60,0.1,a,100.0,,2.1,62.432271026005886,0.02456140350877193,2.6673436664116945,1.8503146966768351,,1.899437503694379,0.9136799825170184,7.325621820178645,5.130847328255497,1
214,209400,Kamada,MID,Crystal Palace,Everton,0,3,50,0.3,a,,,1.5,67.82142857142857,0.09375,2.270413509963655,1.7109187521511828,,1.8984187521511828,-0.0005265269609766922,5.990425574449624,4.701713557888824,1
552,441264,Brobbey,FWD,Sunderland,Ipswich Town,0,2,60,15.9,a,,,2.0,61.935483870967744,0.018629407850964737,2.697577089346055,1.8563971367542744,,1.893655952456204,0.9824934567805393,7.9792470198647205,5.528353539049695,1
571,216055,Florentino,MID,Ipswich Town,Sunderland,1,2,50,0.1,a,,,1.5,67.74193548387096,0.2756756756756757,1.778090191966441,1.3383474563188262,,1.8896988076701775,0.1954637573838808,5.711588478755095,4.850396442887443,1
352,155503,Woodman,GK,Liverpool,Newcastle,0,3,40,1.2,a,,,1.0,70.66666666666667,0.0,2.3658268611112265,1.857612202057704,,1.857612202057704,-0.0012471947748276687,10.500209957329858,8.24460929982937,1
405,465694,N.Gonzalez,MID,Man City,Bournemouth,1,3,55,0.1,a,,,2.0,62.44,0.0860655737704918,2.4277636179085356,1.6843284478023217,,1.8564595953433054,0.20120248064778296,7.066966709696487,5.075035607023746,1
142,225796,James,DEF,Chelsea,Fulham,0,3,55,8.3,a,,,2.5,55.655520701158,0.09923664122137404,2.6534878670074056,1.6409027656944695,,1.8393760481372174,-0.0002632634804883461,6.498204609325835,4.216928406383797,1
209,242898,Johnson,MID,Everton,Crystal Palace,1,3,60,0.2,a,,,2.1,54.26972769558293,0.05405405405405406,2.863189149223181,1.72649439410322,,1.8346025022113281,-0.0002632634804883461,6.649045348160316,4.117462335666361,1
204,244723,Mitchell,DEF,Crystal Palace,Everton,0,3,45,6.9,a,,,1.7,65.38047289462331,0.05405405405405406,2.3370396102871314,1.6977417210448758,,1.8058498291529839,-0.0002632634804883461,5.5283095211570785,4.124146894786978,1
102,508395,Yarmoliuk,MID,Brentford,Spurs,1,3,50,1.5,a,,,1.5,71.67567567567568,0.22580645161290322,1.6914237429829988,1.3470437736909648,,1.7986566769167713,0.2484424069925528,4.663218136735268,4.165383022932092,1
533,200834,Mukiele,DEF,Sunderland,Ipswich Town,0,2,55,3.9,d,75.0,Knock - 75% chance of playing,1.9,55.520966313442706,0.20675675675675675,2.2048325145311134,1.3601603529562791,,1.7736738664697926,0.6046903493494904,5.313275000675846,3.691270872697746,1
366,494595,Wirtz,MID,Liverpool,Newcastle,0,3,75,14.9,a,,,2.6,49.766598537492875,0.018629407850964737,3.1194937161444654,1.7249621267954818,,1.7622209424974113,0.00013352495133130558,7.899358118687744,4.405305306775463,1
330,226182,Bogle,DEF,Leeds,Nott'm Forest,0,3,45,0.5,a,,,1.7,82.20588235294117,0.02456140350877193,1.8544208604374848,1.6938255898440424,,1.7429483968615862,-0.0007435801086920159,7.363927947269349,6.775324968003763,1
96,440089,Damsgaard,MID,Brentford,Spurs,1,3,55,0.6,a,,,2.0,54.48571401079319,0.10204081632653061,2.5315851170150565,1.5326135853295864,,1.7366952179826476,-0.0043873121429348905,5.891029014690114,3.7704918784718426,1
267,212314,Lukić,MID,Ipswich Town,Sunderland,1,2,50,0.1,a,,,1.5,66.53846153846153,0.2,1.78459989036674,1.319383679630111,,1.719383679630111,0.21372122098067062,6.319623119477579,5.0721999985881245,1
258,166477,Castagne,DEF,Fulham,Chelsea,1,4,45,0.3,a,,,1.7,61.266666666666666,0.04337631887456037,2.3881272092488794,1.6256954854072,,1.712448123156321,0.017999699194496555,6.264862354394686,4.35149967751854,1
332,220627,Justin,DEF,Leeds,Nott'm Forest,0,3,45,0.6,a,,,1.7,66.8859285538865,0.08415841584158416,2.0466853507048266,1.5210494459947685,,1.6893662776779368,-0.0003967884318196517,6.23456235457473,4.801700078492455,1
16,248857,Madueke,MID,Arsenal,Coventry City,1,2,65,0.3,a,,,2.3,48.26376884807137,0.04337631887456037,2.959738587596243,1.587201544916248,,1.6739541826653688,0.25188350073746923,8.080279850440805,4.419916625853607,1
202,427623,Richards,DEF,Crystal Palace,Everton,0,3,50,0.8,a,,,2.2,53.57968345973252,0.2,2.1047216163691496,1.253003533065729,,1.653003533065729,0.0,5.4719565514706945,3.6576188881467706,1
421,606745,Heaven,DEF,Man Utd,Hull City,0,2,45,0.3,a,,,1.7,48.34589846707132,0.22580645161290322,2.220227254165029,1.192654237818745,,1.6442671410445515,-0.0003967884318196517,5.962605915315241,3.654585571903468,1
399,466052,Cherki,MID,Man City,Bournemouth,1,3,75,8.7,a,,,2.6,48.59417658329883,0.018629407850964737,2.9274819028194266,1.580650805889099,,1.6179096215910285,0.00013352495133130558,7.420455094417017,4.043824428885707,1
87,191866,Ajer,DEF,Brentford,Spurs,1,3,45,2.0,a,,,1.7,66.85185185185185,0.2756756756756757,1.4084803847765635,1.0462169113258013,,1.5975682626771528,-0.0007828404575069085,5.965812410324208,4.9827469894728305,1
18,444145,Martinelli,MID,Arsenal,Coventry City,1,2,65,0.3,a,,,2.3,48.39541383256027,0.007692307692307693,2.9408899182478803,1.58139538477345,,1.5967800001580654,0.011659707442086331,7.577768482339138,4.090153966830557,1
347,174594,Nmecha,FWD,Leeds,Nott'm Forest,0,3,55,0.6,a,,,1.8,46.366453495565814,0.003367003367003367,3.0856279623461496,1.5896625046748918,,1.5963965114088985,0.011659707442076788,6.980678152803484,3.6030594393948405,1
262,209289,Smith Rowe,MID,Fulham,Chelsea,1,4,55,0.4,a,,,2.0,50.825220821413076,0.04337631887456037,2.672129274429136,1.509017338180257,,1.5957699759293777,0.26396773181186556,6.687205675621903,3.86318269487901,1
162,532605,Andrey Santos,MID,Man Utd,Hull City,0,2,50,1.3,a,,,1.5,53.90913711969977,0.030360531309297913,2.4833354926890627,1.4874941509954653,,1.5482152136140612,0.17902517197018047,5.526019247758454,3.370753610990937,1
36,441302,Maatsen,DEF,Aston Villa,Brighton,0,3,45,0.8,a,,,1.7,53.91625216260496,0.2,1.886956503874283,1.1304180298083701,,1.53041802980837,-0.0006235973874042912,5.528751109801679,3.7121059886705483,1
115,465730,De Cuyper,DEF,Brighton,Aston Villa,1,3,45,1.4,a,,,1.7,48.03066142487622,0.04337631887456037,2.6853119412574467,1.4330812074523727,,1.5198338452014934,0.001161724968387048,6.162421769833178,3.375477010906275,1
403,510281,Savinho,MID,Man City,Bournemouth,1,3,65,0.1,a,,,2.3,45.28398140474546,0.003367003367003367,2.9929475524520335,1.5059175701179592,,1.512651576851966,0.3067085310931485,7.830923498776394,3.946905052295946,1
404,433036,Reijnders,MID,Man City,Bournemouth,1,3,60,0.3,a,,,2.1,42.926083131918446,0.003367003367003367,3.1303905841723605,1.4930600716839721,,1.4997940784179788,0.011663088127499211,8.061678219893192,3.851803667288579,1
456,232653,J.Ramsey,MID,Newcastle,Liverpool,1,4,50,0.4,a,,,1.5,56.612731941993864,0.04337631887456037,2.1865391872024182,1.3753995209528407,,1.4621521587019615,0.16821505921587368,6.166411100349211,3.9656124007291798,1
400,248875,Doku,MID,Man City,Bournemouth,1,3,75,6.5,a,,,2.6,45.112673207199435,0.018629407850964737,2.8061068258532735,1.4065664468801158,,1.4438252625820454,0.00468232626952992,7.552714553474201,3.823071521014605,1
190,469272,Tchaouna,MID,Coventry City,Arsenal,0,5,55,0.1,a,,,2.0,47.527980503119664,0.06779661016949153,2.4639222563776837,1.3011694329146797,,1.4367626532536628,0.8024152440945439,5.0822161444377025,2.8194539961775957,1
14,232413,Eze,MID,Arsenal,Coventry City,1,2,65,3.0,a,,,2.3,46.784551160069775,0.018629407850964737,2.6914770586207077,1.39910606827994,,1.4363648839818697,-0.0002632634804883461,7.038239506008123,3.6959352184314986,1
213,152551,Lerma,MID,Crystal Palace,Everton,0,3,50,0.1,a,,,1.5,54.07475141843524,0.2,1.7135854739442882,1.0295745393086546,,1.4295745393086547,0.16821482064533122,4.678435697633629,3.210947193074135,1
15,184029,Ødegaard,MID,Arsenal,Coventry City,1,2,65,2.9,a,,,2.3,50.57402534022995,0.04337631887456037,2.385913265559454,1.3407248661332736,,1.4274775038823944,0.4189572066811353,7.205503085521093,4.135767033707441,1
465,538207,Osula,FWD,Newcastle,Liverpool,1,4,60,1.2,a,,,2.0,47.12248950043958,0.003367003367003367,2.7078698601846525,1.417795211723423,,1.4245292184574296,0.9354918298321273,7.970371777799639,4.179886900222489,1
223,231747,Mateta,FWD,Crystal Palace,Everton,0,3,65,6.4,a,,,2.1,45.17340624314675,0.018629407850964737,2.7372101435083933,1.373878953172963,,1.4111377688748925,0.0017251263229990702,6.671412035990555,3.3858188836710412,1
260,153682,Wilson,MID,Leeds,Nott'm Forest,0,3,65,7.7,a,,,2.3,50.64009683129339,0.018629407850964737,2.438828871324981,1.372250335542789,,1.4095091512447186,0.0017251263229990702,7.015091801299393,3.984424683459859,1
238,114283,Grealish,MID,Man City,Bournemouth,1,3,65,0.1,d,75.0,Foot injury - 75% chance of playing,1.7,46.63492153342693,0.05084745762711865,2.4843922743269706,1.2873270974610038,,1.389022012715241,0.7031741007891817,6.640262408542337,3.54245176396242,1
328,222694,Struijk,DEF,Brighton,Aston Villa,1,3,50,0.4,d,75.0,Knock - 75% chance of playing,1.6,51.26915167935313,0.10572687224669602,2.052040619747232,1.1689597976223849,,1.380413542115777,0.0,4.866867064187219,2.98389980801631,1
211,488024,Yeremy,MID,Crystal Palace,Everton,0,3,55,0.2,a,,,2.0,45.89590761614619,0.018629407850964737,2.607752226073457,1.3298350583740772,,1.3670938740760068,0.0017217456375766475,5.523132849315179,2.8538054268560598,1
484,503301,Hutchinson,MID,Nott'm Forest,Leeds,1,2,55,0.2,a,,,2.0,50.20942855880551,0.018629407850964737,2.3790818091690684,1.3272482014780902,,1.3645070171800198,0.16821482064534077,5.686695734284717,3.209767073548958,1
502,122798,Robertson,DEF,Spurs,Brentford,0,3,45,2.4,a,,,1.7,50.66280749270187,0.02456140350877193,2.307603720284668,1.2989964783358312,,1.348119285353375,0.01773336143577242,6.452037958491148,3.6811045517580134,1
32,199796,Cash,DEF,Aston Villa,Brighton,0,3,45,8.5,a,,,1.7,62.09157773098184,0.05405405405405406,1.764126581016501,1.2170822525830811,,1.3251903606911892,0.0,4.87940588588197,3.4744415508220037,1
460,200089,Willock,MID,Newcastle,Liverpool,1,4,50,0.1,a,,,1.5,43.465111703816184,0.030360531309297913,2.610189182518395,1.2605796042917188,,1.3213006669103147,0.4239721389018982,5.471182431997782,2.7030050132712655,1
264,477555,Bobb,MID,Fulham,Chelsea,1,4,55,0.4,a,,,2.0,49.436156672134906,0.018629407850964737,2.3018219165211997,1.2643692099610653,,1.3016280256629948,0.1792613425805248,5.842814941994894,3.246662314354712,1
249,586309,Barry,FWD,Everton,Crystal Palace,1,3,55,1.1,a,,,1.8,40.52062336896466,0.003367003367003367,2.8581468093345244,1.286821004380581,,1.2935550111145877,0.08107188443746745,6.751980685387638,3.0466725217019657,1
26,219847,Havertz,FWD,Arsenal,Coventry City,1,2,75,3.2,a,,,2.3,34.87960550797219,0.003367003367003367,3.299471134169824,1.278713906053167,,1.2854479127871736,0.04816988852493928,6.886893243673365,2.6757575568989616,1
25,224117,Gyökeres,FWD,Arsenal,Coventry City,1,2,75,12.8,a,,,2.3,41.41526730243992,0.003367003367003367,2.729070971452573,1.2558355974448634,,1.26256960417887,0.00013376352187377205,6.48934851406498,2.99293515483059,1
369,611922,Ngumoha,MID,Liverpool,Newcastle,0,3,60,1.4,a,,,2.1,41.632247137675094,0.018629407850964737,2.5753773465241436,1.1913194018140338,,1.2285782175159634,0.18374858417706735,7.123008113350241,3.332223639464841,1
453,201666,Barnes,MID,Newcastle,Liverpool,1,4,60,1.2,a,,,2.1,39.72964557730934,0.003367003367003367,2.654201149339473,1.1716718994904929,,1.1784059062244996,0.00013376352187377205,7.944362128972644,3.5136972480882496,1
46,88894,Barkley,MID,Aston Villa,Brighton,0,3,50,0.2,a,,,1.5,45.2278079354348,0.02456140350877193,2.222289363456853,1.1167697389709577,,1.1658925459885014,0.30670876966370053,5.096535255675022,2.6102907812380103,1
379,219168,Isak,FWD,Liverpool,Newcastle,0,3,90,14.0,a,,,2.7,39.030491233491276,0.018629407850964737,2.5552714946856834,1.1081500185835524,,1.145408834285482,-0.00026302490994587965,7.011859048102368,3.0781066280067737,1
357,216094,Frimpong,DEF,Liverpool,Newcastle,0,3,55,2.9,a,,,2.5,43.05790158871671,0.018629407850964737,2.2723605748503095,1.087145311177604,,1.1244041268795335,-0.0002632634804883461,6.752895544823407,3.2679867246784826,1
11,500040,Mosquera,DEF,Arsenal,Coventry City,1,2,55,13.1,a,,,2.5,45.17205315950904,0.09923664122137404,1.8445130960934162,0.9257827070015823,,1.1242559894443303,0.1684509912556851,5.908693267161965,3.1641155754146753,1
210,496221,Wharton,MID,Crystal Palace,Everton,0,3,55,0.5,a,100.0,,2.0,39.00514350734959,0.04337631887456037,2.391030430821082,1.0362498342735136,,1.1230024720226344,0.0,5.398192753235157,2.4262780046410306,1
7,499169,Lewis-Skelly,MID,Arsenal,Coventry City,1,2,55,0.4,a,,,2.0,40.351928423121116,0.04337631887456037,2.262971294551526,1.014613952236899,,1.1013665899860199,0.1684509912556851,6.1585636812827556,2.84797398059751,1
345,248056,Tanaka,MID,Leeds,Nott'm Forest,0,3,50,0.3,a,,,1.5,48.81397089996763,0.09923664122137404,1.6593857323817955,0.9000134094700716,,1.0984866919128198,0.16821505921588323,5.497564254159855,3.180228188256764,1
395,477064,Lewis,DEF,Man City,Bournemouth,1,3,45,0.2,a,,,1.7,40.08400549704597,0.018629407850964737,2.37113322040604,1.0560501893442669,,1.0933090050461964,0.0,6.183671248018156,2.7913289523406504,1
27,205651,G.Jesus,FWD,Arsenal,Coventry City,1,2,60,0.4,a,,,2.0,32.00566060278364,0.003367003367003367,3.0164898227508967,1.0727194386524022,,1.0794534453864089,0.1340919637339377,7.756662229159417,2.765146214699646,1
422,230001,Mazraoui,DEF,Man Utd,Hull City,0,2,45,0.8,a,,,1.7,52.03455424485552,0.09923664122137404,1.5161621445972067,0.8765869039671091,,1.0750601864098572,-0.0006233588168618247,5.592305391993098,3.431730152147891,1
457,114243,J.Murphy,MID,Newcastle,Liverpool,1,4,60,0.2,a,,,2.1,40.505214397379866,0.04337631887456037,2.1491678225970734,0.967250038113828,,1.0540026758629488,-0.0002632634804883461,5.301315288382868,2.4726516637941844,1
392,448514,Aït-Nouri,DEF,Man City,Bournemouth,1,3,55,1.2,a,,,2.5,41.480369750440694,0.018629407850964737,2.199729073411184,1.0138397257321135,,1.051098541434043,-0.0002632634804883461,6.102567985357734,2.849889665255716,1
358,544877,Kerkez,DEF,Liverpool,Newcastle,0,3,55,4.8,a,,,2.5,45.30455892017794,0.04337631887456037,1.9145516932745943,0.9637546665965034,,1.0505073043456241,0.0,4.704315349683014,2.4548296592914722,1
490,60689,Wood,FWD,Nott'm Forest,Leeds,1,2,60,1.7,a,,,2.0,30.93955706316889,0.003367003367003367,3.0255803379958146,1.0401123946291482,,1.0468464013631549,0.010966233509281744,7.481858780976591,2.578793969985079,1
64,54469,Smith,DEF,Bournemouth,Man City,0,5,45,0.1,a,,,1.7,43.61247925687355,0.030360531309297913,1.9880414172388083,0.9633712785681446,,1.0240923411867404,-0.0006233588168618247,6.01135157977284,2.9737204634921177,1
212,108413,Hughes,MID,Crystal Palace,Everton,0,3,45,11.2,a,,,1.0,57.320718035232524,0.09375,1.3095980220267258,0.8340788773343576,,1.0215788773343575,-0.0006235973874138343,4.87071655116442,3.2896441117648436,1
43,166989,Tielemans,MID,Man Utd,Hull City,0,2,60,1.9,a,100.0,,2.1,46.061532455410486,0.08415841584158416,1.6545438958452117,0.8467869706375059,,1.0151038023206742,-0.0002632634804883461,5.428307022589879,2.946496166116017,1
454,449434,Elanga,MID,Newcastle,Liverpool,1,4,60,0.7,a,,,2.1,32.46239346335686,0.018629407850964737,2.6512387977488436,0.9562839668648907,,0.9935427825668202,0.0,6.261525109689007,2.2957487244954105,1
415,596777,Dorgu,MID,Man Utd,Hull City,0,2,60,1.6,a,,,2.1,39.69454877635553,0.018629407850964737,2.1520761905586365,0.9491743701840356,,0.9864331858859651,0.6902604239410826,7.338103368869387,3.273733283496649,1
108,75115,Wilson,FWD,Brentford,Spurs,1,3,55,0.4,a,,,1.8,40.096681608227335,0.003367003367003367,2.158808255127736,0.9617894139896627,,0.9685234207236694,0.006445157844463547,7.431521637691851,3.317615750858255,1
539,167512,O'Nien,DEF,Sunderland,Ipswich Town,0,2,40,2.8,a,,,1.0,24.434315561652785,0.2756756756756757,1.4895355297003139,0.40439756858879,,0.9557489199401414,-0.0006233588168618247,4.627384416257317,1.8076510297058594,1
215,489706,Devenny,MID,Crystal Palace,Everton,0,3,50,0.0,a,,,1.5,34.54989181217306,0.04337631887456037,2.220979471961703,0.8526066719259342,,0.939359309675055,0.16845099125567556,6.053034446693652,2.410438029622704,1
45,122806,McGinn,MID,Aston Villa,Brighton,0,3,55,3.1,a,,,2.0,49.28866645239159,0.018629407850964737,1.6161638982847826,0.8850951479439508,,0.9223539636458803,0.012246761257171017,5.386340872601199,2.9870983564633113,1
35,515597,Bogarde,MID,Aston Villa,Brighton,0,3,50,0.1,a,,,1.5,43.33300081557309,0.08415841584158416,1.5436644091467493,0.7432401233391914,,0.9115569550223598,0.16821482064534077,4.872833641976542,2.5144779892600737,1
391,477424,Gvardiol,DEF,Man City,Bournemouth,1,3,55,13.8,a,,,2.5,38.76305259581069,0.0860655737704918,1.7120625869750183,0.737386356735915,,0.9095175042768986,0.0,5.445687299180288,2.5175918497461365,1
446,119471,Schär,DEF,Newcastle,Liverpool,1,4,50,0.2,d,75.0,Knock - 75% chance of playing,1.6,38.98743587629069,0.0337795270513149,1.9190416862620274,0.8313168298563283,,0.8988758839589581,0.31797928310433055,5.304766319195351,2.3655505730841333,1
44,215711,Bailey,MID,Aston Villa,Brighton,0,3,55,0.1,a,,,2.0,39.027952838047646,0.06779661016949153,1.7487064142789022,0.7583159051563156,,0.8939091254952987,0.00717246584554379,5.0580810758971335,2.3289993279071455,1
420,550864,Yoro,DEF,Man Utd,Hull City,0,2,50,0.8,a,,,2.2,31.926178281338167,0.1409691629955947,1.7204993406727176,0.6103218742582439,,0.8922602002494333,0.0,4.197867137296252,1.771070044065532,1
146,242880,B.Badiashile,DEF,Chelsea,Fulham,0,3,45,0.0,a,,,1.7,24.947402606605497,0.2756756756756757,1.17393345780676,0.3254065622807752,,0.8767579136321266,-0.00026340603516290215,3.1429660250604488,1.4225606714187466,1
535,201895,Alderete,DEF,Sunderland,Ipswich Town,0,2,50,0.6,d,75.0,Knock - 75% chance of playing,1.6,35.046987615975596,0.20675675675675675,1.1654432340915628,0.45383638435921725,,0.8673498978727308,0.0,3.961722083959817,1.9562515670076994,1
34,244954,Pau,DEF,Aston Villa,Brighton,0,3,45,0.3,a,,,1.7,38.03632392830158,0.1409691629955947,1.356560395025946,0.5733174512612403,,0.8552557772524297,-0.0002632634804883461,3.96213151076528,1.9564374103245128,1
487,250199,Dominguez,MID,Nott'm Forest,Leeds,1,2,50,0.1,a,,,1.5,30.403011389312898,0.1409691629955947,1.5712801552781326,0.5307960939635823,,0.8127344199547717,-0.0002632634804883461,3.1197160116774314,1.3358134530406423,1
537,519634,Seelt,DEF,Sunderland,Ipswich Town,0,2,45,0.0,a,,,1.7,29.853896632952562,0.2,1.2221334526104155,0.4053938418433864,,0.8053938418433864,0.0,5.10013202759963,2.091764604070779,1
271,244042,Muniz,FWD,Fulham,Chelsea,1,4,55,0.6,a,,,1.8,32.15638091328294,0.003367003367003367,2.2338116276781297,0.7981255287570945,,0.8048595354911012,0.18374858417706735,7.251631996567013,2.5976922370068887,1
98,204580,Janelt,MID,Brentford,Spurs,1,3,50,0.1,a,,,1.5,52.291857358503385,0.06779661016949153,1.1309387570231886,0.6570987573717744,,0.7926919777107574,-0.0002632634804883461,4.231529964877743,2.594199457356981,1
148,551210,Hato,DEF,Chelsea,Fulham,0,3,45,0.8,a,,,1.7,36.47423441882353,0.16666666666666666,1.119469655997249,0.4536866517511488,,0.7870199850844821,-0.0002632634804883461,3.31066291264398,1.6750432795275734,1
246,513466,Röhl,MID,Everton,Crystal Palace,1,3,50,0.1,a,,,1.5,32.52256852733306,0.02456140350877193,1.9700836011659957,0.7119130991499575,,0.7610359061675014,0.16775751732288055,3.790321709548129,1.4188005574555127,1
492,210156,Awoniyi,FWD,Nott'm Forest,Leeds,1,2,55,0.4,a,,,1.8,25.598029683279634,0.003367003367003367,2.5979960570667973,0.7389286687315482,,0.7456626754655549,0.0,5.68693363008446,1.6242261830644869,1
70,222683,Kluivert,MID,Bournemouth,Man City,0,5,60,1.2,a,,,2.1,27.658665123831277,0.007692307692307693,2.324550852995781,0.7143774845147406,,0.7297620998993559,0.0,5.664766227862117,1.7562720831760286,1
401,438234,Marmoush,FWD,Man City,Bournemouth,1,3,70,0.8,a,,,2.2,28.72799829744228,0.003367003367003367,2.1850435300953164,0.6974658534712835,,0.7041998602052902,0.0,6.309281629276581,2.0206565834444676,1
549,549912,Talbi,MID,Sunderland,Ipswich Town,0,2,55,0.2,a,,,2.0,36.58628952478681,0.04337631887456037,1.5146867160857713,0.6157418526006954,,0.7024944903498161,0.0,4.404143906899578,1.8771002387119395,1
532,223827,Ballard,DEF,Sunderland,Ipswich Town,0,2,50,4.6,a,,,2.2,73.93103448275862,0.22580645161290322,0.30510691837661486,0.25063189003810815,,0.7022447932639146,-0.002417651005154069,5.3833860752886835,4.873827365072143,1
325,59735,Darlow,GK,Man Utd,Hull City,0,2,45,0.0,d,75.0,Unspecified injury - 75% chance of playing,1.4,39.16130944928867,0.0,1.599974625728176,0.6961900158794547,,0.6961900158794547,-0.00046751911265352584,4.4830002719489555,1.9506684545670925,1
268,577725,King,MID,Fulham,Chelsea,1,4,55,0.2,a,,,2.0,28.342250315853313,0.018629407850964737,2.0693782030106687,0.6516759447544342,,0.6889347604563637,0.0,6.29074290723412,2.018301150696465,1
439,485711,Šeško,FWD,Man Utd,Hull City,0,2,70,2.0,d,75.0,Shin injury - 75% chance of playing,1.7,36.76954690216276,0.013972055888223553,1.6111452316457546,0.6582342240132718,,0.6861783357897189,0.14460294069249055,5.920929454256344,2.446942925917287,1
546,535818,Adingra,MID,Sunderland,Ipswich Town,0,2,50,0.3,a,,,1.5,31.745932161833856,0.04337631887456037,1.6923052473873317,0.5969311953408188,,0.6836838330899396,-0.00026302490994587965,3.8841516766379978,1.456819478113822,1
73,200785,Adams,MID,Bournemouth,Man City,0,5,50,0.7,d,75.0,Unspecified injury - 75% chance of playing,1.1,38.7074981762475,0.06311881188118812,1.2525512296189742,0.5387013826237,,0.6649390063860763,0.12633824344176384,3.999894507408373,1.8465255054367318,1
118,223434,Igor,DEF,Brighton,Aston Villa,1,3,45,0.1,a,,,1.7,29.526368722166573,0.1409691629955947,1.084223411651857,0.3557020025515347,,0.6376403285427241,-0.0003992353075867078,4.3141324031377035,1.697279037672194,1
168,499309,Marc Guiu,FWD,Chelsea,Fulham,0,3,50,0.4,a,,,1.4,24.030804166522127,0.003367003367003367,2.2990689922246315,0.6138719635274834,,0.6206059702614901,0.0,5.107571185052625,1.37050115022924,1
248,486385,Beto,FWD,Everton,Crystal Palace,1,3,55,3.0,a,,,1.8,31.2873343656373,0.003367003367003367,1.702164203073851,0.5917353396310014,,0.5984693463650081,0.0,4.946173178812794,1.7262070520213735,1
518,482442,P.M.Sarr,MID,Spurs,Brentford,0,3,50,0.4,a,,,1.5,23.326294616406553,0.04337631887456037,1.8930348288232695,0.4906387570694481,,0.5773913948185688,-0.0002632634804883461,4.8959177107316885,1.355681737062566,1
553,437505,Isidor,FWD,Sunderland,Ipswich Town,0,2,55,1.2,a,,,1.8,24.80800713980297,0.018629407850964737,1.8849887076837557,0.519586814651851,,0.5568456303537804,-0.0002632634804883461,5.754663886373422,1.623500402149909,1
17,195384,Merino,MID,Arsenal,Coventry City,1,2,60,1.0,a,,,2.1,29.205401568085755,0.018629407850964737,1.6000620850538487,0.5192272858651804,,0.5564861015671099,-0.0002632634804883461,6.454202022806511,2.1316761698976574,1
224,205533,Nketiah,FWD,Crystal Palace,Everton,0,3,55,0.5,a,,,1.8,24.10522199748582,0.018629407850964737,1.9363228959973173,0.5186165918536665,,0.555875407555596,-0.0002632634804883461,5.622096501571657,1.5430575297205207,1
489,204968,Yates,MID,Nott'm Forest,Leeds,1,2,45,6.7,a,,,1.0,24.371911718470322,0.10204081632653061,1.2838005274259099,0.34765192353944346,,0.5517335561925047,-0.0002632634804883461,3.4142160230618184,1.1286479826736109,1
450,441191,Livramento,DEF,Newcastle,Liverpool,1,4,50,0.1,d,75.0,Calf injury - 75% chance of playing,1.6,26.11507693217784,0.022770398481973434,1.7058380987752977,0.4949788131484098,,0.5405196101123567,0.12633824344176384,5.0433595671542095,1.5089599424402504,1
37,184667,Lindelöf,DEF,Aston Villa,Brighton,0,3,45,0.2,a,,,1.7,32.96014838177868,0.05405405405405406,1.147782576666273,0.42034537818822915,,0.5284534862963373,-0.0006235973874042912,4.706112891395744,1.831598988128166,1
160,493105,Garnacho,MID,Aston Villa,Brighton,0,3,60,0.8,a,,,2.1,28.10406833643065,0.018629407850964737,1.5337782861993596,0.4789489974253366,,0.516207813127266,0.0,4.253057026867221,1.365349985944296,1
374,158983,Endo,MID,Liverpool,Newcastle,0,3,50,0.0,a,100.0,,1.5,17.54883901946356,0.09923664122137404,1.545325672061574,0.30131857168503223,,0.4997918541277803,-0.004331359412100495,3.714852133719511,0.9228215277289084,1
90,472713,Hickey,DEF,Brentford,Spurs,1,3,45,0.1,a,,,1.7,24.065326101793634,0.09923664122137404,1.0894918755480651,0.2913219696702106,,0.4897952521129587,0.0,2.8838588891686334,0.9695955557694093,1
125,463067,Georginio,FWD,Brighton,Aston Villa,1,3,55,1.0,a,,,1.8,24.745632904866,0.018629407850964737,1.6162508737604833,0.4443905644916204,,0.48164938019354986,0.0,5.063345437305983,1.429433120836397,1
10,198869,White,DEF,Arsenal,Coventry City,1,2,55,1.4,a,100.0,,2.5,29.4919414810434,0.04337631887456037,1.2031162509802003,0.39424704520889325,,0.480999682958014,0.0,4.916169187639588,1.69772345989107,1
425,547676,Fredricson,DEF,Man Utd,Hull City,0,2,40,0.1,a,,,1.0,6.518662954054986,0.22580645161290322,0.34546030102586867,0.025021547404377932,,0.4766344506301844,0.0,0.8347882460954569,0.5120762722736174,1
339,180135,Longstaff,MID,Leeds,Nott'm Forest,0,3,50,0.2,a,,,1.5,23.072913211211645,0.018629407850964737,1.6427019428407081,0.4211324373228046,,0.45839125302473405,0.0,3.829814480848407,1.0190918949425616,1
263,560552,Kevin,MID,Fulham,Chelsea,1,4,55,0.1,a,,,2.0,22.09876979121733,0.02456140350877193,1.6181327198979798,0.39731936076290897,,0.4464421677804528,-0.004331359412110039,4.627547869305354,1.1853796410355135,1
241,433154,McNeil,MID,Crystal Palace,Everton,0,3,55,0.2,a,,,2.0,25.68679504403499,0.04337631887456037,1.2553967621672912,0.35830132587484836,,0.4450539636239691,0.0,3.0842497311271413,0.9670247567278197,1
42,485337,Guessand,MID,Crystal Palace,Everton,0,3,55,0.0,a,,,2.0,25.562454393804163,0.018629407850964737,1.4327590259923093,0.40694263621377424,,0.4442014519157037,-0.0003967884318196517,3.554002066097655,1.0466923238142305,1
464,216646,Wissa,FWD,Newcastle,Liverpool,1,4,60,1.7,a,,,2.0,22.040840872087134,0.007692307692307693,1.7057487958643198,0.41773486419333017,,0.43311947957794555,0.0,5.552190077896963,1.3751061487013712,1
474,575458,Jair Cunha,DEF,Nott'm Forest,Leeds,1,2,45,0.3,a,,,1.7,22.005353561714987,0.04337631887456037,1.352614503168407,0.33071955972138056,,0.4174721974705013,-0.00022696661710748742,3.2575743300491204,0.8832423587079844,1
485,476887,Bakwa,MID,Nott'm Forest,Leeds,1,2,55,0.0,a,,,2.0,24.545336696607016,0.018629407850964737,1.3919220131342074,0.3796132718644242,,0.41687208756635363,-0.0002632634804883461,4.322765047481821,1.2161890773771042,1
117,550090,Coppola,DEF,Brighton,Aston Villa,1,3,45,0.0,a,,,1.7,20.248189440709467,0.0860655737704918,1.077777435681336,0.24247824102886395,,0.4146093885698475,-0.0003967884318196517,4.452980545528587,1.1739621882260571,1
543,547027,Diarra,MID,Sunderland,Ipswich Town,0,2,55,0.1,a,,,2.0,25.607846176851442,0.018629407850964737,1.324974475999708,0.3769971396628318,,0.4142559553647613,-0.0002632634804883461,4.391132980839014,1.2866750147622033,1
157,624773,Estêvão,MID,Chelsea,Fulham,0,3,65,1.6,a,,,2.3,18.308857370019503,0.003367003367003367,1.9350582051412544,0.3936522742290796,,0.40038628096308637,2.3857054246647884e-07,6.061825360167774,1.2399017391926608,1
138,647850,Kostoulas,FWD,Brighton,Aston Villa,1,3,55,0.2,a,,,1.8,16.873308967232944,0.003367003367003367,2.0742617808758683,0.38888511008490406,,0.3956191168189108,0.0,6.092113094346222,1.1488907456698885,1
430,184341,Mount,MID,Man Utd,Hull City,0,2,55,0.1,d,50.0,Foot injury - 50% chance of playing,1.0,25.019114265294455,0.08333333333333333,0.8232005492199932,0.22884165115764626,,0.39550831782431295,0.08422549562784255,3.060458199273067,1.0174439265752242,1
551,536661,Angulo,MID,Sunderland,Ipswich Town,0,2,50,0.1,a,,,1.5,21.39921736799087,0.05,1.206374884225454,0.28683864860917013,,0.38683864860917017,-0.0002632634804883461,2.7786703079173747,0.7606818879234003,1
406,91651,Kovačić,MID,Man City,Bournemouth,1,3,55,0.0,a,,,2.0,12.729376946425411,0.0860655737704918,1.4596999210604704,0.20645633915384604,,0.37858748669482967,0.0,3.9589135588724496,0.7320700696432273,1
167,463034,Delap,FWD,Chelsea,Fulham,0,3,55,0.5,a,,,1.8,19.705119827844186,0.003367003367003367,1.6909346739911033,0.37022300413390374,,0.3769570108679105,0.0,3.9186197743030107,0.8646992535384574,1
20,616077,Dowman,MID,Arsenal,Coventry City,1,2,55,0.2,a,,,2.0,17.907109827865124,0.007692307692307693,1.810815022580008,0.36029403874764737,,0.37567865413226276,0.00015588218444204213,5.511798655135368,1.1120555472355966,1
478,470315,Netz,DEF,Nott'm Forest,Leeds,1,2,45,0.0,a,,,1.7,22.774987690046363,0.04337631887456037,1.123611102283698,0.2843358780323405,,0.37108851578146124,0.0,2.228072732250413,0.6505785160772443,1
343,200617,James,MID,Leeds,Nott'm Forest,0,3,50,0.1,a,,,1.5,20.984117585518952,0.030360531309297913,1.2915305889426532,0.30112921937407977,,0.3618502819926756,-0.0002632634804883461,3.139173951007185,0.7926410105000722,1
129,509416,Ayari,MID,Brighton,Aston Villa,1,3,55,0.8,a,,,2.0,20.35108647862302,0.030360531309297913,1.3296850803149414,0.3006726228758241,,0.3613936854944199,0.0,3.6375508205014566,0.8832556328231654,1
522,547701,Gray,MID,Spurs,Brentford,0,3,50,0.2,a,,,1.5,22.08035657174213,0.04337631887456037,1.0767818163977512,0.264174738400339,,0.35092737614945974,0.0,2.1861854941749863,0.6231054737863871,1
370,223541,Chiesa,MID,Liverpool,Newcastle,0,3,55,0.2,a,,,2.0,15.326119743687466,0.003367003367003367,1.9752852704731785,0.3363717620357113,,0.34310576876971804,0.0,5.710044801256414,0.9790987885770722,1
424,577974,Amass,DEF,Man Utd,Hull City,0,2,40,0.2,a,,,1.0,2.2892055314365978,0.16666666666666666,0.017534374101494762,0.00044599762426022707,,0.33377933095759355,0.0,3.686068233455386e-09,0.33333333342709076,1
147,109646,Tosin,DEF,Chelsea,Fulham,0,3,45,0.2,a,,,1.7,16.46274201960583,0.08415841584158416,0.8717048844223915,0.1594516958830683,,0.32776852756623664,0.0,3.1168992966605664,0.7384580430388769,1
205,218364,Sosa,DEF,Crystal Palace,Everton,0,3,45,0.0,a,,,1.7,13.71271112840523,0.08415841584158416,0.9821138265800088,0.14963825776782588,,0.3179550894509942,0.0,2.9312742399518528,0.6149359082453388,1
242,550615,George,MID,Everton,Crystal Palace,1,3,55,0.3,a,,,2.0,15.129390434029325,0.018629407850964737,1.551911858636048,0.26088311587227664,,0.2981419315742061,0.0,4.3130030247128985,0.7622933346356058,1
512,460842,Kudus,MID,Spurs,Brentford,0,3,65,0.2,d,75.0,Thigh injury - 75% chance of playing,1.7,18.734900489288293,0.013972055888223553,1.2923467875086252,0.2690220940180611,,0.2969662057945082,0.0,5.330818947435581,1.1376370285166493,1
434,547037,J.Fletcher,MID,Man Utd,Hull City,0,2,50,0.0,a,,,1.5,19.241167183288493,0.04337631887456037,0.9829935483935294,0.21015492449704318,,0.29690756224616394,0.0,2.550141040024376,0.6319491943277231,1
101,56979,Henderson,MID,Chelsea,Fulham,0,3,50,0.0,d,75.0,Wrist injury - 75% chance of playing,1.1,20.31305245314658,0.03253223915592028,1.026629548743855,0.23171088748426813,,0.2967753657961087,0.0,2.784821243336333,0.6936002559621496,1
477,549067,Abbott,DEF,Nott'm Forest,Leeds,1,2,40,0.2,a,,,1.0,13.059440246430864,0.0860655737704918,0.8517245334838198,0.12358939612723498,,0.2957205436682186,0.0,2.5975596884576433,0.5490497646293188,1
547,461199,Mundle,MID,Sunderland,Ipswich Town,0,2,50,0.0,a,,,1.5,23.081435169233654,0.018629407850964737,0.9954970220371661,0.255305555281289,,0.29256437098321847,0.0,2.671746033571363,0.7224558475078692,1
333,437738,Bornauw,DEF,Leeds,Nott'm Forest,0,3,45,0.0,a,,,1.7,14.945297186588725,0.0860655737704918,0.718344931851504,0.11928753876667281,,0.29141868630765644,-0.0003967884318196517,1.8979341396817848,0.48729992263117106,1
62,242882,Diakité,DEF,Bournemouth,Man City,0,5,50,0.2,a,,,2.2,14.94752780889752,0.05,1.1060875453052668,0.18370304825028522,,0.28370304825028525,0.0,2.6006303085676694,0.531922153977522,1
38,606798,A.García,DEF,Aston Villa,Brighton,0,3,40,1.7,a,,,1.0,10.929830608208281,0.09923664122137404,0.6832573879200883,0.08297652790859356,,0.28144981035134164,0.0,2.9274213151035484,0.5539868279198603,1
483,456512,Ndoye,MID,Nott'm Forest,Leeds,1,2,55,0.6,a,,,2.0,16.276336676339163,0.018629407850964737,1.249211959090149,0.22591771584733877,,0.26317653154926823,0.0,2.1534479314323347,0.42670596622369406,1
76,614574,Tóth.A,MID,Bournemouth,Man City,0,5,50,0.0,a,,,1.5,15.989598465405354,0.030360531309297913,1.1242375537378533,0.19973452293330943,,0.26045558555190523,0.0,2.5556495435829945,0.5147633961762462,1
341,492859,Gnonto,MID,Leeds,Nott'm Forest,0,3,50,0.1,a,,,1.5,14.76835399516134,0.02456140350877193,1.26095554954452,0.20691375475374083,,0.2560365617712847,0.0,2.6367171281490496,0.48178916183543663,1
520,570526,Bergvall,MID,Spurs,Brentford,0,3,55,0.2,a,,,2.0,15.59777169558082,0.018629407850964737,1.2291179195886552,0.213016674407679,,0.2502754901096085,0.0,2.827568352594532,0.5273006558954748,1
234,243571,Patterson,DEF,Everton,Crystal Palace,1,3,45,0.0,a,,,1.7,9.091510357321923,0.08415841584158416,0.79228854729431,0.08003443926348622,,0.24835127094665455,0.0,1.2397524794588652,0.29355263732223286,1
72,496208,Gannon-Doak,MID,Bournemouth,Man City,0,5,50,0.1,a,,,1.5,14.479303436694165,0.018629407850964737,1.3037333560018585,0.20974612068989473,,0.2470049363918242,0.0,3.256073992610138,0.5610997418278234,1
440,458249,Zirkzee,FWD,Man Utd,Hull City,0,2,55,0.7,a,,,1.8,15.505636362956116,0.003367003367003367,1.3870874584153416,0.23897415259783666,,0.2457081593318434,0.0,4.140290784534069,0.7200433771993796,1
270,153366,Reed,MID,Fulham,Chelsea,1,4,45,1.1,a,,,1.0,13.157937787607946,0.007692307692307693,1.4753019434147845,0.2156881243265426,,0.231072739711158,-0.0003992353075867078,4.053279907697543,0.6079713360651215,1
89,194010,Henry,DEF,Brentford,Spurs,1,3,45,0.2,a,,,1.7,18.800642277326986,0.04337631887456037,0.6886428563937497,0.14385475555439498,,0.2306073933035157,0.0,2.591182258017758,0.6280403122863237,1
151,577016,Acheampong,DEF,Chelsea,Fulham,0,3,45,0.3,a,,,1.7,16.026583201751684,0.04337631887456037,0.7358303466708415,0.13103162525882253,,0.2177842630079433,-0.0003967884318196517,2.130913563519545,0.4662111213212003,1
255,246301,J.Cuenca,DEF,Fulham,Chelsea,1,4,45,0.0,a,,,1.7,8.068874307332628,0.0860655737704918,0.4549272151405385,0.04078611686615416,,0.21291726440713776,0.0,1.1502649226254487,0.27525718177207736,1
441,596047,Obi,FWD,Man Utd,Hull City,0,2,45,1.2,a,,,1.0,5.861892318622483,0.09923664122137404,0.18329419520265758,0.01193834261007276,,0.21041162505282085,0.0,0.821020540059649,0.2519481046339363,1
71,155408,Cook,MID,Bournemouth,Man City,0,5,50,0.1,a,,,1.5,11.036508254974203,0.04337631887456037,0.9871787321215004,0.12105562473548785,,0.2078082624846086,0.0,2.2894569368483424,0.36750386422617276,1
486,432714,McAtee,MID,Nott'm Forest,Leeds,1,2,55,0.0,a,,,2.0,12.349069432671456,0.007692307692307693,1.3893719999022953,0.1906383477178116,,0.206022963102427,-0.0002632634804883461,3.2864101757285895,0.4663191425436193,1
548,554197,Rigg,MID,Sunderland,Ipswich Town,0,2,50,0.1,a,,,1.5,16.064908220895752,0.02456140350877193,0.850033859767342,0.15173017713129022,,0.20085298414883407,0.0,1.9580413686280327,0.39863119457006,1
365,489580,Ramsay,DEF,Liverpool,Newcastle,0,3,40,0.2,a,,,1.0,2.484637534874716,0.09923664122137404,0.044406925097793024,0.0012259456989594066,,0.19969922814170749,0.0,3.686068233455386e-09,0.1984732825445097,1
556,169359,Targett,DEF,Hull City,Man Utd,1,4,40,3.0,a,,,1.0,1.8600226655461716,0.09923664122137404,0.04253935292803882,0.0008791573402646678,,0.19935243978301276,0.0,3.686068233455386e-09,0.19847328251892776,1
235,499300,Aznou,DEF,Everton,Crystal Palace,1,3,40,0.2,a,,,1.0,1.6156177878049658,0.09923664122137404,0.035108276447467834,0.000630239510307813,,0.1991035219530559,0.0,3.686068233455386e-09,0.19847328250891783,1
476,204822,O.Richards,DEF,Nott'm Forest,Leeds,1,2,40,0.2,a,,,1.0,1.9753907740280445,0.09923664122137404,0.025794361601118924,0.000566154932542151,,0.19903943737529023,0.0,0.026436194352479937,0.19905352482524033,1
479,538638,Bindon,DEF,Nott'm Forest,Leeds,1,2,40,0.2,a,,,1.0,2.1972196465904545,0.09923664122137404,0.013732146963268476,0.0003352504788617883,,0.19880853292160988,0.0,0.14673761300928728,0.20205566873383468,1
383,444884,Elliott,MID,Liverpool,Newcastle,0,3,55,0.1,a,,,2.0,8.770090472924936,0.018629407850964737,1.5689317270892587,0.15288525769350195,,0.19014407339543143,0.0,4.565143554608317,0.48211128232198586,1
511,616221,Souza,DEF,Spurs,Brentford,0,3,40,0.3,a,,,1.0,11.779745462108817,0.030360531309297913,0.9868140065968493,0.12916019795727396,,0.1898812605758698,0.0,2.2989606162521317,0.3616229613615174,1
93,513086,Schuster,DEF,Brentford,Spurs,1,3,45,0.2,a,,,1.7,2.0983105184274153,0.09375,0.03058833954807389,0.0007131537179439193,,0.18821315371794392,0.0,0.9687287061702904,0.21008548481844114,1
361,519440,Lucky,DEF,Liverpool,Newcastle,0,3,40,0.1,a,,,1.0,1.5551000731524722,0.09375,0.022211591598437535,0.0003837916413284783,,0.18788379164132848,0.0,0.026436194352479937,0.18795678808634905,1
303,183015,Kipré,DEF,Ipswich Town,Sunderland,1,2,40,0.6,a,,,1.0,2.1972196465904545,0.09375,0.008054363219426,0.00019663561229442614,,0.18769663561229444,0.0,0.14673761300928728,0.1910823862910866,1
304,216616,O'Shea,DEF,Ipswich Town,Sunderland,1,2,40,2.8,a,,,1.0,2.1972196465904545,0.09375,0.008054363219426,0.00019663561229442614,,0.18769663561229444,0.0,0.14673761300928728,0.1910823862910866,1
307,222018,Johnson,DEF,Ipswich Town,Sunderland,1,2,40,0.1,a,,,1.0,2.1972196465904545,0.09375,0.008054363219426,0.00019663561229442614,,0.18769663561229444,0.0,0.14673761300928728,0.1910823862910866,1
308,176420,Furlong,DEF,Ipswich Town,Sunderland,1,2,40,0.6,a,,,1.0,2.1972196465904545,0.09375,0.008054363219426,0.00019663561229442614,,0.18769663561229444,0.0,0.14673761300928728,0.1910823862910866,1
305,455084,Davis,DEF,Ipswich Town,Sunderland,1,2,40,5.0,a,,,1.0,2.1972196465904545,0.09375,0.008054363219426,0.00019663561229442614,,0.18769663561229444,0.0,0.14673761300928728,0.1910823862910866,1
306,449429,Greaves,DEF,Ipswich Town,Sunderland,1,2,40,0.7,a,,,1.0,2.1972196465904545,0.09375,0.008054363219426,0.00019663561229442614,,0.18769663561229444,0.0,0.14673761300928728,0.1910823862910866,1
504,610799,Vuskovic,DEF,Brighton,Aston Villa,1,3,50,2.6,a,,,2.2,4.789438614983618,0.08415841584158416,0.2953192436260416,0.01571570432411465,,0.18403253600728298,0.0,1.0540721634405552,0.22441031971162964,1
161,514356,Lavia,MID,Chelsea,Fulham,0,3,50,0.1,a,,,1.5,11.644889095055275,0.018629407850964737,1.1206317066214644,0.14499591044454968,,0.18225472614647914,-0.0002632634804883461,2.6013328294455667,0.37383917457104016,1
107,593174,Furo,FWD,Brentford,Spurs,1,3,45,0.8,a,,,1.0,1.5407079878108478,0.0860655737704918,0.5133215701838744,0.008787540483310022,,0.18091868802429362,0.0,0.9217582164219139,0.18791070583955607,1
515,172780,Maddison,MID,Spurs,Brentford,0,3,65,1.8,a,,,2.3,9.789609043998597,0.003367003367003367,1.5990093643729355,0.1739297392767082,,0.18066374601071494,0.0,4.085319232796387,0.45110820794517253,1
524,499726,Olusesi,MID,Spurs,Brentford,0,3,45,0.8,a,,,1.0,9.057110507838773,0.04337631887456037,0.9292653657635769,0.09351621232031038,,0.1802688500694311,0.0,1.6616453723334443,0.2539715906609309,1
134,556637,Oriola,MID,Brighton,Aston Villa,1,3,45,0.2,a,,,1.0,1.974113156818617,0.08415841584158416,0.47885739840645763,0.01050354100482358,,0.17882037268799192,0.0,0.8572871110630468,0.1871210735178415,1
244,609873,Armstrong,MID,Everton,Crystal Palace,1,3,50,0.1,a,,,1.5,10.744370990493286,0.018629407850964737,1.1741219134813696,0.14016890473901883,,0.1774277204409483,0.0,2.5308664212046184,0.3393984574442013,1
99,543295,Milambo,MID,Brentford,Spurs,1,3,50,0.0,d,75.0,Knee injury - 75% chance of playing,1.1,13.466988944860901,0.037500000000000006,0.6712138393524106,0.10043588171329505,,0.17543588171329505,0.0,1.439415225272921,0.29038432139794323,1
550,699989,Jocelin.T,MID,Sunderland,Ipswich Town,0,2,50,0.0,a,,,1.5,17.127052395805116,0.018629407850964737,0.7158147413910879,0.13621996201660946,,0.17347877771853892,0.0,2.4175361936727997,0.4973173607884773,1
277,108416,Egan,DEF,Hull City,Man Utd,1,4,40,1.8,a,,,1.0,1.693462264974013,0.0860655737704918,0.021413975746532088,0.0004029306652202312,,0.17253407820620384,0.0,0.14673761300928728,0.17489219876857903,1
285,160817,McNair,DEF,Hull City,Man Utd,1,4,40,0.1,a,,,1.0,1.693462264974013,0.0860655737704918,0.021413975746532088,0.0004029306652202312,,0.17253407820620384,0.0,0.14673761300928728,0.17489219876857903,1
586,606930,Mendy,DEF,Hull City,Man Utd,1,4,40,0.2,a,,,1.0,1.693462264974013,0.0860655737704918,0.021413975746532088,0.0004029306652202312,,0.17253407820620384,0.0,0.14673761300928728,0.17489219876857903,1
585,597462,Herrington,DEF,Hull City,Man Utd,1,4,40,0.1,a,,,1.0,1.693462264974013,0.0860655737704918,0.021413975746532088,0.0004029306652202312,,0.17253407820620384,0.0,0.14673761300928728,0.17489219876857903,1
280,193278,Coyle,DEF,Hull City,Man Utd,1,4,40,0.6,a,,,1.0,1.693462264974013,0.0860655737704918,0.021413975746532088,0.0004029306652202312,,0.17253407820620384,0.0,0.14673761300928728,0.17489219876857903,1
279,146426,Ajayi,DEF,Hull City,Man Utd,1,4,40,0.9,a,,,1.0,1.693462264974013,0.0860655737704918,0.021413975746532088,0.0004029306652202312,,0.17253407820620384,0.0,0.14673761300928728,0.17489219876857903,1
282,232351,Giles,DEF,Hull City,Man Utd,1,4,40,0.8,a,,,1.0,1.693462264974013,0.0860655737704918,0.021413975746532088,0.0004029306652202312,,0.17253407820620384,0.0,0.14673761300928728,0.17489219876857903,1
284,661800,McCarthy,DEF,Hull City,Man Utd,1,4,40,0.1,a,,,1.0,1.693462264974013,0.0860655737704918,0.021413975746532088,0.0004029306652202312,,0.17253407820620384,0.0,0.14673761300928728,0.17489219876857903,1
39,578545,Nedeljkovic,DEF,Aston Villa,Brighton,0,3,40,0.8,a,,,1.0,1.7769289457148776,0.0860655737704918,0.004835007005925591,9.54607100173712e-05,,0.17222660825100097,0.0,0.14673761300928728,0.17502828434077594,1
436,490881,Collyer,MID,Man Utd,Hull City,0,2,50,0.0,a,,,1.5,2.854830663080184,0.08415841584158416,0.069464534282874,0.0022034386940814814,,0.17052027037724982,0.0,0.9688062114436456,0.19904769478330014,1
541,93605,Meunier,DEF,Sunderland,Ipswich Town,0,2,45,0.5,a,,,1.7,2.560034568058669,0.08415841584158416,0.008278685406859027,0.0002354857868849106,,0.16855231747005323,0.0,0.9687287061702904,0.19587215362613158,1
92,570241,Ji-soo,DEF,Brentford,Spurs,1,3,45,0.0,a,,,1.7,2.93245714964075,0.08415841584158416,0.0023847286763487184,7.770127396569023e-05,,0.16839453295713402,0.0,0.04533177920336394,0.1697938705723999,1
181,577411,Brau,DEF,Coventry City,Arsenal,0,5,40,0.1,a,,,1.0,1.693462264974013,0.08415841584158416,0.003900054775680585,7.338439548829732e-05,,0.16839021607865662,0.0,0.14673761300928728,0.17107788291076376,1
180,220583,Woolfenden,DEF,Coventry City,Arsenal,0,5,40,0.2,a,,,1.0,1.693462264974013,0.08415841584158416,0.003900054775680585,7.338439548829732e-05,,0.16839021607865662,0.0,0.14673761300928728,0.17107788291076376,1
176,173878,Dasilva,DEF,Coventry City,Arsenal,0,5,40,0.7,a,,,1.0,1.693462264974013,0.08415841584158416,0.003900054775680585,7.338439548829732e-05,,0.16839021607865662,0.0,0.14673761300928728,0.17107788291076376,1
179,204813,Latibeaudiere,DEF,Coventry City,Arsenal,0,5,40,0.1,a,,,1.0,1.693462264974013,0.08415841584158416,0.003900054775680585,7.338439548829732e-05,,0.16839021607865662,0.0,0.14673761300928728,0.17107788291076376,1
178,80178,Bidwell,DEF,Coventry City,Arsenal,0,5,40,0.1,a,,,1.0,1.693462264974013,0.08415841584158416,0.003900054775680585,7.338439548829732e-05,,0.16839021607865662,0.0,0.14673761300928728,0.17107788291076376,1
177,465390,Kesler-Hayden,DEF,Coventry City,Arsenal,0,5,40,0.1,a,,,1.0,1.693462264974013,0.08415841584158416,0.003900054775680585,7.338439548829732e-05,,0.16839021607865662,0.0,0.14673761300928728,0.17107788291076376,1
173,461102,Thomas,DEF,Coventry City,Arsenal,0,5,40,8.2,a,,,1.0,1.693462264974013,0.08415841584158416,0.003900054775680585,7.338439548829732e-05,,0.16839021607865662,0.0,0.14673761300928728,0.17107788291076376,1
175,451284,van Ewijk,DEF,Coventry City,Arsenal,0,5,40,15.3,a,,,1.0,1.693462264974013,0.08415841584158416,0.003900054775680585,7.338439548829732e-05,,0.16839021607865662,0.0,0.14673761300928728,0.17107788291076376,1
174,436761,Kitching,DEF,Coventry City,Arsenal,0,5,40,0.6,a,,,1.0,1.693462264974013,0.08415841584158416,0.003900054775680585,7.338439548829732e-05,,0.16839021607865662,0.0,0.14673761300928728,0.17107788291076376,1
182,539142,Amenda,DEF,Coventry City,Arsenal,0,5,40,0.7,a,,,1.0,1.693462264974013,0.08415841584158416,0.003900054775680585,7.338439548829732e-05,,0.16839021607865662,0.0,0.14673761300928728,0.17107788291076376,1
245,496661,Dibling,MID,Everton,Crystal Palace,1,3,55,0.0,a,,,2.0,9.919848559506288,0.018629407850964737,1.1076810882130328,0.12208920719224901,,0.1593480228941785,0.0,1.8695695801290066,0.24332378355014617,1
132,597320,Howell,MID,Brighton,Aston Villa,1,3,45,0.3,a,,,1.0,8.977847223716603,0.04337631887456037,0.7014313982816766,0.06997048812989783,,0.15672312587901857,0.0,1.3479760264097018,0.22121844693066384,1
438,519913,Fletcher,MID,Man Utd,Hull City,0,2,45,0.3,a,,,1.0,8.533995028418149,0.04337631887456037,0.6901320646122096,0.06543981787058388,,0.15219245561970463,0.0,1.7918083592994594,0.25665578919511706,1
348,235826,Piroe,FWD,Leeds,Nott'm Forest,0,3,50,0.5,a,,,1.4,8.143030141155574,0.003367003367003367,1.5402887179859608,0.1393624161849062,,0.14609642291891292,0.0,3.5335057059500765,0.3264389341506365,1
52,653481,Alysson,MID,Aston Villa,Brighton,0,3,50,0.0,a,,,1.5,9.352346309412106,0.018629407850964737,1.0450002641843497,0.10859115960087976,,0.14584997530280924,0.0,2.5088133380552953,0.29796205084821065,1
437,576620,Bendito Mantato,MID,Man Utd,Hull City,0,2,45,0.2,a,,,1.0,6.554178701343982,0.04337631887456037,0.7930607807577431,0.057754023090151436,,0.1445066608392722,0.0,2.0383684159435624,0.2351952028298937,1
21,128295,Nørgaard,MID,Everton,Crystal Palace,1,3,50,0.7,d,75.0,Lack of match fitness - 75% chance of playing,1.1,7.654026344682398,0.03253223915592028,0.8859872760454965,0.07534855502117363,,0.1404130333330142,0.0,2.366008419229379,0.26628104245097417,1
150,574458,M.Sarr,DEF,Chelsea,Fulham,0,3,45,0.1,a,,,1.7,7.734036643535635,0.04337631887456037,0.6096449580770932,0.05238907161461094,,0.13914170936373169,0.0,1.240901319514409,0.19338792970618918,1
50,645618,Burrowes,MID,Aston Villa,Brighton,0,3,45,0.8,a,,,1.0,5.355510652241854,0.04337631887456037,0.8396858694490484,0.049966073537459355,,0.13671871128658009,0.0,1.9904432927625118,0.2051953072721539,1
119,451490,Costinha,DEF,Brighton,Aston Villa,1,3,45,0.0,a,,,1.7,2.0983105184274153,0.06779661016949153,0.038473219978863965,0.0008969862462158004,,0.13649020658519886,0.0,0.9687287061702904,0.15817870515742416,1
243,502697,Alcaraz,MID,Everton,Crystal Palace,1,3,50,0.1,a,,,1.5,6.665678994327661,0.02456140350877193,1.1213878407565365,0.08305345971805886,,0.13217626673560273,0.0,2.1550877487215647,0.2087352863240574,1
163,491007,D.Essugo,MID,Chelsea,Fulham,0,3,45,0.2,a,,,1.0,7.452482926784013,0.04337631887456037,0.5176284961661112,0.04286241700105364,,0.12961505475017437,0.0,1.133922928863891,0.1806475407229771,1
283,449428,Jacob,DEF,Hull City,Man Utd,1,4,40,0.0,d,75.0,Hip injury - 75% chance of playing,0.8,1.2700966987305098,0.06454918032786885,0.016060481809899066,0.00022664849918638006,,0.1293250091549241,0.0,0.11005320975696546,0.13065145197126013,1
216,606921,Esse,MID,Crystal Palace,Everton,0,3,50,0.1,a,,,1.5,8.40977418567521,0.02456140350877193,0.8578220317502869,0.08015655087241137,,0.12927935788995523,0.0,1.5853811484261173,0.19726388986743365,1
435,576628,Lacey,MID,Man Utd,Hull City,0,2,50,0.1,a,,,1.5,8.544051999951611,0.018629407850964737,0.9562924471755317,0.09078458217587469,,0.12804339787780417,0.0,2.439570092018186,0.26885674596559744,1
493,465680,Kalimuendo,FWD,Nott'm Forest,Leeds,1,2,55,0.1,a,,,1.8,7.77444626855136,0.003367003367003367,1.3889417328342357,0.11998058746742649,,0.12671459420143322,0.0,3.0499856904190024,0.2702001164008185,1
126,219249,O'Riley,MID,Brighton,Aston Villa,1,3,55,0.1,a,,,2.0,8.246681944750408,0.003367003367003367,1.2971002535087957,0.1188530360126907,,0.12558704274669744,0.0,2.1445436744238497,0.2032381133962274,1
56,173879,Abraham,FWD,Aston Villa,Brighton,0,3,55,0.3,d,75.0,Knock - 75% chance of playing,1.3,9.524593830570748,0.002525252525252525,1.138130410014386,0.12044699868453308,,0.12549750373503812,0.0,2.958497402731908,0.3181447951596152,1
466,599303,Neave,FWD,Newcastle,Liverpool,1,4,45,0.7,a,,,1.0,6.946384263688812,0.018629407850964737,1.1204691075590247,0.08648009974108285,,0.12373891544301233,0.0,2.083169367317464,0.1980420924989585,1
158,463936,Gittens,MID,Chelsea,Fulham,0,3,60,0.1,a,,,2.1,6.925858322691496,0.018629407850964737,1.017717474954029,0.07831741160065485,,0.11557622730258432,0.0,3.428289579933568,0.3010793481439232,1
22,499175,Nwaneri,MID,Arsenal,Coventry City,1,2,55,0.0,a,,,2.0,7.907078496449987,0.018629407850964737,0.8567428803417682,0.07527036895707799,,0.11252918465900746,0.0,2.0924332142410043,0.2210925231861825,1
364,214285,Tsimikas,DEF,Liverpool,Newcastle,0,3,50,0.1,a,,,2.2,2.7281537774180493,0.05405405405405406,0.10999527585133835,0.00333426697013299,,0.1114423750782411,0.0,0.973138354439582,0.13760667563716067,1
396,616222,Vitor Reis,DEF,Man City,Bournemouth,1,3,45,0.0,a,,,1.7,2.0983105184274153,0.05405405405405406,0.03286384474895729,0.000766206123474474,,0.10887431423158259,0.0,0.9687287061702904,0.13069359292654925,1
510,499716,Rowswell,DEF,Spurs,Brentford,0,3,40,0.1,a,,,1.0,3.650003146712566,0.04337631887456037,0.5409535510660554,0.02193869070684932,,0.10869132845597007,0.0,0.842222347802761,0.12090946241258432,1
573,494928,Sanchez,DEF,Bournemouth,Man City,0,5,45,0.1,a,,,1.7,2.0148438376865503,0.05405405405405406,0.025514686373002242,0.0005712012067683174,,0.10867930931487643,0.0,0.9687287061702904,0.12979518659718894,1
169,567119,Mheuka,FWD,Chelsea,Fulham,0,3,45,0.4,a,,,1.0,1.516571097952628,0.05,0.5138636236470977,0.00865900799902661,,0.10865900799902661,0.0,0.8599369648284226,0.1144906171879988,1
557,439509,Tzolis,MID,Arsenal,Coventry City,1,2,65,4.2,a,,,2.3,6.143031455845927,0.05,0.06068079650360126,0.004141822685415645,,0.10414182268541565,0.0,0.1675823145593036,0.11143848255312522,1
23,438098,Fábio Vieira,MID,Arsenal,Coventry City,1,2,55,0.0,a,,,2.0,3.3137758200563723,0.05,0.08072913306881899,0.002972424990417396,,0.10297242499041741,0.0,1.0081512770536778,0.13711985916510477,1
565,513545,Sangaré,MID,Brentford,Spurs,1,3,55,1.6,a,,,2.0,2.9122899601233905,0.05,0.07311461358008765,0.0023658995007510065,,0.102365899500751,0.0,0.1675823145593036,0.1054227588020589,1
120,454490,Svoboda,DEF,Brighton,Aston Villa,1,3,50,0.1,a,,,2.2,2.4671379105324847,0.05,0.08099949401087776,0.0022204102489798384,,0.10222041024897985,0.0,0.16693834670078972,0.10457622137630149,1
135,700308,Yohanna,MID,Brighton,Aston Villa,1,3,50,0.1,a,,,1.5,2.4671379105324847,0.05,0.08099949401087776,0.0022204102489798384,,0.10222041024897985,0.0,0.16693834670078972,0.10457622137630149,1
559,632794,Bamba,MID,Newcastle,Liverpool,1,4,50,0.1,a,,,1.5,2.383671229791621,0.05,0.08106790252481352,0.002147102521199439,,0.10214710252119945,0.0,0.16693834670078972,0.10442140149088502,1
462,636852,Steur,MID,Newcastle,Liverpool,1,4,50,0.1,a,,,1.5,2.383671229791621,0.05,0.08106790252481352,0.002147102521199439,,0.10214710252119945,0.0,0.16693834670078972,0.10442140149088502,1
566,483067,Silva,DEF,Bournemouth,Man City,0,5,50,0.2,a,,,2.2,2.3698781224063383,0.05,0.06842280471599442,0.0018017078663346267,,0.10180170786633463,0.0,0.16693834670078972,0.10439581706263207,1
104,428580,Onyeka,MID,Coventry City,Arsenal,0,5,50,0.2,a,,,1.5,6.716327749201646,0.02456140350877193,0.69692170319931,0.05200838415798222,,0.10113119117552608,0.0,2.44832730157896,0.23183134695890784,1
378,491501,McConnell,MID,Liverpool,Newcastle,0,3,45,0.2,a,,,1.0,2.1113572578581663,0.05,0.04454299757344803,0.0010449575690384242,,0.10104495756903843,0.0,0.8484272875134832,0.11990370123618345,1
509,640419,Byfield,DEF,Spurs,Brentford,0,3,40,0.1,a,,,1.0,2.554516774049054,0.04337631887456037,0.4315283476931654,0.012248293362887372,,0.09900093111200811,0.0,0.790629401949892,0.10919348296398042,1
24,200641,Nelson,MID,Arsenal,Coventry City,1,2,55,0.0,a,,,2.0,8.047759755942632,0.007692307692307693,0.9296165215557928,0.08312589367373428,,0.09851050905834967,0.0,2.3867875744447784,0.22881009302462224,1
528,490145,Scarlett,FWD,Spurs,Brentford,0,3,45,1.7,a,,,1.0,6.400974513433909,0.02456140350877193,0.6875870289988876,0.04890252275988468,,0.09802532977742853,0.0,1.195661047678802,0.13416053916085163,1
66,575901,Soler,DEF,Bournemouth,Man City,0,5,40,0.6,d,75.0,Hamstring injury - 75% chance of playing,0.8,5.483857253994454,0.03253223915592028,0.4971658558288895,0.030293184276951296,,0.09535766258879186,0.0,0.9590452773561029,0.12350078276893375,1
166,517052,N.Jackson,FWD,Chelsea,Fulham,0,3,65,0.4,a,,,2.1,5.867252005398986,0.04337631887456037,0.08833178874101297,0.005758498495902088,,0.09251113624502283,0.0,1.0140725608125907,0.15286174070520694,1
377,551499,Munoz,MID,Liverpool,Newcastle,0,3,65,0.8,a,,,2.3,5.740799227958409,0.04337631887456037,0.07112365694614932,0.004536740387622586,,0.09128937813674333,0.0,0.1675823145593036,0.09744215354958223,1
429,176297,Rashford,MID,Man Utd,Hull City,0,2,70,1.5,a,,,2.5,5.651608075734317,0.04337631887456037,0.069464534282874,0.004362070254780155,,0.0911147080039009,0.0,1.3456576506973856,0.17125407825862088,1
461,611665,Touré,MID,Newcastle,Liverpool,1,4,60,0.3,a,,,2.1,4.722731642735194,0.04337631887456037,0.08106790252481352,0.004254021649601213,,0.09100665939872196,0.0,0.1675823145593036,0.09554648552392103,1
569,551466,Gonzalo,FWD,Fulham,Chelsea,1,4,60,1.8,a,,,2.0,4.722731642735194,0.04337631887456037,0.08099949401087776,0.004250431926785692,,0.09100306967590643,0.0,0.1675823145593036,0.09554648552392103,1
407,575204,Echeverri,MID,Man City,Bournemouth,1,3,50,0.0,a,,,1.5,3.293522854269637,0.04337631887456037,0.07696629799572537,0.0028165584606383207,,0.08956919620975906,0.0,0.8880964603243551,0.11925225984772332,1
581,568420,Diomande,DEF,Nott'm Forest,Leeds,1,2,55,0.3,a,,,2.5,3.259295731869942,0.04337631887456037,0.07331766522761417,0.002655155037189246,,0.08940779278630999,0.0,0.1675823145593036,0.09282153022223212,1
247,244860,Hackney,MID,Everton,Crystal Palace,1,3,55,0.3,a,,,2.0,2.9122899601233905,0.04337631887456037,0.08106790252481352,0.0026232582067919567,,0.08937589595591271,0.0,0.1675823145593036,0.09217539655117964,1
570,571779,Palacios,MID,Fulham,Chelsea,1,4,55,0.1,a,,,2.0,2.8288232793825268,0.04337631887456037,0.08099949401087776,0.002545925047513073,,0.08929856279663381,0.0,0.1675823145593036,0.09201997944510033,1
295,169432,McBurnie,FWD,Hull City,Man Utd,1,4,55,1.5,a,,,1.8,2.8288232793825268,0.04337631887456037,0.08099949401087776,0.002545925047513073,,0.08929856279663381,0.0,0.1675823145593036,0.09201997944510033,1
219,450542,J.Rak-Sakyi,MID,Crystal Palace,Everton,0,3,50,0.0,a,,,1.5,2.629551228916767,0.04337631887456037,0.08083215544093005,0.002361692151952097,,0.08911432990107285,0.0,0.9877738240143602,0.11561265855832936,1
558,204561,Schlager,MID,Nott'm Forest,Leeds,1,2,50,0.1,a,,,1.5,2.814143682279036,0.04337631887456037,0.07331766522761417,0.0022925160488859973,,0.08904515379800675,0.0,0.16693834670078972,0.09197250990132225,1
579,445087,Araujo,DEF,Liverpool,Newcastle,0,3,55,0.9,a,,,2.5,2.898496852738108,0.04337631887456037,0.07112365694614932,0.0022905743979293185,,0.08904321214705006,0.0,0.1675823145593036,0.0921497134305064,1
217,536694,M.França,MID,Crystal Palace,Everton,0,3,50,0.0,a,,,1.5,3.038781028099588,0.04337631887456037,0.06551428171624261,0.0022120395149876643,,0.08896467726410841,0.0,0.43586165804580723,0.10146917260851662,1
292,208481,Ömür,MID,Hull City,Man Utd,1,4,50,0.0,a,,,1.5,2.383671229791621,0.04337631887456037,0.08099949401087776,0.0021452907055712006,,0.08889792845469195,0.0,0.16693834670078972,0.09117403924000576,1
580,463210,Charles,MID,Fulham,Chelsea,1,4,50,0.1,a,,,1.5,2.383671229791621,0.04337631887456037,0.08099949401087776,0.0021452907055712006,,0.08889792845469195,0.0,0.16693834670078972,0.09117403924000576,1
576,608227,Stroud,MID,Hull City,Man Utd,1,4,50,0.0,a,,,1.5,2.383671229791621,0.04337631887456037,0.08099949401087776,0.0021452907055712006,,0.08889792845469195,0.0,0.16693834670078972,0.09117403924000576,1
574,552946,Hjertø-Dahl,MID,Hull City,Man Utd,1,4,50,0.1,a,,,1.5,2.383671229791621,0.04337631887456037,0.08099949401087776,0.0021452907055712006,,0.08889792845469195,0.0,0.16693834670078972,0.09117403924000576,1
286,540324,Belloumi,MID,Hull City,Man Utd,1,4,50,0.5,a,,,1.5,2.383671229791621,0.04337631887456037,0.08099949401087776,0.0021452907055712006,,0.08889792845469195,0.0,0.16693834670078972,0.09117403924000576,1
296,213292,Akintola,MID,Hull City,Man Utd,1,4,50,0.0,a,,,1.5,2.383671229791621,0.04337631887456037,0.08099949401087776,0.0021452907055712006,,0.08889792845469195,0.0,0.16693834670078972,0.09117403924000576,1
287,232905,Millar,MID,Hull City,Man Utd,1,4,50,0.1,a,,,1.5,2.383671229791621,0.04337631887456037,0.08099949401087776,0.0021452907055712006,,0.08889792845469195,0.0,0.16693834670078972,0.09117403924000576,1
49,469247,Iling Jr,MID,Aston Villa,Brighton,0,3,50,0.0,a,,,1.5,2.4663915425779517,0.04337631887456037,0.07752224617013467,0.0021244468035074016,,0.08887708455262815,0.0,0.9016223688256584,0.11146101313879522,1
319,172453,Szmodics,MID,Ipswich Town,Sunderland,1,2,50,0.1,a,,,1.5,2.814143682279036,0.04337631887456037,0.0676398814837717,0.0021149816127517653,,0.08886761936187251,0.0,0.16693834670078972,0.09197250990132225,1
317,222625,Hirst,FWD,Ipswich Town,Sunderland,1,2,50,0.4,a,,,1.4,2.814143682279036,0.04337631887456037,0.0676398814837717,0.0021149816127517653,,0.08886761936187251,0.0,0.16693834670078972,0.09197250990132225,1
309,501390,Núñez,MID,Ipswich Town,Sunderland,1,2,50,0.2,a,,,1.5,2.814143682279036,0.04337631887456037,0.0676398814837717,0.0021149816127517653,,0.08886761936187251,0.0,0.16693834670078972,0.09197250990132225,1
320,147675,Akpom,FWD,Ipswich Town,Sunderland,1,2,50,0.5,a,,,1.4,2.814143682279036,0.04337631887456037,0.0676398814837717,0.0021149816127517653,,0.08886761936187251,0.0,0.16693834670078972,0.09197250990132225,1
322,462387,Al-Hamadi,FWD,Ipswich Town,Sunderland,1,2,50,0.2,a,,,1.4,2.814143682279036,0.04337631887456037,0.0676398814837717,0.0021149816127517653,,0.08886761936187251,0.0,0.16693834670078972,0.09197250990132225,1
314,229164,Ogbene,MID,Ipswich Town,Sunderland,1,2,50,0.0,a,,,1.5,2.814143682279036,0.04337631887456037,0.0676398814837717,0.0021149816127517653,,0.08886761936187251,0.0,0.16693834670078972,0.09197250990132225,1
324,232457,Mehmeti,MID,Ipswich Town,Sunderland,1,2,50,0.1,a,,,1.5,2.814143682279036,0.04337631887456037,0.0676398814837717,0.0021149816127517653,,0.08886761936187251,0.0,0.16693834670078972,0.09197250990132225,1
410,649208,Monga,MID,Man City,Bournemouth,1,3,50,0.0,a,,,1.5,2.4671379105324847,0.04337631887456037,0.07539011878097106,0.0020666424458231194,,0.08881928019494387,0.0,0.16693834670078972,0.09132885912542223,1
523,499721,Moore,MID,Spurs,Brentford,0,3,50,0.1,a,,,1.5,2.453344803147202,0.04337631887456037,0.07119206546008508,0.001940652042464613,,0.08869328979158536,0.0,0.16693834670078972,0.09130327469716928,1
362,606702,Jacquet,DEF,Liverpool,Newcastle,0,3,50,1.1,a,100.0,,2.2,2.453344803147202,0.04337631887456037,0.07112365694614932,0.0019387872683295539,,0.0886914250174503,0.0,0.16693834670078972,0.09130327469716928,1
381,514514,Koumas,MID,Liverpool,Newcastle,0,3,50,0.0,a,,,1.5,2.453344803147202,0.04337631887456037,0.07112365694614932,0.0019387872683295539,,0.0886914250174503,0.0,0.16693834670078972,0.09130327469716928,1
408,155405,Phillips,MID,Man City,Bournemouth,1,3,50,0.0,a,,,1.5,2.741946884803332,0.04337631887456037,0.06305220149347422,0.001920953194055818,,0.08867359094317656,0.0,1.0611028608229807,0.11908027867900381,1
218,438464,Doucouré,MID,Crystal Palace,Everton,0,3,50,0.1,a,,,1.5,2.453344803147202,0.04337631887456037,0.06551428171624261,0.0017858791397829508,,0.0885385168889037,0.0,0.16693834670078972,0.09130327469716928,1
583,498444,Chavarria,DEF,Chelsea,Fulham,0,3,50,0.1,a,,,2.2,2.453344803147202,0.04337631887456037,0.062204372445447235,0.001695653043023011,,0.08844829079214375,0.0,0.16693834670078972,0.09130327469716928,1
575,661888,Yirenkyi,MID,Coventry City,Arsenal,0,5,50,0.1,a,,,1.5,2.3698781224063383,0.04337631887456037,0.05937575932529724,0.0015634812558476228,,0.08831611900496837,0.0,0.16693834670078972,0.09114845481175281,1
196,551262,Markelo,FWD,Coventry City,Arsenal,0,5,50,0.1,a,,,1.4,2.3698781224063383,0.04337631887456037,0.05937575932529724,0.0015634812558476228,,0.08831611900496837,0.0,0.16693834670078972,0.09114845481175281,1
195,218997,Simms,FWD,Coventry City,Arsenal,0,5,50,0.8,a,,,1.4,2.3698781224063383,0.04337631887456037,0.05937575932529724,0.0015634812558476228,,0.08831611900496837,0.0,0.16693834670078972,0.09114845481175281,1
194,230730,Thomas-Asante,FWD,Coventry City,Arsenal,0,5,50,0.8,a,,,1.4,2.3698781224063383,0.04337631887456037,0.05937575932529724,0.0015634812558476228,,0.08831611900496837,0.0,0.16693834670078972,0.09114845481175281,1
185,501459,Sakamoto,MID,Coventry City,Arsenal,0,5,50,0.2,a,,,1.5,2.3698781224063383,0.04337631887456037,0.05937575932529724,0.0015634812558476228,,0.08831611900496837,0.0,0.16693834670078972,0.09114845481175281,1
187,439668,Eccles,MID,Coventry City,Arsenal,0,5,50,0.0,a,,,1.5,2.3698781224063383,0.04337631887456037,0.05937575932529724,0.0015634812558476228,,0.08831611900496837,0.0,0.16693834670078972,0.09114845481175281,1
184,168144,Grimes,MID,Coventry City,Arsenal,0,5,50,0.2,a,,,1.5,2.3698781224063383,0.04337631887456037,0.05937575932529724,0.0015634812558476228,,0.08831611900496837,0.0,0.16693834670078972,0.09114845481175281,1
507,548308,Phillips,DEF,Spurs,Brentford,0,3,45,0.1,a,,,1.7,2.924695462164569,0.04337631887456037,0.04398366515275874,0.0014293202875737708,,0.08818195803669451,0.0,0.9687287061702904,0.1182330427602852,1
561,622758,Anselmino,DEF,Chelsea,Fulham,0,3,45,0.0,a,,,1.7,2.373119492698264,0.04337631887456037,0.046138517440506455,0.001216580167802941,,0.08796921791692369,0.0,0.0455356048311371,0.08795332032063827,1
289,101282,Crooks,MID,Hull City,Man Utd,1,4,45,0.7,a,,,1.0,2.0148438376865503,0.04337631887456037,0.038473219978863965,0.0008613058910041459,,0.0876139436401249,0.0,0.9687287061702904,0.10843971623820158,1
298,500957,Destan,FWD,Hull City,Man Utd,1,4,45,2.3,a,,,1.0,2.0148438376865503,0.04337631887456037,0.038473219978863965,0.0008613058910041459,,0.0876139436401249,0.0,0.9687287061702904,0.10843971623820158,1
290,243413,Slater,MID,Hull City,Man Utd,1,4,45,2.3,a,,,1.0,2.0148438376865503,0.04337631887456037,0.038473219978863965,0.0008613058910041459,,0.0876139436401249,0.0,0.9687287061702904,0.10843971623820158,1
288,171270,Dowell,MID,Hull City,Man Utd,1,4,45,0.5,a,,,1.0,2.0148438376865503,0.04337631887456037,0.038473219978863965,0.0008613058910041459,,0.0876139436401249,0.0,0.9687287061702904,0.10843971623820158,1
323,461587,McAteer,MID,Ipswich Town,Sunderland,1,2,45,1.4,a,,,1.0,2.518601219302989,0.04337631887456037,0.02511360745175789,0.0007027906927677117,,0.08745542844188846,0.0,0.9687287061702904,0.11386198553283519,1
321,557012,Walle Egeli,FWD,Ipswich Town,Sunderland,1,2,45,2.0,a,,,1.0,2.518601219302989,0.04337631887456037,0.02511360745175789,0.0007027906927677117,,0.08745542844188846,0.0,0.9687287061702904,0.11386198553283519,1
577,223723,Tomiyasu,DEF,Crystal Palace,Everton,0,3,45,0.2,a,,,1.7,2.0983105184274153,0.04337631887456037,0.022988007684228838,0.000535955314683418,,0.08728859306380417,0.0,0.9687287061702904,0.10933812256756187,1
207,242313,Mingueza,DEF,Crystal Palace,Everton,0,3,45,0.1,a,,,1.7,2.0983105184274153,0.04337631887456037,0.022988007684228838,0.000535955314683418,,0.08728859306380417,0.0,0.9687287061702904,0.10933812256756187,1
191,492498,Borges Rodrigues,MID,Coventry City,Arsenal,0,5,45,0.2,a,,,1.0,2.0148438376865503,0.04337631887456037,0.016467640982305028,0.0003686636106047975,,0.08712130135972554,0.0,0.9687287061702904,0.10843971623820158,1
192,629397,Andrews,MID,Coventry City,Arsenal,0,5,45,0.7,a,,,1.0,2.0148438376865503,0.04337631887456037,0.016467640982305028,0.0003686636106047975,,0.08712130135972554,0.0,0.9687287061702904,0.10843971623820158,1
189,684268,Shepherd,MID,Coventry City,Arsenal,0,5,45,0.3,a,,,1.0,2.0148438376865503,0.04337631887456037,0.016467640982305028,0.0003686636106047975,,0.08712130135972554,0.0,0.9687287061702904,0.10843971623820158,1
375,591386,Nyoni,MID,Liverpool,Newcastle,0,3,50,0.1,a,,,1.5,5.283394688581444,0.011235955056179775,1.0815900965237562,0.06349408190217672,,0.08596599201453627,0.0,2.3061596740997694,0.15785359648079772,1
272,631786,Kusi-Asare,FWD,Fulham,Chelsea,1,4,45,7.3,a,,,1.0,6.638868722060338,0.02456140350877193,0.4537728685157701,0.03347265004121049,,0.08259545705875435,0.0,1.1849626923504921,0.13653182651814486,1
221,672492,Drakes-Thomas,MID,Crystal Palace,Everton,0,3,45,0.1,a,,,1.0,3.676899688779415,0.030360531309297913,0.4937407383320833,0.020171501856788395,,0.08089256447538422,0.0,0.9538253961054273,0.0996890659751508,1
74,111317,Brooks,MID,Bournemouth,Man City,0,5,50,0.2,d,75.0,Unspecified injury - 75% chance of playing,1.1,4.978751114416387,0.002525252525252525,1.2643340317786154,0.06994227188569273,,0.07499277693619778,-0.0001974476103662596,3.004603012767796,0.17126351169713283,1
51,577285,George Hemmings,MID,Aston Villa,Brighton,0,3,45,0.4,a,,,1.0,4.138652282913627,0.018629407850964737,0.7536308379063857,0.034655733197504146,,0.07191454889943362,0.0,1.8526150192957802,0.12245136435713563,1
137,608181,Tzimas,FWD,Brighton,Aston Villa,1,3,55,0.0,d,75.0,Knee injury - 75% chance of playing,1.3,3.828785496474183,0.013972055888223553,0.9317745035729573,0.03963960783627301,,0.06758371961272011,-0.0001974476103662596,2.9997525584206315,0.15555976831747195,1
81,561245,Rodríguez,FWD,Bournemouth,Man City,0,5,60,0.3,d,75.0,Unspecified injury - 75% chance of playing,1.5,3.531703901512433,0.03253223915592028,0.05131710353699581,0.0020137423863991733,,0.06707822069823974,0.0,0.1256867359194777,0.06999657092978703,1
409,590039,Mukasa,MID,Man City,Bournemouth,1,3,45,0.1,a,,,1.0,3.4849241717916333,0.018629407850964737,0.7681183129859285,0.02974260084133859,,0.06700141654326806,0.0,1.876112393368416,0.10990447602023443,1
170,503037,Emegha,FWD,Chelsea,Fulham,0,3,50,0.1,d,75.0,Hamstring injury - 75% chance of playing,1.0,1.8400086023604016,0.03253223915592028,0.046653279334085425,0.0009538048367004437,,0.06601828314854101,0.0,0.1252037600255923,0.06762421159511786,1
183,480457,Rudoni,MID,Coventry City,Arsenal,0,5,50,0.2,d,75.0,Shoulder injury - 75% chance of playing,1.1,1.7774085918047537,0.03253223915592028,0.04453181949397293,0.000879458206414288,,0.06594393651825485,0.0,0.1252037600255923,0.0675371254095711,1
578,465920,Mudryk,MID,Chelsea,Fulham,0,3,55,0.0,a,,,2.0,3.7248817964752594,0.030360531309297913,0.06378055166020154,0.0026397223983137177,,0.06336078501690955,0.0,0.8887404281828688,0.09750387420448467,1
340,462635,Gelhardt,MID,Leeds,Nott'm Forest,0,3,50,0.0,a,,,1.5,3.2797297468843545,0.030360531309297913,0.06788215618928971,0.002473723632629593,,0.06319478625122542,0.0,0.8880964603243551,0.09308457794113459,1
315,531442,Fatawu,MID,Ipswich Town,Sunderland,1,2,55,0.3,a,,,2.0,3.259295731869942,0.030360531309297913,0.0676398814837717,0.00244953752249162,,0.06317060014108744,0.0,0.1675823145593036,0.06678995509170721,1
316,543968,Emersonn,FWD,Ipswich Town,Sunderland,1,2,55,0.3,a,,,1.8,3.259295731869942,0.030360531309297913,0.0676398814837717,0.00244953752249162,,0.06317060014108744,0.0,0.1675823145593036,0.06678995509170721,1
318,481624,Philogene,MID,Ipswich Town,Sunderland,1,2,55,0.2,a,,,2.0,3.259295731869942,0.030360531309297913,0.0676398814837717,0.00244953752249162,,0.06317060014108744,0.0,0.1675823145593036,0.06678995509170721,1
562,442967,Maeda,MID,Ipswich Town,Sunderland,1,2,55,0.5,a,,,2.0,3.259295731869942,0.030360531309297913,0.0676398814837717,0.00244953752249162,,0.06317060014108744,0.0,0.1675823145593036,0.06678995509170721,1
313,443261,Clarke,MID,Ipswich Town,Sunderland,1,2,55,0.3,a,,,2.0,3.259295731869942,0.030360531309297913,0.0676398814837717,0.00244953752249162,,0.06317060014108744,0.0,0.1675823145593036,0.06678995509170721,1
568,543158,Barco,MID,Chelsea,Fulham,0,3,55,0.1,a,,,2.0,2.898496852738108,0.030360531309297913,0.062204372445447235,0.0020033241973297544,,0.06272438681592558,0.0,0.1675823145593036,0.06611813829998148,1
152,620109,Palestra,DEF,Chelsea,Fulham,0,3,55,2.4,a,,,2.5,2.898496852738108,0.030360531309297913,0.062204372445447235,0.0020033241973297544,,0.06272438681592558,0.0,0.1675823145593036,0.06611813829998148,1
164,593117,Quenda,MID,Chelsea,Fulham,0,3,55,0.1,a,100.0,,2.0,2.898496852738108,0.030360531309297913,0.062204372445447235,0.0020033241973297544,,0.06272438681592558,0.0,0.1675823145593036,0.06611813829998148,1
584,196100,Hamer,MID,Coventry City,Arsenal,0,5,55,0.1,a,,,2.0,2.815030171997244,0.030360531309297913,0.05937575932529724,0.0018571617109550938,,0.06257822432955092,0.0,0.1675823145593036,0.06596272119390219,1
188,226965,Torp,MID,Coventry City,Arsenal,0,5,55,0.2,a,,,2.0,2.815030171997244,0.030360531309297913,0.05937575932529724,0.0018571617109550938,,0.06257822432955092,0.0,0.1675823145593036,0.06596272119390219,1
334,522047,Muharemović,DEF,Leeds,Nott'm Forest,0,3,50,2.0,a,,,2.2,2.453344803147202,0.030360531309297913,0.06788215618928971,0.0018504259457046732,,0.0625714885643005,0.0,0.16693834670078972,0.06527169956664436,1
508,115556,Davies,DEF,Spurs,Brentford,0,3,40,0.9,a,,,1.0,3.485248413617509,0.003367003367003367,1.2283210898663772,0.047566712554108014,,0.054300719288114745,0.0,3.6707443472986085,0.14888351688087245,1
100,244858,Carvalho,MID,Brentford,Spurs,1,3,50,0.0,a,100.0,,1.5,4.2554979648865885,0.003367003367003367,0.8574770813525445,0.040544355273696056,,0.04727836200770279,0.0,1.6355855183649812,0.084069905009564,1
186,241293,Mason-Clark,MID,Coventry City,Arsenal,0,5,55,0.2,d,75.0,Hamstring injury - 75% chance of playing,1.5,2.1112726289979333,0.022770398481973434,0.04453181949397293,0.0010446534624122406,,0.04658545042635911,0.0,0.1256867359194777,0.0484892299125567,1
563,445028,Morita,MID,Hull City,Man Utd,1,4,50,0.1,d,50.0,Calf injury - 50% chance of playing,0.7,1.1918356148958105,0.021688159437280186,0.04049974700543888,0.0005363226763928002,,0.043912641550953174,0.0,0.08346917335039486,0.04448166924728163,1
103,183656,Dasilva,MID,Brentford,Spurs,1,3,50,0.0,a,,,1.5,2.299430737701153,0.003367003367003367,0.9480726746214451,0.024222527217767718,,0.030956533951774452,0.0,1.9249476560653114,0.055914937943144116,1
3,437495,Meslier,GK,Arsenal,Coventry City,1,2,50,0.1,a,,,2.6,5.228627677225506,0.0,0.22901763004389306,0.01330497687800101,,0.01330497687800101,0.0,1.089792485580737,0.06331243502822022,1
228,138001,King,GK,Everton,Crystal Palace,1,3,45,0.1,a,,,1.9,5.446995834164527,0.0,0.18136918818829287,0.01097685791674926,,0.01097685791674926,0.0,0.09120034497491246,0.0055196433239190655,1
227,229600,Travers,GK,Everton,Crystal Palace,1,3,50,0.1,a,,,2.6,3.593800948462979,0.0,0.11520447769778919,0.004600244013527744,,0.004600244013527744,0.0,1.062173137439413,0.04241376476401846,1
386,122074,Bettinelli,GK,Man City,Bournemouth,1,3,45,0.0,a,,,1.9,3.908891420558703,0.0,0.09939901771238115,0.0043171107505321025,,0.0043171107505321025,0.0,0.09120034497491246,0.003961024955826993,1
443,81441,Gillespie,GK,Newcastle,Liverpool,1,4,45,0.0,a,,,1.9,3.141506875617045,0.0,0.06263583019349309,0.0021863432356982247,,0.0021863432356982247,0.0,0.09120034497491246,0.003183405675525932,1
567,470551,Horníček,GK,Newcastle,Liverpool,1,4,50,0.5,a,,,2.6,2.383671229791621,0.0,0.08106790252481352,0.002147102521199439,,0.002147102521199439,0.0,0.16693834670078972,0.004421401490885016,1
587,106921,Rulli,GK,Man City,Bournemouth,1,3,50,0.0,a,,,2.6,2.4671379105324847,0.0,0.07539011878097106,0.0020666424458231194,,0.0020666424458231194,0.0,0.16693834670078972,0.0045762213763014875,1
251,86873,Lecomte,GK,Fulham,Chelsea,1,4,40,1.4,a,,,1.0,2.5236636826197136,0.0,0.06432511449563662,0.0018037217259221448,,0.0018037217259221448,0.0,3.686068233455386e-09,1.0335996147143959e-10,1
353,586268,Pecsi,GK,Liverpool,Newcastle,0,3,40,0.1,a,,,1.0,3.2954483297007298,0.0,0.0483343543373651,0.001769815191869256,,0.001769815191869256,0.0,3.686068233455386e-09,1.3496941559003859e-10,1
59,444172,Dennis,GK,Bournemouth,Man City,0,5,40,0.2,a,,,1.0,2.5236636826197136,0.0,0.055381564293696485,0.0015529382499407836,,0.0015529382499407836,0.0,3.686068233455386e-09,1.0335996147143959e-10,1
495,214572,Austin,GK,Spurs,Brentford,0,3,40,0.7,a,,,1.0,2.484637534874716,0.0,0.0444753336117288,0.0012278342585308492,,0.0012278342585308492,0.0,3.686068233455386e-09,1.0176159432169543e-10,1
111,49262,Steele,GK,Brighton,Aston Villa,1,3,40,4.4,a,,,1.0,2.4683457951210195,0.0,0.035635061404333236,0.0009773294886251697,,0.0009773294886251697,0.0,3.686068233455386e-09,1.0109434471754185e-10,1
444,554578,Jaouen,GK,Newcastle,Liverpool,1,4,45,0.1,a,,,1.9,2.0148438376865503,0.0,0.03854162849279976,0.0008628373629235775,,0.0008628373629235775,0.0,0.9687287061702904,0.02168707848908083,1
572,473284,Tzolakis,GK,Hull City,Man Utd,1,4,45,0.4,a,,,1.9,2.0148438376865503,0.0,0.038473219978863965,0.0008613058910041459,,0.0008613058910041459,0.0,0.9687287061702904,0.02168707848908083,1
554,546600,Van Oevelen,GK,Ipswich Town,Sunderland,1,2,45,0.1,a,,,1.9,2.518601219302989,0.0,0.02511360745175789,0.0007027906927677117,,0.0007027906927677117,0.0,0.9687287061702904,0.027109347783714446,1
564,240514,Scherpen,GK,Ipswich Town,Sunderland,1,2,45,0.5,a,,,1.9,2.518601219302989,0.0,0.02511360745175789,0.0007027906927677117,,0.0007027906927677117,0.0,0.9687287061702904,0.027109347783714446,1
300,108813,Walton,GK,Ipswich Town,Sunderland,1,2,45,0.6,a,,,1.9,2.518601219302989,0.0,0.02511360745175789,0.0007027906927677117,,0.0007027906927677117,0.0,0.9687287061702904,0.027109347783714446,1
555,169593,Matthews,GK,Crystal Palace,Everton,0,3,40,1.7,a,,,1.0,1.9434893462870362,0.0,0.025665378912187117,0.0005542265609361736,,0.0005542265609361736,0.0,3.686068233455386e-09,7.959815934897355e-11,1
252,505079,McNally,GK,Fulham,Chelsea,1,4,40,0.2,a,,,1.0,1.4716333924116076,0.0,0.033476190384382536,0.0005473853291153968,,0.0005473853291153968,0.0,0.14673761300928728,0.0023993774580804345,1
560,549939,Penders,GK,Chelsea,Fulham,0,3,45,0.1,a,,,1.9,2.0983105184274153,0.0,0.019678098413433445,0.0004587862320395248,,0.0004587862320395248,0.0,0.9687287061702904,0.022585484818441123,1
273,167825,Phillips,GK,Hull City,Man Utd,1,4,40,1.9,a,,,1.0,1.693462264974013,0.0,0.021413975746532088,0.0004029306652202312,,0.0004029306652202312,0.0,0.14673761300928728,0.00276105122759542,1
276,444307,Lo-Tutala,GK,Hull City,Man Utd,1,4,40,0.2,a,,,1.0,1.693462264974013,0.0,0.021413975746532088,0.0004029306652202312,,0.0004029306652202312,0.0,0.14673761300928728,0.00276105122759542,1
172,110690,Wilson,GK,Coventry City,Arsenal,0,5,45,0.6,a,,,1.9,2.0148438376865503,0.0,0.016467640982305028,0.0003686636106047975,,0.0003686636106047975,0.0,0.9687287061702904,0.02168707848908083,1
110,472739,Rushworth,GK,Coventry City,Arsenal,0,5,45,0.9,a,,,1.9,2.0148438376865503,0.0,0.016467640982305028,0.0003686636106047975,,0.0003686636106047975,0.0,0.9687287061702904,0.02168707848908083,1
58,40383,Forster,GK,Bournemouth,Man City,0,5,40,3.2,a,,,1.0,1.5321511070641016,0.0,0.021345047882128307,0.0003633759860326571,,0.0003633759860326571,0.0,0.026436194352479937,0.0004500471604857098,1
355,464353,Davies,GK,Liverpool,Newcastle,0,3,40,0.1,a,,,1.0,1.7769289457148776,0.0,0.011538138681803615,0.00022780502892632607,,0.00022780502892632607,0.0,0.14673761300928728,0.00289713679979234,1
301,112520,Palmer,GK,Ipswich Town,Sunderland,1,2,40,5.6,a,,,1.0,2.1972196465904545,0.0,0.008054363219426,0.00019663561229442614,,0.00019663561229442614,0.0,0.14673761300928728,0.00358238629108659,1
302,50093,Button,GK,Ipswich Town,Sunderland,1,2,40,0.5,a,,,1.0,2.1972196465904545,0.0,0.008054363219426,0.00019663561229442614,,0.00019663561229442614,0.0,0.14673761300928728,0.00358238629108659,1
171,484389,Dovin,GK,Coventry City,Arsenal,0,5,40,2.3,a,,,1.0,1.693462264974013,0.0,0.003900054775680585,7.338439548829732e-05,,7.338439548829732e-05,0.0,0.14673761300928728,0.00276105122759542,1
193,176412,Wright,FWD,Coventry City,Arsenal,0,5,55,1.3,i,0.0,Thigh injury - Unknown return date,0.0,0.0,0.0,0.0,0.0,,0.0,0.0,0.0,0.0,1
331,243526,Gudmundsson,DEF,Leeds,Nott'm Forest,0,3,45,0.2,i,0.0,Hamstring injury - Expected back 30 Aug,0.0,0.0,0.0,0.0,0.0,,0.0,-0.0,0.0,0.0,1
344,486520,Gruev,MID,Leeds,Nott'm Forest,0,3,50,0.0,i,0.0,Knee injury - Unknown return date,0.0,0.0,0.0,0.0,0.0,,0.0,0.0,0.0,0.0,1
143,180736,Chalobah,DEF,Chelsea,Fulham,0,3,55,1.0,u,0.0,Has joined Como permanently,0.0,0.0,0.0,0.0,0.0,,0.0,0.0,0.0,0.0,1
141,508479,Jörgensen,GK,Chelsea,Fulham,0,3,50,0.1,u,0.0,Has joined RC Strasbourg on loan for the rest of the season,0.0,0.0,0.0,0.0,0.0,,0.0,0.0,0.0,0.0,1
139,487117,Ferguson,FWD,Brighton,Aston Villa,1,3,50,0.0,i,0.0,Ankle injury - Expected back 10 Oct,0.0,0.0,0.0,0.0,0.0,,0.0,0.0,0.0,0.0,1
133,549074,Watson,MID,Brighton,Aston Villa,1,3,50,0.0,u,0.0,Has joined Leicester City on loan for the rest of the season,0.0,0.0,0.0,0.0,0.0,,0.0,0.0,0.0,0.0,1
402,220566,Rodrigo,MID,Man City,Bournemouth,1,3,65,0.1,i,0.0,Back injury - Unknown return date,0.0,0.0,0.0,0.0,0.0,,0.0,0.0,0.0,0.0,1
380,510663,Ekitiké,FWD,Liverpool,Newcastle,0,3,75,0.2,i,0.0,Achilles injury - Unknown return date,0.0,0.0,0.0,0.0,0.0,,0.0,0.0,0.0,0.0,1
382,500058,Danns,FWD,Liverpool,Newcastle,0,3,45,0.0,i,0.0,Unspecified injury - Unknown return date,0.0,0.0,0.0,0.0,0.0,,0.0,0.0,0.0,0.0,1
145,444463,Fofana,DEF,Chelsea,Fulham,0,3,50,0.0,s,0.0,Suspended until 6 Sep,0.0,0.0,0.0,0.0,0.0,,0.0,-0.0,0.0,0.0,1
311,149929,Burns,MID,Ipswich Town,Sunderland,1,2,50,0.0,u,0.0,Has joined Leicester City permanently,0.0,0.0,0.0,0.0,0.0,,0.0,0.0,0.0,0.0,1
310,241117,Matusiwa,MID,Ipswich Town,Sunderland,1,2,50,0.0,i,0.0,Muscular injury - Unknown return date,0.0,0.0,0.0,0.0,0.0,,0.0,0.0,0.0,0.0,1
349,565297,Mateo Joseph,FWD,Leeds,Nott'm Forest,0,3,45,0.2,i,0.0,Knee injury - Unknown return date,0.0,0.0,0.0,0.0,0.0,,0.0,0.0,0.0,0.0,1
354,432987,Jaros,GK,Liverpool,Newcastle,0,3,40,0.0,i,0.0,Knee injury - Unknown return date,0.0,0.0,0.0,0.0,0.0,,0.0,0.0,0.0,0.0,1
360,492777,Bradley,DEF,Liverpool,Newcastle,0,3,50,0.0,i,0.0,Knee injury - Unknown return date,0.0,0.0,0.0,0.0,0.0,,0.0,0.0,0.0,0.0,1
359,171287,Gomez,DEF,Liverpool,Newcastle,0,3,50,0.0,i,0.0,Muscular injury - Unknown return date,0.0,0.0,0.0,0.0,0.0,,0.0,0.0,0.0,0.0,1
376,535928,Bajcetic,MID,Liverpool,Newcastle,0,3,50,0.0,i,0.0,Hamstring injury - Expected back 23 Aug,0.0,0.0,0.0,0.0,0.0,,0.0,0.0,0.0,0.0,1
363,647681,Leoni,DEF,Liverpool,Newcastle,0,3,40,0.1,i,0.0,Knee injury - Unknown return date,0.0,0.0,0.0,0.0,0.0,,0.0,0.0,0.0,0.0,1
312,231899,Taylor,MID,Ipswich Town,Sunderland,1,2,45,0.1,i,0.0,Knee injury - Unknown return date,0.0,0.0,0.0,0.0,0.0,,0.0,0.0,0.0,0.0,1
30,101188,Digne,DEF,Aston Villa,Brighton,0,3,45,0.7,u,0.0,Has joined Paris Saint-Germain permanently,0.0,0.0,0.0,0.0,0.0,,0.0,-0.0,0.0,0.0,1
521,445044,Kulusevski,MID,Spurs,Brentford,0,3,65,0.0,i,0.0,Knee injury - Unknown return date,0.0,0.0,0.0,0.0,0.0,,0.0,0.0,0.0,0.0,1
197,549653,Bassette,FWD,Coventry City,Arsenal,0,5,45,0.2,u,0.0,Has joined KVC Westerlo on loan for the rest of the season,0.0,0.0,0.0,0.0,0.0,,0.0,0.0,0.0,0.0,1
540,105717,Masuaku,DEF,Sunderland,Ipswich Town,0,2,40,1.0,u,0.0,Has joined Konyaspor permanently,0.0,0.0,0.0,0.0,0.0,,0.0,0.0,0.0,0.0,1
538,477547,Hjelde,DEF,Sunderland,Ipswich Town,0,2,40,0.2,u,0.0,Has joined KV Mechelen on loan for the rest of the season,0.0,0.0,0.0,0.0,0.0,,0.0,0.0,0.0,0.0,1
220,590014,Cardines,DEF,Crystal Palace,Everton,0,3,45,0.0,u,0.0,Has joined Bristol City on loan for the rest of the season,0.0,0.0,0.0,0.0,0.0,,0.0,0.0,0.0,0.0,1
225,660392,Uche,FWD,Crystal Palace,Everton,0,3,50,0.0,u,0.0,has returned to Getafe CF,0.0,0.0,0.0,0.0,0.0,,0.0,0.0,0.0,0.0,1
517,550839,Odobert,MID,Spurs,Brentford,0,3,55,0.0,i,0.0,Knee injury - Unknown return date,0.0,0.0,0.0,0.0,0.0,,0.0,0.0,0.0,0.0,1
342,221399,Harrison,MID,Leeds,Nott'm Forest,0,3,50,0.0,u,0.0,Has joined New England Revolution permanently,0.0,0.0,0.0,0.0,0.0,,0.0,0.0,0.0,0.0,1
294,553783,Zambrano,MID,Hull City,Man Utd,1,4,45,0.3,i,0.0,Thigh injury - Unknown return date,0.0,0.0,0.0,0.0,0.0,,0.0,0.0,0.0,0.0,1
414,21205,Heaton,GK,Man Utd,Hull City,0,2,40,0.3,i,0.0,Hamstring injury - Unknown return date,0.0,0.0,0.0,0.0,0.0,,0.0,0.0,0.0,0.0,1
131,535301,Baleba,MID,Brighton,Aston Villa,1,3,50,0.3,i,0.0,Ankle injury - Expected back 23 Aug,0.0,0.0,0.0,0.0,0.0,,0.0,-0.0,0.0,0.0,1
128,536916,Buonanotte,MID,Brighton,Aston Villa,1,3,50,0.0,u,0.0,Has joined Elche on loan for the rest of the season,0.0,0.0,0.0,0.0,0.0,,0.0,0.0,0.0,0.0,1
122,592031,Minteh,MID,Brighton,Aston Villa,1,3,60,0.6,i,0.0,Leg injury - Expected back 28 Nov,0.0,0.0,0.0,0.0,0.0,,0.0,0.0,0.0,0.0,1
433,232112,Ugarte,MID,Man Utd,Hull City,0,2,50,0.0,i,0.0,Knee injury - Unknown return date,0.0,0.0,0.0,0.0,0.0,,0.0,0.0,0.0,0.0,1
291,465525,Matazo,MID,Hull City,Man Utd,1,4,45,0.0,i,0.0,Knee injury - Unknown return date,0.0,0.0,0.0,0.0,0.0,,0.0,0.0,0.0,0.0,1
278,501902,Hughes,DEF,Hull City,Man Utd,1,4,40,0.5,i,0.0,Groin injury - Unknown return date,0.0,0.0,0.0,0.0,0.0,,0.0,0.0,0.0,0.0,1
281,433590,Drameh,DEF,Hull City,Man Utd,1,4,40,0.0,i,0.0,Hamstring injury - Expected back 29 Aug,0.0,0.0,0.0,0.0,0.0,,0.0,0.0,0.0,0.0,1
85,444765,Van den Berg,DEF,Brentford,Spurs,1,3,50,0.7,i,0.0,Unspecified injury - Unknown return date,0.0,0.0,0.0,0.0,0.0,,0.0,0.0,0.0,0.0,1
451,545477,A.Murphy,DEF,Newcastle,Liverpool,1,4,40,0.5,u,0.0,Has joined FC Kaiserslautern on loan for the rest of the season,0.0,0.0,0.0,0.0,0.0,,0.0,0.0,0.0,0.0,1
293,490161,Kamara,MID,Hull City,Man Utd,1,4,50,0.0,u,0.0,Has joined Portsmouth permanently,0.0,0.0,0.0,0.0,0.0,,0.0,0.0,0.0,0.0,1
297,470294,Gyabi,MID,Hull City,Man Utd,1,4,45,0.1,i,0.0,Thigh injury - Unknown return date,0.0,0.0,0.0,0.0,0.0,,0.0,0.0,0.0,0.0,1
299,534392,Burstow,FWD,Hull City,Man Utd,1,4,45,0.3,u,0.0,Has joined Sheffield Wednesday on loan for the rest of the season,0.0,0.0,0.0,0.0,0.0,,0.0,0.0,0.0,0.0,1
121,451340,Mitoma,MID,Brighton,Aston Villa,1,3,60,0.1,i,0.0,Hamstring injury - Unknown return date,0.0,0.0,0.0,0.0,0.0,,0.0,-0.0,0.0,0.0,1
416,209365,De Ligt,DEF,Man Utd,Hull City,0,2,50,0.0,i,0.0,Back injury - Unknown return date,0.0,0.0,0.0,0.0,0.0,,0.0,0.0,0.0,0.0,1
413,451302,Bayindir,GK,Man Utd,Hull City,0,2,45,0.1,u,0.0,Has joined Celta Vigo on loan for the rest of the season,0.0,0.0,0.0,0.0,0.0,,0.0,-0.0,0.0,0.0,1
80,168636,Enes Ünal,FWD,Bournemouth,Man City,0,5,55,0.2,u,0.0,Has joined Getafe permanently,0.0,0.0,0.0,0.0,0.0,,0.0,0.0,0.0,0.0,1
475,500151,Savona,DEF,Nott'm Forest,Leeds,1,2,45,0.0,i,0.0,Knee injury - Unknown return date,0.0,0.0,0.0,0.0,0.0,,0.0,0.0,0.0,0.0,1
78,560262,Kroupi.Jr,MID,Bournemouth,Man City,0,5,75,2.3,i,0.0,Foot injury - Unknown return date,0.0,0.0,0.0,0.0,0.0,,0.0,0.0,0.0,0.0,1
77,489888,Adli,MID,Bournemouth,Man City,0,5,50,0.2,i,0.0,Unspecified injury - Unknown return date,0.0,0.0,0.0,0.0,0.0,,0.0,0.0,0.0,0.0,1
75,158499,Christie,MID,Bournemouth,Man City,0,5,50,0.0,s,0.0,Suspended until 29 Aug,0.0,0.0,0.0,-0.0,-0.0,,0.0,-0.0,0.0,0.0,1
63,620487,Milosavljević,DEF,Bournemouth,Man City,0,5,50,0.0,i,0.0,Unspecified injury - Unknown return date,0.0,0.0,0.0,0.0,0.0,,0.0,0.0,0.0,0.0,1
65,436893,J.Araujo,DEF,Bournemouth,Man City,0,5,45,0.1,i,0.0,Thigh injury - Unknown return date,0.0,0.0,0.0,0.0,0.0,,0.0,0.0,0.0,0.0,1
274,105666,Butland,GK,Hull City,Man Utd,1,4,45,0.5,i,0.0,Arm injury - Unknown return date,0.0,0.0,0.0,0.0,0.0,,0.0,0.0,0.0,0.0,1
275,494950,Cartwright,GK,Hull City,Man Utd,1,4,40,0.1,u,0.0,Has joined Grimsby Town on loan for the rest of the season,0.0,0.0,0.0,0.0,0.0,,0.0,0.0,0.0,0.0,1
253,174874,Andersen,DEF,Fulham,Chelsea,1,4,50,0.0,s,0.0,Suspended until 30 Aug,0.0,0.0,0.0,0.0,0.0,,0.0,-0.0,0.0,0.0,1
266,76357,Cairney,MID,Fulham,Chelsea,1,4,50,0.0,i,0.0,Knee injury - Expected back 10 Oct,0.0,0.0,0.0,0.0,0.0,,0.0,0.0,0.0,0.0,1
54,448089,Gomes,MID,Aston Villa,Brighton,0,3,55,0.3,i,0.0,Calf injury - Unknown return date,0.0,0.0,0.0,0.0,0.0,,0.0,0.0,0.0,0.0,1
582,690838,Madjo,FWD,Aston Villa,Brighton,0,3,55,1.6,i,0.0,Unspecified injury - Unknown return date,0.0,0.0,0.0,0.0,0.0,,0.0,0.0,0.0,0.0,1
48,449871,Onana,MID,Aston Villa,Brighton,0,3,50,0.0,i,0.0,Knee injury - Unknown return date,0.0,0.0,0.0,0.0,0.0,,0.0,-0.0,0.0,0.0,1
240,490094,Iroegbunam,MID,Everton,Crystal Palace,1,3,50,0.1,i,0.0,Groin injury - Unknown return date,0.0,0.0,0.0,0.0,0.0,,0.0,0.0,0.0,0.0,1
239,232928,Garner,MID,Everton,Crystal Palace,1,3,60,0.4,i,0.0,Groin injury - Expected back 22 Aug,0.0,0.0,0.0,0.0,0.0,,0.0,0.0,0.0,0.0,1
53,614071,Manzambi,MID,Aston Villa,Brighton,0,3,60,1.6,i,0.0,Knee injury - Unknown return date,0.0,0.0,0.0,0.0,0.0,,0.0,0.0,0.0,0.0,1
530,232571,Patterson,GK,Sunderland,Ipswich Town,0,2,40,0.7,u,0.0,Has joined Wrexham permanently,0.0,0.0,0.0,0.0,0.0,,0.0,0.0,0.0,0.0,1
513,493362,Xavi,MID,Spurs,Brentford,0,3,60,0.0,i,0.0,Knee injury - Unknown return date,0.0,0.0,0.0,0.0,0.0,,0.0,0.0,0.0,0.0,1
6,462424,Saliba,DEF,Arsenal,Coventry City,1,2,60,0.4,i,0.0,Back injury - Unknown return date,0.0,0.0,0.0,0.0,0.0,,0.0,0.0,0.0,0.0,1
5,445122,J.Timber,DEF,Arsenal,Coventry City,1,2,65,0.3,i,0.0,Groin injury - Unknown return date,0.0,0.0,0.0,0.0,0.0,,0.0,-0.0,0.0,0.0,1
