id,player_code,web_name,position,team_name,opponent_name,was_home,fdr,now_cost,selected_by_percent,status,chance_of_playing_next_round,news,ep_next,pred_minutes,pred_defcon,pred_points,pred_points_decomposed,pred_points_tabfm,e_points_final,pred_points_p10,pred_points_p90,e_points_p90,event
397,437730,Semenyo,MID,Man City,Crystal Palace,0,3,85,24.4,a,,,2.9,86.48648648648648,0.0031545741324921135,6.760232848781641,6.49631985468506,,6.502629002950044,0.0788684881451537,15.500840708656089,14.902011931357922,2
368,424876,Szoboszlai,MID,Liverpool,Nott'm Forest,1,3,70,43.1,a,,,2.5,89.77777777777777,0.0356020942408377,6.377161739178306,6.361415660809964,,6.4326198492916395,0.7260237384865286,11.046263128819895,11.090192593526705,2
411,223094,Haaland,FWD,Man City,Crystal Palace,0,3,155,68.0,a,,,4.0,87.98232387048671,0.0012674271229404308,6.532617871598339,6.386165570012163,,6.388700424258044,0.6765415905849322,12.780527472853686,12.496540491493281,2
155,448047,Enzo,MID,Chelsea,Brighton,1,2,70,4.6,a,,,2.5,86.5,0.0356020942408377,5.894430983585273,5.665203112001401,,5.7364073004830765,0.6238303271915977,10.370384253593107,10.038295721101717,2
106,502500,Thiago,FWD,Brentford,Leeds,0,3,80,16.7,a,,,2.5,88.3754517588071,0.025380710659898477,5.219261226637577,5.125050763903572,,5.17581218522337,0.4740155300591583,9.79596947730161,9.669908398786632,2
154,244851,Palmer,MID,Chelsea,Brighton,1,2,95,15.2,a,100.0,,3.2,86.01017157903817,0.012195121951219513,4.962492023744368,4.742497671354016,,4.766887915256455,0.4569914286084809,9.758019936836881,9.34982323322483,2
239,232928,Garner,MID,Everton,Bournemouth,0,3,60,0.1,a,100.0,,2.2,89.8157894736842,0.18518518518518517,4.315595954214067,4.30676286307971,,4.67713323345008,0.7053789770264478,8.1076529649628,8.461428724001374,2
226,111234,Pickford,GK,Everton,Bournemouth,0,3,55,8.8,a,,,3.3,90.0,0.0,4.608019229456009,4.608019229456009,,4.608019229456009,0.07533883320804553,7.36113981984389,7.36113981984389,2
12,223340,Saka,MID,Arsenal,Aston Villa,0,4,95,10.4,a,,,3.2,71.54838709677419,0.0356020942408377,5.670200858676926,4.507708066145313,,4.578912254626989,0.7432965842061755,10.903896726948743,8.739606676070316,2
426,141746,B.Fernandes,MID,Man Utd,Ipswich Town,1,2,120,48.6,a,,,4.0,90.0,0.012345679012345678,4.552182626436481,4.552182626436481,,4.576873984461172,0.6765415905849322,11.106982791154831,11.131674149179522,2
481,215379,Anderson,MID,Man City,Crystal Palace,0,3,64,6.2,a,100.0,,2.3,87.6842105263158,0.10551558752997602,4.374635500344187,4.262071779867495,,4.473102954927446,0.8425515819270761,12.730812334608382,12.614267051935721,2
346,177815,Calvert-Lewin,FWD,Leeds,Brentford,1,3,60,28.9,a,,,2.0,77.74285714285715,0.010899182561307902,5.068043858647075,4.377824552183711,,4.399622917306327,0.6871790213460182,10.861050530739908,9.40367725215223,2
384,204936,Donnarumma,GK,Man City,Crystal Palace,0,3,55,8.3,a,,,3.3,90.0,0.0,4.391337298112958,4.391337298112958,,4.391337298112958,0.00020792262731150765,7.532777287972385,7.532777287972385,2
498,221466,Senesi,DEF,Spurs,Newcastle,1,2,60,7.7,a,,,2.8,88.86486486486487,0.25784753363228696,3.923826387015992,3.874336684837412,,4.3900317521019865,0.0774606323914085,7.979573819349037,8.394625613216416,2
201,247348,Muñoz,DEF,Crystal Palace,Man City,1,4,55,8.5,a,,,2.5,82.75862068965517,0.04570383912248629,4.6147333984474095,4.243433010066584,,4.334840688311556,-4.976392657335575e-13,13.135577650276472,12.170099770453223,2
40,244850,Rogers,MID,Chelsea,Brighton,1,2,75,26.0,a,,,2.6,90.0,0.04570383912248629,4.210020013199758,4.210020013199758,,4.30142769144473,0.6927145110364601,8.855593337826086,8.94700101607106,2
499,441164,Pedro Porro,DEF,Spurs,Newcastle,1,2,55,13.6,a,100.0,,2.5,82.81973661995835,0.1552511415525114,4.327897185574274,3.982614500305782,,4.293116783410805,0.6765415651362426,8.364798344553918,8.00795112504968,2
13,204480,Rice,MID,Arsenal,Aston Villa,0,4,75,17.1,a,,,2.6,85.91666666666667,0.10576923076923077,4.208988342066135,4.018024982102024,,4.229563443640486,0.07699529251675624,9.706113648503663,9.477282138952608,2
427,446008,Mbeumo,MID,Man Utd,Ipswich Town,1,2,80,36.1,a,,,2.8,79.12121212121212,0.0012674271229404308,4.765470914904824,4.189442612396127,,4.191977466642008,0.8336078351445869,11.76369248638954,10.344286060294058,2
471,227444,Milenković,DEF,Nott'm Forest,Liverpool,0,4,55,1.8,a,,,2.5,88.8157894736842,0.25784753363228696,3.7099702772344605,3.6611548788497963,,4.17684994611437,0.07646248111810194,7.817557564050473,8.230390031788067,2
31,199798,Konsa,DEF,Arsenal,Aston Villa,0,4,45,11.0,a,,,1.7,89.26470588235294,0.323943661971831,3.5153977506588894,3.4866771808005654,,4.134564504744228,8.164511517532937e-05,7.380218662322346,7.967810082162067,2
388,209036,Guéhi,DEF,Man City,Crystal Palace,0,3,60,19.3,a,,,2.8,90.0,0.18518518518518517,3.7627338449170726,3.7627338449170726,,4.133104215287443,0.07715698500395672,8.00836616919599,8.37873653956636,2
469,215136,N.Williams,DEF,Nott'm Forest,Liverpool,0,4,50,9.1,a,,,2.2,86.56756756756756,0.10416666666666667,4.071171044773199,3.9159041610836507,,4.124237494416984,0.10759732136336267,7.939080555042602,7.844632137477913,2
229,17761,Tarkowski,DEF,Everton,Bournemouth,0,3,60,8.8,a,,,2.8,90.0,0.1552511415525114,3.8013187447841204,3.8013187447841204,,4.111821027889143,0.7359364941012035,9.453229295949994,9.763731579055017,2
387,472769,O'Reilly,DEF,Man City,Crystal Palace,0,3,65,21.0,a,,,3.1,85.61144725925966,0.037815126050420166,4.226400086209322,4.020313645300443,,4.095943897401283,0.5294735390561134,9.4720283676344,9.085786441366881,2
79,444102,Evanilson,FWD,Bournemouth,Everton,1,3,60,2.9,a,,,2.0,76.13888888888889,0.012195121951219513,4.779663997487457,4.0435367336768895,,4.0679269775793285,0.08876937526299507,9.58957441742537,8.13705181123668,2
525,551226,Fernandes,MID,Spurs,Newcastle,1,2,60,1.7,a,,,2.2,86.54793867538643,0.25784753363228696,3.6833874352799985,3.5421065540700245,,4.057801621334598,0.6765415905849322,7.894718452346316,8.107601828076914,2
356,97032,Virgil,DEF,Liverpool,Nott'm Forest,1,3,65,19.6,a,,,3.1,90.0,0.10551558752997602,3.83012353290112,3.83012353290112,,4.041154707961072,0.6704493877429519,8.80125524920596,9.012286424265913,2
198,172649,Henderson,GK,Crystal Palace,Man City,1,4,50,1.9,a,100.0,,2.6,90.0,0.0,4.02745748274177,4.02745748274177,,4.02745748274177,0.04830495750453432,7.848521912799347,7.848521912799347,2
367,243298,Gakpo,MID,Liverpool,Nott'm Forest,1,3,70,6.0,a,,,2.5,77.91157353219214,0.0031545741324921135,4.633990640919865,4.011572250750202,,4.017881399015186,0.07324559818125925,8.531579903611297,7.391962648331476,2
61,494521,Truffert,DEF,Bournemouth,Everton,1,3,55,4.2,a,,,2.5,88.89473684210526,0.10551558752997602,3.8515117004891266,3.8042124339918915,,4.0152436090518435,0.6863079285436412,8.595028438688907,8.700506632922854,2
94,513418,Schade,MID,Brentford,Leeds,0,3,60,3.5,a,,,2.2,80.21129743084832,0.008,4.475183419692722,3.988447425939709,,4.004447425939709,0.07324559666461578,7.964618761815213,7.114360049191943,2
124,60307,Groß,MID,Brighton,Chelsea,0,4,55,13.1,a,,,2.0,86.10526315789474,0.07214428857715431,3.9727394416931623,3.800819723163751,,3.9451083003180596,0.6860745760926615,8.697063612298702,8.464988033131313,2
385,432720,Trafford,GK,Leeds,Brentford,1,3,50,4.2,a,,,2.6,90.0,0.0,3.929243612656944,3.929243612656944,,3.929243612656944,0.07973932954154556,7.540340834109966,7.540340834109966,2
335,466525,Stach,MID,Leeds,Brentford,1,3,60,2.2,a,,,2.2,81.6896551724138,0.10551558752997602,4.069692627361193,3.693908748742784,,3.9049399238027362,0.7391994483987514,9.006204618132955,8.385628393587528,2
237,440993,Ndiaye,MID,Everton,Bournemouth,0,3,60,16.0,a,,,2.2,86.90625,0.0356020942408377,3.9564052255499162,3.8204037959216377,,3.891607984403313,0.08214740910358363,9.012238990938696,8.773647464106853,2
468,221389,John,GK,Nott'm Forest,Liverpool,0,4,45,0.1,a,,,1.9,87.4,0.0,3.993336644721153,3.8779735860958757,,3.8779735860958757,-9.282259877494045e-09,8.569715558524232,8.322145997944643,2
68,201658,Tavernier,MID,Bournemouth,Everton,1,3,60,2.3,a,,,2.2,83.09677860233859,0.07214428857715431,3.953320079531493,3.650090704366756,,3.794379281521065,0.6765415905849322,9.894379642333389,9.279744961003905,2
372,243016,Mac Allister,MID,Liverpool,Nott'm Forest,1,3,55,1.6,a,,,2.0,87.05004391594697,0.0356020942408377,3.825746611577282,3.7003490061009745,,3.77155319458265,0.44403933654434735,8.448555151812863,8.24283859949956,2
109,489639,Verbruggen,GK,Brighton,Chelsea,0,4,45,21.5,a,,,1.9,90.0,0.0,3.7518997394733926,3.7518997394733926,,3.7518997394733926,0.0002097689666584292,8.228622308838853,8.228622308838853,2
544,84450,Xhaka,MID,Sunderland,Fulham,1,2,55,4.6,a,,,2.0,85.32352941176471,0.18518518518518517,3.557334320433079,3.372492439077243,,3.742862809447613,8.088400935526756e-05,7.829049041272018,7.792615883027274,2
200,437499,Lacroix,DEF,Chelsea,Brighton,1,2,60,9.5,a,,,2.8,88.14285714285714,0.25784753363228696,3.281940715986243,3.214218129783352,,3.729913197047926,0.03560079599833214,9.500335055782246,9.819991463165598,2
472,575476,Murillo,DEF,Nott'm Forest,Liverpool,0,4,55,1.7,a,100.0,,2.5,85.2,0.1552511415525114,3.5458344621929854,3.356723290876026,,3.6672255739810486,3.8571146144153075e-10,12.555715718477977,12.196579829930842,2
351,449027,Mamardashvili,GK,Liverpool,Nott'm Forest,1,3,50,0.2,a,,,2.6,86.7,0.0,3.7813389777313158,3.6426898818811675,,3.6426898818811675,0.00016092305179057226,8.478613225576066,8.167730740638277,2
1,154561,Raya,GK,Arsenal,Aston Villa,0,4,60,38.3,a,,,4.0,90.0,0.0,3.622006187504391,3.622006187504391,,3.622006187504391,0.08661403208833098,8.44146319943348,8.44146319943348,2
542,484420,E.Le Fée,MID,Sunderland,Fulham,1,2,60,8.9,a,,,2.2,83.984764931267,0.10551558752997602,3.650995761249056,3.406978008595046,,3.618009183654998,0.6765415905849322,9.453270343138108,9.032483259506304,2
503,491279,Van de Ven,DEF,Spurs,Newcastle,1,2,50,4.3,a,100.0,,2.2,86.88571428571429,0.1552511415525114,3.376474985285338,3.259638231826258,,3.570140514931281,0.07639300066591351,7.043426272713999,7.110203646699712,2
261,153133,Iwobi,MID,Fulham,Sunderland,0,3,55,1.0,a,,,2.0,83.44827586206897,0.0356020942408377,3.7703999808097155,3.4959264189883186,,3.567130607469994,0.7168303153429305,8.339138543911757,7.803279006974569,2
236,215413,Dewsbury-Hall,MID,Everton,Bournemouth,0,3,65,4.5,a,,,2.3,84.80645161290323,0.10416666666666667,3.5345033201645464,3.3305409421908934,,3.538874275524227,0.5482857175292585,8.624663464343177,8.335301164071044,2
535,201895,Alderete,DEF,Sunderland,Fulham,1,2,50,0.5,a,100.0,,2.2,84.75757575757575,0.18518518518518517,3.358230781649098,3.1626166654116252,,3.5329870357819955,0.0,11.009006909024784,10.738111893785293,2
82,200720,Kelleher,GK,Brentford,Leeds,0,3,50,6.4,a,,,2.6,90.0,0.0,3.5139156070549906,3.5139156070549906,,3.5139156070549906,0.07553050914526382,7.04935799361124,7.04935799361124,2
328,222694,Struijk,DEF,Brighton,Chelsea,0,4,50,0.2,a,100.0,,2.2,86.32352941176471,0.18518518518518517,3.277332619088803,3.143454652622757,,3.513825022993127,8.591230179329946e-05,7.398298068063456,7.466450380097901,2
112,469142,Van Hecke,DEF,Spurs,Newcastle,1,2,50,9.7,a,,,2.2,89.16666666666667,0.10551558752997602,3.324172442556101,3.293393068087989,,3.504424243147941,8.183763980679515e-05,7.286339586669257,7.4299046544452345,2
496,485055,Kinsky,GK,Spurs,Newcastle,1,2,45,22.8,a,,,1.9,90.0,0.0,3.487663730476805,3.487663730476805,,3.487663730476805,0.00012299182645790702,7.170718399879226,7.170718399879226,2
69,503139,Scott,MID,Bournemouth,Everton,1,3,60,1.5,a,,,2.2,88.40276797654221,0.1552511415525114,3.220591664394115,3.163435751717987,,3.47393803482301,0.07324557379563096,7.613580642684969,7.788964538949161,2
84,432830,Collins,DEF,Brentford,Leeds,0,3,55,2.1,a,,,2.5,88.12921926977043,0.25784753363228696,3.0010275931683026,2.9386468754773416,,3.4543419427419155,0.07324557379563096,6.923375037887953,7.295157698385491,2
60,463981,Hill,DEF,Bournemouth,Everton,1,3,55,0.9,a,,,2.5,83.16110723013897,0.25784753363228696,3.167619000801204,2.92691892655394,,3.442613993818514,0.07324557392601704,7.057814378418104,7.037202382087292,2
529,498016,Roefs,GK,Sunderland,Fulham,1,2,50,4.0,a,,,2.6,90.0,0.0,3.437200911945926,3.437200911945926,,3.437200911945926,0.07641980098381751,6.9167887287120475,6.9167887287120475,2
19,481655,Zubimendi,MID,Arsenal,Aston Villa,0,4,55,1.0,a,,,2.0,78.71052631578948,0.07214428857715431,3.762394282698804,3.2904448244304456,,3.4347334015847544,0.0550072195922879,8.57350776183899,7.642347558341566,2
67,499604,Rayan,MID,Bournemouth,Everton,1,3,65,2.8,a,,,2.3,74.0,0.04570383912248629,4.0486823444525895,3.3289165943276844,,3.420324272572657,0.5973739928729651,10.633855535570772,8.834800007492053,2
371,441266,Gravenberch,MID,Liverpool,Nott'm Forest,1,3,60,2.0,a,,,2.2,83.08333333333333,0.0356020942408377,3.5624207645537016,3.288642131722259,,3.3598463202039346,0.11444473885236237,9.246641969446177,8.607224599164857,2
527,212319,Richarlison,FWD,Spurs,Newcastle,1,2,60,2.9,a,,,2.0,73.46617328876225,0.0031545741324921135,4.102742341086218,3.349030886548691,,3.355340034813675,0.6765415907084193,8.258844546497697,6.747928088464415,2
473,159506,Aina,DEF,Nott'm Forest,Liverpool,0,4,45,3.5,a,,,1.7,88.16666666666667,0.1552511415525114,3.1080661414607267,3.0447536830235635,,3.3552559661285866,-4.1051575065198647e-14,7.195226776378179,7.359159625149572,2
250,80201,Leno,GK,Fulham,Sunderland,0,3,45,3.0,a,,,1.9,90.0,0.0,3.3480450776918884,3.3480450776918884,,3.3480450776918884,0.00019834973546600297,6.806604672547383,6.806604672547383,2
350,116535,A.Becker,GK,Liverpool,Nott'm Forest,1,3,55,3.8,a,,,3.3,90.0,0.0,3.3448918882037555,3.3448918882037555,,3.3448918882037555,0.07579504682673609,7.279979848858641,7.279979848858641,2
445,465642,Thiaw,DEF,Newcastle,Spurs,0,3,50,1.7,a,,,2.2,84.65714285714286,0.18518518518518517,3.1540353436565716,2.9667957851601336,,3.337166155530504,8.33233066032836e-05,6.5464083894317575,6.52815070620729,2
156,247632,Neto,MID,Chelsea,Brighton,1,2,65,1.2,a,,,2.3,77.32352941176471,0.02666666666666667,3.7912627059033106,3.25726459275157,,3.3105979260849034,0.6086378938822484,9.983614623056958,8.630759099351877,2
2,109745,Arrizabalaga,GK,Arsenal,Aston Villa,0,4,50,0.1,a,,,2.6,90.0,0.0,3.2865879905666677,3.2865879905666677,,3.2865879905666677,0.08377008526325236,7.034330597303601,7.034330597303601,2
432,516895,Mainoo,MID,Man Utd,Ipswich Town,1,2,55,1.0,a,,,2.0,86.42778200203917,0.18518518518518517,3.026552109556775,2.9064242882509412,,3.2767946586213115,0.45691239785425974,7.262158258742215,7.344284046491264,2
338,199598,Ampadu,MID,Leeds,Brentford,1,3,55,1.4,a,,,2.0,89.11428571428571,0.18518518518518517,2.929224743402875,2.9003974522773226,,3.270767822647693,0.07725956771983768,7.861434174452814,8.154438049773013,2
491,482973,Igor Jesus,FWD,Nott'm Forest,Liverpool,0,4,60,3.8,a,,,2.0,76.62524376003036,0.03258145363408521,3.733362107798372,3.1785531283834554,,3.2437160356516257,0.5294735390561134,8.085267354512201,6.948891595096095,2
533,200834,Mukiele,DEF,Sunderland,Fulham,1,2,55,2.6,a,100.0,,2.5,87.18040843380288,0.10551558752997602,3.12169825949339,3.023899214108059,,3.234930389168011,0.4740155300591583,7.804924172891115,7.77143647714338,2
140,215059,Sánchez,GK,Chelsea,Brighton,1,2,50,2.3,a,,,2.6,86.85714285714286,0.0,3.344707569126132,3.2279082571883944,,3.2279082571883944,0.08020526244338136,7.071965635294129,6.8250081051727465,2
231,106611,Keane,DEF,Everton,Bournemouth,0,3,50,1.4,a,,,2.2,85.85752341232171,0.25784753363228696,2.8310981842349197,2.700789762617012,,3.216484829881586,0.1002636036063729,6.801273212421711,7.003922556921168,2
57,457569,Petrović,GK,Bournemouth,Everton,1,3,45,3.3,a,,,1.9,90.0,0.0,3.208975407865113,3.208975407865113,,3.208975407865113,0.00020151836020041946,7.1175478634353775,7.1175478634353775,2
199,121709,Benitez,GK,Crystal Palace,Man City,1,4,45,0.1,a,,,1.9,90.0,0.0,3.2051413386203405,3.2051413386203405,,3.2051413386203405,0.00013331293181256202,7.4454574244830685,7.4454574244830685,2
165,475168,João Pedro,FWD,Chelsea,Brighton,1,2,76,67.5,a,,,2.4,82.24149953551863,0.0012674271229404308,3.4897838610587586,3.1889450865369366,,3.1914799407828176,0.04034619396294718,8.626474861877396,7.885359613648692,2
526,154566,Solanke,FWD,Spurs,Newcastle,1,2,60,1.3,a,,,2.0,66.46666666666667,0.012195121951219513,4.2813698763644075,3.1618709383224552,,3.1862611822248943,3.7918573496710756e-10,14.53111115757484,10.755884928422525,2
398,209244,Foden,MID,Man City,Crystal Palace,0,3,70,4.1,a,,,2.5,64.6625567729813,0.025380710659898477,4.363077154705186,3.134752491344687,,3.185513912664484,0.6765415880052275,8.94336903442431,6.47632928721074,2
534,487676,Hume,DEF,Sunderland,Fulham,1,2,45,6.5,a,,,1.7,85.86557385275596,0.03258145363408521,3.24722334428321,3.098052176499368,,3.1632150837675383,0.1022025361561225,6.558399296188206,6.322282008631627,2
28,98980,Martinez,GK,Aston Villa,Arsenal,1,4,50,4.1,a,,,2.6,88.59375,0.0,3.1871665684338204,3.137367090802042,,3.137367090802042,0.07810605891354576,7.097537066578695,6.986638049913403,2
116,83299,Dunk,DEF,Brighton,Chelsea,0,4,45,1.2,a,,,1.7,85.96969696969697,0.10551558752997602,3.0471125404838357,2.9106593526439872,,3.1216905277039393,0.02948369317504258,7.385896217437062,7.266178504645454,2
611,214590,Wan-Bissaka,DEF,Aston Villa,Arsenal,1,4,45,0.0,a,,,1.7,83.2,0.07214428857715431,3.1978268951983506,2.9562133075611423,,3.100501884715451,1.1297268241893903e-09,9.52063860000222,8.945590038489694,2
8,466075,Calafiori,DEF,Arsenal,Aston Villa,0,4,56,41.5,a,,,2.6,65.26923076923077,0.02666666666666667,4.186887051573288,3.0363877463760134,,3.0897210797093466,-4.3173518031338863e-13,11.845623686208251,8.643941622006583,2
113,231416,F.Kadıoğlu,DEF,Brighton,Chelsea,0,4,45,2.3,a,100.0,,1.7,84.5945945945946,0.07214428857715431,3.1171967765819706,2.9299777509614318,,3.0742663281157405,0.07531179300789279,7.2732524569640455,6.980709054721115,2
412,465247,Lammens,GK,Man Utd,Ipswich Town,1,2,50,15.7,a,,,2.6,90.0,0.0,3.073799618783049,3.073799618783049,,3.073799618783049,0.07557332515362608,6.802068165796211,6.802068165796211,2
238,114283,Grealish,MID,Man City,Crystal Palace,0,3,65,0.2,a,100.0,,2.3,82.10127397446448,0.04570383912248629,3.256754746200584,2.970930152060574,,3.0623378303055464,0.6612722892201569,8.031443003403352,7.417982149719577,2
531,515046,Ellborg,GK,Sunderland,Fulham,1,2,45,0.1,a,,,1.9,90.0,0.0,3.0483431518843562,3.0483431518843562,,3.0483431518843562,0.0001334880530268396,6.8166954452508755,6.8166954452508755,2
330,226182,Bogle,DEF,Leeds,Brentford,1,3,45,0.6,a,,,1.7,82.20588235294117,0.03258145363408521,3.2510720203331354,2.969524933604939,,3.0346878408731093,9.104689069358255e-05,7.592860227688629,7.000471513931477,2
497,67089,Dubravka,GK,Spurs,Newcastle,1,2,40,18.6,a,,,1.0,90.0,0.0,3.01170704914072,3.01170704914072,,3.01170704914072,0.0002315320774553984,6.86419208068137,6.86419208068137,2
267,212314,Lukić,MID,Ipswich Town,Man Utd,0,4,50,0.1,a,,,1.5,82.53553226316677,0.1552511415525114,2.938149183128878,2.6944634077570067,,3.0049656908620292,0.07316662063883378,5.43370883054913,5.293547288576599,2
332,220627,Justin,DEF,Leeds,Brentford,1,3,45,1.1,a,,,1.7,80.03127209683447,0.10551558752997602,3.135011021065501,2.7877657783718663,,2.9987969534318184,7.896441995326102e-05,7.070706866186161,6.498560787556623,2
423,106760,Shaw,DEF,Man Utd,Ipswich Town,1,2,45,19.7,a,,,1.7,84.73684210526316,0.07214428857715431,3.0208737170842617,2.844214435383428,,2.9885030125377368,8.449684946625336e-05,6.6918755330597985,6.444826359742775,2
514,511499,Tel,MID,Spurs,Newcastle,1,2,60,0.5,a,,,2.2,68.02933173200196,0.0356020942408377,3.848877992976071,2.9092955308907897,,2.980499719372465,0.676462611952844,7.732968821757315,5.916411980132306,2
467,85633,Sels,GK,Nott'm Forest,Liverpool,0,4,50,1.5,a,,,2.6,86.03225806451613,0.0,3.1032801206339355,2.966468846498461,,2.966468846498461,0.07352724967576377,7.107083575438784,6.793760536091483,2
259,219924,Diop,DEF,Ipswich Town,Man Utd,0,4,40,17.2,a,,,1.0,62.46153846153846,0.1552511415525114,3.7849884289165248,2.6268466703249724,,2.9373489534299955,-2.986360859021427e-09,6.521324523453407,4.836412978014566,2
203,651426,Canvot,DEF,Crystal Palace,Man City,1,4,50,0.3,a,,,2.2,74.30058797737797,0.25784753363228696,2.913712863206155,2.4054508770385197,,2.9211459443030936,0.07316659516906462,6.41940487572372,5.815312364277011,2
327,434752,Bijol,DEF,Leeds,Brentford,1,3,50,0.9,a,,,2.2,75.52,0.18518518518518517,2.9742053046122763,2.4956887178257676,,2.866059088196138,9.841081334290122e-05,7.969321268768347,7.057516395007987,2
105,444180,Anthony,MID,Brentford,Leeds,0,3,60,0.2,a,,,2.2,73.43243243243244,0.0356020942408377,3.424404400128517,2.7940260525973515,,2.865230241079027,0.5105961493145267,7.910803487088888,6.525754661280627,2
91,231065,Pinnock,DEF,Brentford,Leeds,0,3,45,0.1,a,,,1.7,79.5,0.34408602150537637,2.4479650458658195,2.1623691238481406,,2.8505411668588936,-1.3762428843050704e-09,6.090875880956724,6.068445737855859,2
455,432422,Tonali,MID,Spurs,Newcastle,1,2,55,3.8,a,,,2.0,72.4,0.10576923076923077,3.276066997617214,2.635413895860959,,2.8469523573994207,-1.6956995365227093e-08,8.491849377465934,7.042759516299947,2
88,607464,Kayode,DEF,Brentford,Leeds,0,3,46,7.2,a,,,1.9,88.05405405405405,0.10551558752997602,2.6822845990073616,2.6242892563261213,,2.8353204313860734,8.753747031153096e-05,7.334831477289506,7.387271701489144,2
442,98747,Pope,GK,Newcastle,Spurs,0,3,50,1.3,a,,,2.6,89.48148148148148,0.0,2.8460518382266207,2.829654831751241,,2.829654831751241,0.07694664863945097,6.61894029267836,6.5808064802925585,2
136,50175,Welbeck,FWD,Chelsea,Brighton,1,2,60,1.0,a,100.0,,2.0,60.78378378378378,0.0012674271229404308,4.161729122426151,2.8107293682691936,,2.8132642225150746,8.854332337764857e-11,10.252628737368967,6.926907836330808,2
336,435997,Okafor,MID,Leeds,Brentford,1,3,60,0.4,a,,,2.2,63.664544619650194,0.012195121951219513,3.9379436515312896,2.785637659028689,,2.810027902931128,0.6290415880052275,10.13603353787677,7.194456459884956,2
325,59735,Darlow,GK,Man Utd,Ipswich Town,1,2,45,0.0,a,100.0,,1.9,90.0,0.0,2.804611990110471,2.804611990110471,,2.804611990110471,0.00012731537139469546,6.760432444138975,6.760432444138975,2
83,507433,Valdimarsson,GK,Brentford,Leeds,0,3,45,0.1,a,,,1.9,90.0,0.0,2.800896465161562,2.800896465161562,,2.800896465161562,0.0,7.2220637185340735,7.2220637185340735,2
326,201595,Perri,GK,Leeds,Brentford,1,3,45,0.6,a,,,1.9,90.0,0.0,2.7939934029550875,2.7939934029550875,,2.7939934029550875,0.00013659696851809304,7.090657278627687,7.090657278627687,2
254,169528,Robinson,DEF,Fulham,Sunderland,0,3,45,1.7,a,,,1.7,74.24184775084846,0.10551558752997602,3.127433810991578,2.5798496094054726,,2.7908807844654246,0.0270180043830934,6.423114737025634,5.509519023865376,2
390,171314,Rúben,DEF,Man City,Crystal Palace,0,3,55,1.8,a,,,2.5,82.26923076923077,0.10551558752997602,2.817475399345938,2.575461486838018,,2.78649266189797,8.229946065895795e-05,7.298159283004163,6.882297288882989,2
257,232892,Bassey,DEF,Fulham,Sunderland,0,3,45,0.8,a,,,1.7,84.96830209038004,0.10551558752997602,2.7241941749115837,2.571890595630456,,2.782921770690408,7.897860544838655e-05,6.341687292904659,6.19816897135159,2
130,467779,Wieffer,DEF,Brighton,Chelsea,0,4,50,0.4,a,,,2.2,73.11538461538461,0.0356020942408377,3.3040177532412818,2.684161431158836,,2.7553656196405116,0.06519509556207699,8.238190766999015,6.763854038082157,2
9,448104,Hincapie,DEF,Arsenal,Aston Villa,0,4,54,1.5,a,,,2.4,71.48,0.10551558752997602,3.2016465936398406,2.5428188723708423,,2.7538500474307943,0.07905829008850704,7.252812547795931,5.971376074131654,2
222,247412,Strand Larsen,FWD,Crystal Palace,Man City,1,4,60,0.5,a,,,2.0,63.916666666666664,0.024630541871921183,3.771196889524457,2.678248161356721,,2.7275092451005634,0.08409737101998697,8.617060882486083,6.168970062324236,2
233,224967,Mykolenko,DEF,Everton,Bournemouth,0,3,45,1.6,a,,,1.7,89.66666666666667,0.1552511415525114,2.4185281421518074,2.4095706305142084,,2.720072913619231,0.0,6.514909659358557,6.801282647428919,2
393,578153,Khusanov,DEF,Man City,Crystal Palace,0,3,55,1.7,a,,,2.5,77.82190187456267,0.1552511415525114,2.7824884323110863,2.4059837971824343,,2.7164860802874573,0.07316659519014415,7.088520093268125,6.43985911792922,2
329,214225,Rodon,DEF,Leeds,Brentford,1,3,45,3.6,a,,,1.7,84.34285714285714,0.18518518518518517,2.4951494166222505,2.338311453291709,,2.7086818236620793,8.429647438748621e-05,7.24561426118733,7.160546020854497,2
519,232787,Gallagher,MID,Spurs,Newcastle,1,2,55,0.3,a,,,2.0,75.35737243664764,0.10551558752997602,2.9764678775421225,2.4922088710406647,,2.7032400461006167,0.07316662063883378,6.890296216406476,5.980304710377362,2
86,249231,Lewis-Potter,MID,Brentford,Leeds,0,3,55,1.0,a,,,2.0,78.61861251515174,0.04570383912248629,2.975718408529846,2.5994094723823555,,2.690817150627328,0.45699140190843623,7.154417389176558,6.34107843925981,2
552,441264,Brobbey,FWD,Sunderland,Fulham,1,2,60,13.0,a,,,2.0,61.935483870967744,0.0031545741324921135,3.891117573107436,2.6777583298803864,,2.6840674781453706,0.03175859928073385,9.481052767811267,6.5309046013824155,2
55,178301,Watkins,FWD,Aston Villa,Arsenal,1,4,79,8.2,a,,,2.4,84.78635281974096,0.0012674271229404308,2.8340747754584923,2.6698984869950206,,2.6724333412409016,0.6927145110364601,9.539713538172776,8.989618385876728,2
232,512462,O'Brien,DEF,Everton,Bournemouth,0,3,50,0.4,a,,,2.2,84.27027027027027,0.040648068645837254,2.7544843335359843,2.579123769358919,,2.6604199066505934,6.712670904450813e-11,10.215113937410864,9.646078496705211,2
428,430871,Cunha,MID,Man Utd,Ipswich Town,1,2,80,9.5,a,,,2.8,79.86925350801921,0.04570383912248629,2.8813245443694533,2.5569915608124645,,2.648399239057437,0.6765415905849322,8.708946305076271,7.820041458554572,2
421,606745,Heaven,DEF,Man Utd,Ipswich Town,1,2,45,0.4,a,,,1.7,73.19609020261494,0.25784753363228696,2.6134769129798485,2.1255143540547183,,2.6412094213192923,-1.4185533550502055e-08,6.258245266424985,5.605462678723809,2
459,547719,L.Miley,MID,Newcastle,Spurs,0,3,55,0.1,a,100.0,,2.0,81.80509670853829,0.18518518518518517,2.4952316524981555,2.268029629364638,,2.6383999997350083,0.07316659516906462,6.2947078504692,6.091916864366238,2
539,167512,O'Nien,DEF,Sunderland,Fulham,1,2,40,3.5,a,,,1.0,77.28127257001498,0.25784753363228696,2.4512065096616027,2.1048039822061484,,2.6204990494707223,-2.663996157753744e-11,5.695870047680457,5.406629352577658,2
256,167074,Tete,DEF,Fulham,Sunderland,0,3,45,0.3,a,,,1.7,81.4090909090909,0.1552511415525114,2.5503048209093184,2.3068666334588834,,2.6173689165639065,-3.904609550338872e-14,6.096382509999024,5.8249573716950485,2
536,434399,Reinildo,DEF,Sunderland,Fulham,1,2,45,0.5,a,,,1.7,79.93758755551445,0.10551558752997602,2.6847418439358495,2.3845754023730588,,2.595606577433011,-3.8424976113534814e-14,6.487794163766211,5.973460219595698,2
4,226597,Gabriel,DEF,Arsenal,Aston Villa,0,4,80,29.2,a,,,4.0,73.44185264734122,0.1552511415525114,2.783699736277163,2.2715562871790005,,2.5820585702840235,0.0,8.34265135605663,7.118277522878938,2
153,220362,Disasi,DEF,Chelsea,Brighton,1,2,45,0.1,a,,,1.7,89.57142857142857,0.1552511415525114,2.2777146018132366,2.266868341804602,,2.5773706249096247,-3.166560754472978e-10,6.415275022151594,6.6952283765797045,2
418,95658,Maguire,DEF,Man Utd,Ipswich Town,1,2,50,17.1,a,,,2.2,79.92774651123239,0.25784753363228696,2.3185717141814943,2.059091247102356,,2.57478631436693,0.45699140190843623,6.279920222440062,6.092804752264033,2
516,202993,Bentancur,MID,Spurs,Newcastle,1,2,55,0.2,a,,,2.0,74.35298322777692,0.10551558752997602,2.85860157960195,2.3616172811448934,,2.5726484562048455,0.07324557379563096,6.589831441965504,5.6551825825970425,2
127,514254,Gomez,MID,Brighton,Chelsea,0,4,50,3.8,a,,,1.5,66.15625,0.02666666666666667,3.423659226424417,2.5166272855348923,,2.5699606188682256,-3.872809823505033e-09,9.596716441273593,7.107586356311179,2
95,533463,O.Dango,MID,Brentford,Leeds,0,3,65,1.1,a,,,2.3,74.46868947369991,0.008,3.0677459191531553,2.538344647084738,,2.554344647084738,0.6765415880132134,8.156675056276077,6.765076687818855,2
545,577669,Sadiki,MID,Sunderland,Fulham,1,2,50,0.3,a,,,1.5,87.60606060606061,0.1552511415525114,2.302585311714687,2.241338092985576,,2.551840376090599,-5.883442764354589e-07,5.708549554539251,5.867208263634644,2
447,220237,Botman,DEF,Newcastle,Spurs,0,3,50,0.5,a,,,2.2,76.03547665409569,0.34408602150537637,2.192640908181222,1.8524277398314277,,2.5405997828421807,0.07324557377455143,5.967151100705874,5.729451800890563,2
258,166477,Castagne,DEF,Fulham,Sunderland,0,3,45,0.4,a,,,1.7,83.27503725430631,0.07214428857715431,2.58786650327882,2.39449643855239,,2.538785015706699,0.027018029831783034,6.265223965943582,5.941363679049025,2
449,487838,Hall,DEF,Newcastle,Spurs,0,3,50,4.1,a,,,2.2,72.53333333333333,0.10551558752997602,2.8297582232703142,2.280575516235631,,2.491606691295583,0.030768935437555503,7.02668556196964,5.874019242780669,2
97,207283,Jensen,MID,Brentford,Leeds,0,3,55,0.2,a,,,2.0,66.27112854866498,0.10576923076923077,3.091308029600777,2.2762719090354815,,2.487810370573943,0.4740155020943855,6.1079880243411555,4.709130234147561,2
347,174594,Nmecha,FWD,Leeds,Brentford,1,3,55,0.5,a,,,1.8,54.86808082346408,0.012195121951219513,4.0325083449057955,2.458399930995384,,2.482790174897823,0.047499513874074195,8.03349596249815,4.921973641294893,2
501,135720,Danso,DEF,Spurs,Newcastle,1,2,50,0.2,a,,,2.2,79.9661363986054,0.18518518518518517,2.3606991606639247,2.097511011974719,,2.467881382345089,0.07316662063883378,6.460271256173754,6.110402953072374,2
265,207189,Berge,MID,Fulham,Sunderland,0,3,50,0.4,a,,,1.5,82.97142857142858,0.07214428857715431,2.4855402498117742,2.2914313922074263,,2.435719969361735,0.07703920240646146,5.230301041228346,4.966128013258155,2
488,210462,I.Sangaré,MID,Nott'm Forest,Liverpool,0,4,50,1.0,a,,,1.5,74.03571428571429,0.15789473684210525,2.56025949627986,2.1061182284873614,,2.421907702171572,0.0001189897597565113,5.4236105567369,4.777354824523733,2
102,508395,Yarmoliuk,MID,Brentford,Leeds,0,3,50,1.2,a,,,1.5,75.6308530232542,0.25784753363228696,2.25798853840125,1.8974844364001946,,2.4131795036647685,0.07324557379563096,5.374496286662501,5.032114386493431,2
15,184029,Ødegaard,MID,Arsenal,Aston Villa,0,4,66,11.4,a,,,2.3,63.78429457023188,0.04570383912248629,3.264639197623113,2.3136967582968677,,2.40510443654184,0.5009545278084093,7.726733295640678,5.567454707075679,2
214,209400,Kamada,MID,Crystal Palace,Man City,1,4,50,0.3,a,,,1.5,67.82142857142857,0.0425531914893617,3.07580981422612,2.3178423957203975,,2.402948778699121,-5.800470100261337e-13,7.251968688405125,5.549982787455442,2
47,226944,Kamara,MID,Aston Villa,Arsenal,1,4,50,0.3,a,100.0,,1.5,78.33333333333333,0.1552511415525114,2.374490049530104,2.0666857838502755,,2.3771880669552985,0.10924169140488563,6.162680517518106,5.674316807611522,2
470,485047,Morato,DEF,Nott'm Forest,Liverpool,0,4,50,0.0,a,,,2.2,73.50214725897447,0.25784753363228696,2.2602847592264648,1.8459531468875476,,2.3616482141521216,0.24725265108101563,5.561377750226321,5.057619582374787,2
417,216051,Dalot,DEF,Man Utd,Ipswich Town,1,2,50,2.5,a,,,2.2,77.58315516908455,0.10551558752997602,2.4786166259742966,2.1366544255292963,,2.3476856005892484,7.84554461605852e-05,6.2817084637583855,5.626084091401269,2
16,248857,Madueke,MID,Arsenal,Aston Villa,0,4,64,0.3,a,,,2.3,60.42282903536215,0.03258145363408521,3.3628552486028167,2.2577025306333143,,2.3228654379014846,0.6223555006219424,7.98417070790286,5.425453814743292,2
482,209046,Hudson-Odoi,MID,Nott'm Forest,Liverpool,0,4,60,0.2,a,100.0,,2.2,70.10547644451681,0.0356020942408377,2.874632992960212,2.239194617495589,,2.310398805977264,0.6481015579427148,7.119955436596133,5.617291612329448,2
18,444145,Martinelli,MID,Arsenal,Aston Villa,0,4,64,0.2,a,,,2.3,59.898549928604204,0.010899182561307902,3.4299945891898798,2.282796690615914,,2.3045950557385297,0.07451751825720603,7.684965091909317,5.136445756870511,2
337,427637,Aaronson,MID,Leeds,Brentford,1,3,55,0.9,a,,,2.0,66.1891891891892,0.0356020942408377,3.026734254465076,2.225967624379871,,2.2971718128615466,7.878854146604676e-05,7.393365443489415,5.508547122747615,2
415,596777,Dorgu,MID,Man Utd,Ipswich Town,1,2,60,1.1,a,,,2.2,50.654187313158744,0.010899182561307902,3.9734537334360827,2.236356329929347,,2.258154695051963,-2.8394058497912524e-09,7.583259187874385,4.289840935642851,2
190,469272,Tchaouna,MID,Coventry City,Hull City,1,2,55,0.2,a,,,2.0,70.07055279302216,0.07214428857715431,2.6968441067370605,2.09965952617411,,2.2439481033284188,0.5171274762617301,5.5344202389586465,4.453176194184555,2
446,119471,Schär,DEF,Newcastle,Spurs,0,3,50,0.3,a,100.0,,2.2,70.1763244324477,0.18518518518518517,2.3836856205432175,1.8586477272466806,,2.229018097617051,0.6480226076194956,5.961497968851146,5.0187705433201035,2
230,480455,Branthwaite,DEF,Everton,Bournemouth,0,3,55,1.8,a,,,2.5,70.89453107812663,0.18518518518518517,2.356554778977755,1.856298289061625,,2.2266686594319953,0.07316661805912897,6.344849386722013,5.368316170736997,2
144,482609,Gusto,DEF,Chelsea,Brighton,1,2,50,1.2,a,,,2.2,68.58127497358994,0.07214428857715431,2.7316325829763928,2.081542725554686,,2.2258313027089947,0.0,6.5069036221782595,5.102641316479371,2
502,122798,Robertson,DEF,Spurs,Newcastle,1,2,45,3.8,a,,,1.7,65.58837864975952,0.02666666666666667,2.972321796841477,2.166108527557471,,2.219441860890804,0.02701802731569995,7.056931534294365,5.196141084185858,2
215,489706,Devenny,MID,Crystal Palace,Man City,1,4,50,0.0,a,,,1.5,63.30577315304559,0.04570383912248629,3.0126074409162427,2.1190604805980096,,2.210468158842982,0.07316659261842526,6.6780893926739795,4.788758924782516,2
149,460028,Colwill,DEF,Chelsea,Brighton,1,2,50,1.5,a,,,2.2,75.0,0.25784753363228696,2.0233357283828903,1.686113106985742,,2.201808174250316,0.07524102875326145,5.495373636386688,5.095173097586814,2
33,149484,Mings,DEF,Aston Villa,Arsenal,1,4,45,0.4,a,,,1.7,77.76470588235294,0.25784753363228696,1.9480516328444755,1.6832184696865338,,2.1989135369511077,2.544719086573406e-08,5.860914068994062,5.579831275898659,2
41,195546,Buendía,MID,Aston Villa,Arsenal,1,4,60,1.2,a,,,2.2,68.12825028501882,0.1552511415525114,2.432383926035642,1.8412673433579214,,2.1517696264629445,0.631077455219603,7.174866617740548,5.741736824161184,2
29,72147,M.Bizot,GK,Aston Villa,Arsenal,1,4,45,0.1,a,,,1.9,83.57142857142857,0.0,2.3098011203144058,2.144815326006234,,2.144815326006234,0.00014267685369826345,6.711638152004734,6.232235426861539,2
366,494595,Wirtz,MID,Liverpool,Nott'm Forest,1,3,75,11.6,a,,,2.6,49.231616221619376,0.012195121951219513,3.86790764898408,2.1158149439494474,,2.1402051878518864,0.0,8.292173492452248,4.560358055274597,2
87,191866,Ajer,DEF,Brentford,Leeds,0,3,45,4.0,a,,,1.7,66.85185185185185,0.25784753363228696,2.145094101486257,1.5933723675648945,,2.1090674348294685,-3.007038796204845e-09,6.668957889063637,5.469386009552585,2
26,219847,Havertz,FWD,Arsenal,Aston Villa,0,4,75,7.3,a,,,2.4,51.658657183604504,0.010899182561307902,3.6266087552211235,2.08161931583363,,2.1034176809562455,0.028440003674606987,7.509880276061913,4.332357594800344,2
114,204120,Boscagli,DEF,Brighton,Chelsea,0,4,45,0.3,a,,,1.7,70.3321101145626,0.1552511415525114,2.266168114309208,1.7709376150411764,,2.0814398981461992,-1.4185533550502055e-08,5.98402325403093,4.986824310111762,2
345,248056,Tanaka,MID,Leeds,Brentford,1,3,50,0.2,a,,,1.5,64.69908730195704,0.1552511415525114,2.4505325369977013,1.761635761638895,,2.0721380447439177,0.07316659265298153,5.875202070984266,4.534060190963354,2
269,184349,Sessegnon,DEF,Fulham,Sunderland,0,3,45,0.4,a,,,1.7,67.25925925925925,0.07214428857715431,2.518547606706388,1.8821738492916873,,2.026462426445996,8.26270455991608e-05,6.854346797206672,5.266714002556496,2
403,510281,Sávio,MID,Spurs,Newcastle,1,2,65,0.7,a,,,2.3,62.88066768825834,0.0012674271229404308,2.8497317660304553,1.9910337353381626,,1.9935685895840436,0.24725267397906592,7.119153067340007,4.976502612570903,2
419,221820,Martinez,DEF,Man Utd,Ipswich Town,1,2,50,1.3,a,100.0,,2.2,78.52444429045524,0.1552511415525114,1.90550174998745,1.662538511247272,,1.9730407943522947,0.07316659519014415,5.574761942655308,5.174447656422653,2
73,200785,Adams,MID,Bournemouth,Everton,1,3,50,0.2,a,100.0,,1.5,70.76,0.10576923076923077,2.1734258429241433,1.7087956960590265,,1.920334157597488,0.07550065220773781,5.8990644034210264,4.849513985828149,2
204,244723,Mitchell,DEF,Crystal Palace,Man City,1,4,45,5.7,a,,,1.7,60.73334499439442,0.07214428857715431,2.622519551523805,1.7697153853026644,,1.914003962456973,1.2348706044288844e-10,5.809417417602802,4.064570268706697,2
213,152551,Lerma,MID,Crystal Palace,Man City,1,4,50,0.1,a,,,1.5,66.10458828176806,0.1552511415525114,2.1750159142644048,1.5975392390971312,,1.908041522202154,0.07316659258935981,5.151549169280838,4.094291581422735,2
456,232653,J.Ramsey,MID,Newcastle,Spurs,0,3,50,0.4,a,,,1.5,71.99458634597264,0.10576923076923077,2.116246011588455,1.6928695134513916,,1.904407974989853,0.10018459697249166,5.637415902699166,4.721132083483289,2
260,153682,Wilson,MID,Leeds,Brentford,1,3,65,5.8,a,,,2.3,53.9270827473028,0.012195121951219513,3.1058870848452944,1.8610158869803473,,1.8854061308827863,-3.742683774126279e-13,8.238762142972048,4.960972553006877,2
506,487053,Udogie,DEF,Spurs,Newcastle,1,2,45,0.5,a,,,1.7,69.95895215932106,0.04570383912248629,2.3058658427484096,1.7923995353183169,,1.8838072135632895,-2.663996157753744e-11,6.06154463347493,4.803177800743438,2
7,499169,Lewis-Skelly,MID,Arsenal,Aston Villa,0,4,55,0.7,a,,,2.0,54.77699062383493,0.03258145363408521,2.970683009494306,1.8080563928606148,,1.8732193001287851,0.07316659231627488,6.844758002412868,4.23111007305249,2
162,532605,Andrey Santos,MID,Man Utd,Ipswich Town,1,2,50,1.0,a,,,1.5,72.20322234005064,0.03258145363408521,2.2431892766373065,1.7996166010206758,,1.864779508288846,0.07316659258935981,5.486888788819437,4.467063475871071,2
463,470313,Woltemade,FWD,Newcastle,Spurs,0,3,60,1.6,a,,,2.0,58.656981954033164,0.0356020942408377,2.7338263396528286,1.7817555807830723,,1.8529597692647477,0.24733162712787718,6.980591169304493,4.620764302330307,2
422,230001,Mazraoui,DEF,Man Utd,Ipswich Town,1,2,45,0.7,a,,,1.7,69.58197921527474,0.07214428857715431,2.2017442347610756,1.7022413508944017,,1.8465299280487102,-2.5797432336399634e-09,5.76026160756052,4.597737504396766,2
64,54469,Smith,DEF,Bournemouth,Everton,1,3,45,0.1,a,,,1.7,64.83402171891555,0.06451612903225806,2.383466250749493,1.716996696304387,,1.846028954368903,-3.8424976113534814e-14,6.173111182405835,4.576005863324298,2
11,500040,Mosquera,DEF,Arsenal,Aston Villa,0,4,55,5.8,a,,,2.5,66.52085955396882,0.04570383912248629,2.3487470781549695,1.736007494597126,,1.8274151728420986,0.07316659261043934,6.07695660973437,4.583011868819445,2
405,465694,N.Gonzalez,MID,Man City,Crystal Palace,0,3,55,0.2,a,,,2.0,65.23909967410765,0.06451612903225806,2.3286541851204654,1.6879922498844664,,1.8170245079489824,0.07316659258935981,5.91680859318981,4.418001875439257,2
211,488024,Yeremy,MID,Crystal Palace,Man City,1,4,55,0.2,a,,,2.0,51.352117879252276,0.012195121951219513,3.1364947629155746,1.7896183199210889,,1.814008563823528,-9.392160165564079e-10,5.971734357878347,3.431736984895214,2
395,477064,Lewis,DEF,Man City,Crystal Palace,0,3,45,0.2,a,,,1.7,61.07224649366873,0.03258145363408521,2.55204937870166,1.731770985778688,,1.7969338930468584,0.0,6.1653729473121635,4.24886486686423,2
369,611922,Ngumoha,MID,Liverpool,Nott'm Forest,1,3,60,1.1,a,,,2.2,49.632721858425796,0.02666666666666667,3.143348956603806,1.7334773829676626,,1.7868107163009959,0.07316661823160137,7.577585135160331,4.23217972635505,2
352,155503,Woodman,GK,Liverpool,Nott'm Forest,1,3,40,1.1,a,,,1.0,70.66666666666667,0.0,2.260331179746573,1.7747785559491611,,1.7747785559491611,0.00014075943837734504,6.680781235529271,5.245650451600762,2
373,206915,C.Jones,MID,Liverpool,Nott'm Forest,1,3,55,0.0,d,75.0,Hip injury - 75% chance of playing,1.5,63.00539864859297,0.11643835616438356,2.1721192516061674,1.5206137706636667,,1.7534904829924338,0.48601693642189014,5.752903648583605,4.260254354172712,2
460,200089,Willock,MID,Newcastle,Spurs,0,3,50,0.2,a,,,1.5,66.93207185077257,0.07214428857715431,2.1074581212962045,1.5672948710787973,,1.7115834482331058,0.6480226047648383,4.970745678819296,3.8409808763393136,2
115,465730,De Cuyper,DEF,Brighton,Chelsea,0,4,46,7.4,a,,,1.9,45.50135360320137,0.04570383912248629,3.1924346221567586,1.614001073309525,,1.7054087515544976,-2.9002350501306687e-13,5.98079326270743,3.115120890179364,2
27,205651,G.Jesus,FWD,Arsenal,Aston Villa,0,4,60,0.3,a,,,2.0,47.97258752806123,0.0031545741324921135,3.1830804509661226,1.6966733949203658,,1.70298254318535,0.07451751827828555,7.2449192267971245,3.8680593898345257,2
25,224117,Gyökeres,FWD,Arsenal,Aston Villa,0,4,74,7.1,a,,,2.3,49.62862707624742,0.0012674271229404308,3.0824007472956088,1.6997257465231126,,1.7022606007689935,0.0,6.976972050324911,3.8498408987678405,2
159,486672,Caicedo,MID,Chelsea,Brighton,1,2,55,3.1,d,75.0,Unspecified injury - 75% chance of playing,1.5,59.18437219346701,0.1388888888888889,2.1597036952313258,1.4202300814019648,,1.6980078591797425,0.05493418033091357,5.109163621805523,3.6375849043362223,2
262,209289,Smith Rowe,MID,Fulham,Sunderland,0,3,55,0.4,a,,,2.0,58.699421977453916,0.0356020942408377,2.4903323660227614,1.62423411574757,,1.6954383042292454,0.02566661805912896,6.360071298139543,4.219343176661521,2
439,485711,Šeško,FWD,Man Utd,Ipswich Town,1,2,70,1.8,a,100.0,,2.2,56.644921913293224,0.012195121951219513,2.6426320274643937,1.6632409426809818,,1.6876311865834208,0.02566710322186569,8.282779996373993,5.23747275634235,2
452,208706,Bruno G.,MID,Arsenal,Aston Villa,0,4,69,2.9,d,75.0,Thigh injury - 75% chance of playing,1.8,43.459044260553604,0.05410821643286573,3.2629993271274094,1.5756314686642967,,1.683847901530028,0.4532678024457761,6.554131718831247,3.2730642157344585,2
142,225796,James,DEF,Chelsea,Brighton,1,2,55,10.0,a,,,2.5,58.18690981908438,0.04570383912248629,2.440019209084413,1.5775241963980924,,1.668931874643065,0.0,6.511770164991363,4.301405271055602,2
98,204580,Janelt,MID,Brentford,Leeds,0,3,50,0.4,a,,,1.5,62.65877191953172,0.10576923076923077,2.089009021847348,1.4543859981975227,,1.6659244597359841,-5.094093290649331e-07,4.840871163498378,3.58179448515494,2
36,441302,Maatsen,DEF,Aston Villa,Arsenal,1,4,45,0.8,a,,,1.7,63.37460223640887,0.10551558752997602,2.0494847429669334,1.4431697819457563,,1.6542009570057084,-2.6008227463706067e-09,5.7503982432742795,4.260244523598305,2
202,427623,Richards,DEF,Crystal Palace,Man City,1,4,50,0.7,a,,,2.2,49.98805542962901,0.1552511415525114,2.306305368014752,1.2809746730441374,,1.5914769561491602,0.0,5.845479664549602,3.557215188485853,2
223,231747,Mateta,FWD,Crystal Palace,Man City,1,4,65,5.3,a,,,2.1,45.715567479588664,0.012195121951219513,3.0692521732467295,1.5590289426437225,,1.5834191865461615,-3.742683774126279e-13,7.133285220346175,3.647747819923418,2
96,440089,Damsgaard,MID,Brentford,Leeds,0,3,55,0.5,a,,,2.0,42.413054910087695,0.1552511415525114,2.6954931027803477,1.2702677441998393,,1.5807700273048622,2.89502768144389e-10,5.569641456546119,2.935230160060482,2
264,477555,Bobb,MID,Fulham,Sunderland,0,3,55,0.3,a,,,2.0,54.99114698919996,0.0356020942408377,2.443102662433959,1.492766862440129,,1.5639710509218043,0.02566661806711487,5.359681596115195,3.3460379492292365,2
537,519634,Seelt,DEF,Sunderland,Fulham,1,2,45,0.0,a,,,1.7,63.09022336010911,0.1552511415525114,1.7520851506024133,1.2282160388604073,,1.5387183219654301,0.0,5.736960239299909,4.3321256487216475,2
14,232413,Eze,MID,Arsenal,Aston Villa,0,4,65,1.8,a,,,2.3,49.980261812889935,0.010899182561307902,2.6969119580723726,1.4976929527863427,,1.5194913179089586,0.0,8.490453566806575,4.736854944891259,2
32,199796,Cash,DEF,Aston Villa,Arsenal,1,4,45,7.8,a,,,1.7,59.88554934103207,0.07214428857715431,2.031926619165441,1.3520337978820944,,1.496322375036403,7.859606782692211e-13,5.682493150335038,3.925391065315038,2
490,60689,Wood,FWD,Nott'm Forest,Liverpool,0,4,60,1.6,a,,,2.0,48.02076056108823,0.0012674271229404308,2.7759037743323325,1.4811223387537116,,1.4836571929995925,-1.4171820845199914e-09,8.216923330068498,4.386789385157426,2
571,216055,Florentino,MID,Ipswich Town,Man Utd,0,4,50,0.1,d,75.0,Calf injury - 75% chance of playing,1.1,54.16434887708454,0.1388888888888889,2.0015022589800795,1.204556295929665,,1.4823340737074426,0.05493418033091357,3.770819357483005,2.5471552803463693,2
209,242898,Johnson,MID,Everton,Bournemouth,0,3,60,0.2,a,,,2.2,53.14827555498118,0.07214428857715431,2.25739167460443,1.3330719417488517,,1.4773605189031602,0.0,6.385976675848637,3.9154402222174878,2
249,586309,Barry,FWD,Everton,Bournemouth,0,3,55,3.0,a,,,1.8,46.86717412941011,0.012345679012345678,2.6884006916313745,1.3999749260479357,,1.424666284072627,0.047578492486004154,6.657493419139551,3.4915569506937496,2
379,219168,Isak,FWD,Liverpool,Nott'm Forest,1,3,90,16.5,a,,,2.7,44.91228986397059,0.010899182561307902,2.7773459010013233,1.3859662684253558,,1.4077646335479717,0.0,7.18040672569745,3.6050040118529254,2
480,222531,Gibbs-White,MID,Nott'm Forest,Liverpool,0,4,80,8.9,d,75.0,Knee injury - 75% chance of playing,2.1,59.73451036020366,0.009259259259259259,2.037682065157578,1.352443782577295,,1.3709623010958136,0.5074061910039206,7.518163305141796,5.008449672304025,2
212,108413,Hughes,MID,Crystal Palace,Man City,1,4,45,10.9,a,,,1.0,56.33857351920196,0.07214428857715431,1.9590447178169494,1.226330942912605,,1.3706195200669136,-2.6008227463706067e-09,5.351882601577348,3.4944822595443448,2
399,466052,Cherki,MID,Man City,Crystal Palace,0,3,75,10.4,a,,,2.6,43.45579464187433,0.0356020942408377,2.6730560606933778,1.2906641693300998,,1.3618683578117752,0.0,7.643510700136133,3.7618134254603963,2
123,532529,Hinshelwood,MID,Brighton,Chelsea,0,4,60,2.6,d,75.0,Unspecified injury - 75% chance of playing,1.6,49.12710514721275,0.009146341463414635,2.444697885457772,1.334454778578363,,1.3527474615051922,0.3971051542721339,5.954298860647667,3.268486751870907,2
389,465351,Matheus N.,DEF,Man City,Crystal Palace,0,3,60,1.5,d,75.0,Unspecified injury - 75% chance of playing,2.1,60.31377480122846,0.034277879341864714,1.900924855659491,1.2739105962033808,,1.3424663548871103,0.05493417937483201,5.276215925415338,3.6044279712187954,2
46,88894,Barkley,MID,Aston Villa,Arsenal,1,4,50,0.2,a,,,1.5,56.03831351081894,0.0356020942408377,2.0029472201694256,1.2471309363275285,,1.318335124809204,0.24725267395000047,5.221112532593171,3.3221190882230305,2
484,503301,Hutchinson,MID,Nott'm Forest,Liverpool,0,4,55,0.2,a,,,2.0,48.72254520447652,0.0356020942408377,2.233611698596879,1.2091916328237111,,1.2803958213053865,0.10018459699357118,5.80292274220073,3.2126838065367855,2
271,244042,Muniz,FWD,Fulham,Sunderland,0,3,55,0.6,a,,,1.8,44.63275735475102,0.0031545741324921135,2.4604700538160733,1.220195143228933,,1.2265042914939173,0.025666618117485784,6.4088624783235835,3.184589191764815,2
431,493250,Amad,MID,Man Utd,Ipswich Town,1,2,59,1.1,d,75.0,Unspecified injury - 75% chance of playing,1.6,52.72047985656829,0.026701570680628273,1.9862525706449379,1.1635132071193715,,1.216916348480628,0.07519770272058932,5.46943607570675,3.257306413095541,2
108,75115,Wilson,FWD,Brentford,Leeds,0,3,55,0.4,a,,,1.8,46.5615756390228,0.0031545741324921135,2.319982817252548,1.2002450602970858,,1.20655420856207,-9.392160165564079e-10,7.775680021154834,4.029063742152086,2
43,166989,Tielemans,MID,Man Utd,Ipswich Town,1,2,60,2.4,a,100.0,,2.2,46.63680995378871,0.07214428857715431,1.98433191772203,1.0282545614671046,,1.1725431386214131,2.011708000401816e-10,5.4793109672190665,2.9835950688865958,2
210,496221,Wharton,MID,Crystal Palace,Man City,1,4,55,0.9,a,100.0,,2.0,43.62706886773481,0.037815126050420166,2.262083036718643,1.0965339158606549,,1.1721641679614951,-5.575443409278835e-09,5.612519201064956,2.796272048838005,2
453,201666,Barnes,MID,Newcastle,Spurs,0,3,60,1.1,a,,,2.2,48.18474344135133,0.025380710659898477,2.074108480220115,1.110448722099304,,1.161210143419101,0.0,7.878327518911216,4.2687079796050735,2
392,448514,Aït-Nouri,DEF,Man City,Crystal Palace,0,3,55,0.8,a,,,2.5,45.18960147437153,0.03258145363408521,2.1542509754311614,1.0816638117278923,,1.1468267189960626,0.0,5.6809977875054525,2.917629862758812,2
357,216094,Frimpong,DEF,Liverpool,Nott'm Forest,1,3,55,3.4,a,,,2.5,41.91699229074696,0.010899182561307902,2.376972779643062,1.1070616631068178,,1.1288600282294337,0.0,7.021690991933811,3.292111333754804,2
374,158983,Endo,MID,Liverpool,Nott'm Forest,1,3,50,0.1,a,100.0,,1.5,45.813119046257846,0.10416666666666667,1.7819929077079595,0.9070961468934656,,1.115429480226799,-5.11553535909464e-07,4.255168492348365,2.3743615633537907,2
148,551210,Hato,DEF,Chelsea,Brighton,1,2,45,0.5,a,,,1.7,48.54404252054744,0.1552511415525114,1.4749784547635785,0.7955712980548278,,1.1060735811598508,1.9371777490122649e-10,3.494616280224588,2.1954222975519087,2
246,513466,Röhl,MID,Everton,Bournemouth,0,3,50,0.1,a,,,1.5,47.05877587195199,0.0356020942408377,1.9447479848326747,1.016860661618568,,1.0880648501002435,0.025667104800004458,4.019130272205897,2.172708084925172,2
532,223827,Ballard,DEF,Sunderland,Fulham,1,2,50,5.1,a,,,2.2,73.93103448275862,0.10551558752997602,1.0603874322644649,0.8710615535536447,,1.0820927286135966,0.0,6.766771620328401,5.76963590838719,2
45,122806,McGinn,MID,Aston Villa,Arsenal,1,4,55,2.9,a,,,2.0,50.859734212904094,0.02666666666666667,1.8175925244790216,1.0271363633596047,,1.080469696692938,0.0,5.2459313046174785,3.0178519094666467,2
35,515597,Bogarde,MID,Aston Villa,Arsenal,1,4,50,0.1,a,,,1.5,50.730675605274065,0.07214428857715431,1.6572992304163647,0.9341767737680329,,1.0784653509223414,0.07316659448531292,5.135028813840735,3.038771699139749,2
44,215711,Bailey,MID,Aston Villa,Arsenal,1,4,55,0.1,a,,,2.0,44.85515677600842,0.07214428857715431,1.8364543773954363,0.9152716556673247,,1.0595602328216334,0.04749553949511022,5.360316557322046,2.8158201276844657,2
118,223434,Igor,DEF,Brighton,Chelsea,0,4,45,0.1,a,,,1.7,37.41251490320648,0.18518518518518517,1.58599120513073,0.6592879955367538,,1.0296583659071241,-3.951523111175656e-06,4.437647375384911,2.215076465556627,2
487,250199,Dominguez,MID,Nott'm Forest,Liverpool,0,4,50,0.1,a,,,1.5,41.79148039670848,0.1552511415525114,1.5001998605444045,0.6966174784787363,,1.007119761583759,-6.18033485846686e-11,3.632425868309751,1.9972184438601752,2
391,477424,Gvardiol,DEF,Man City,Crystal Palace,0,3,55,13.4,a,,,2.5,36.73174756850169,0.07214428857715431,2.103558058726047,0.8585262623201402,,1.0028148394744487,0.0,4.9350206028110115,2.1584211441299654,2
358,544877,Kerkez,DEF,Liverpool,Nott'm Forest,1,3,55,3.6,a,,,2.5,41.620606946586044,0.037815126050420166,1.9600826707643206,0.9064425602521823,,0.9820728123530226,0.0,5.094585647699187,2.431627438752022,2
70,222683,Kluivert,MID,Bournemouth,Everton,1,3,60,1.2,a,,,2.2,32.70664243320222,0.012195121951219513,2.5344141986532294,0.9210242108109101,,0.9454144547133492,0.0,5.91401294551756,2.1735847633954597,2
430,184341,Mount,MID,Man Utd,Ipswich Town,1,2,55,0.0,d,75.0,Foot injury - 75% chance of playing,1.5,43.009362391478376,0.11643835616438356,1.4798381813637602,0.7071877402557807,,0.9400644525845478,0.054874944457829505,4.2735809451032365,2.2751432854094533,2
37,184667,Lindelöf,DEF,Aston Villa,Arsenal,1,4,45,0.3,a,,,1.7,48.76966327555281,0.07214428857715431,1.4560277514829625,0.7889998128853819,,0.9332883900396906,-2.6008227463706067e-09,4.50590884684568,2.5859736572765115,2
17,195384,Merino,MID,Arsenal,Aston Villa,0,4,60,0.6,a,,,2.2,34.48056118889744,0.02666666666666667,2.242427632153605,0.8591129242460753,,0.9124462575794087,0.0,6.681524519370523,2.6131412780585985,2
20,616077,Dowman,MID,Arsenal,Aston Villa,0,4,54,0.1,a,,,1.9,34.60159996258158,0.008,2.2738810816258614,0.8742213727655597,,0.8902213727655597,-1.4171820845199914e-09,5.8207762052732335,2.253868552517534,2
553,437505,Isidor,FWD,Sunderland,Fulham,1,2,55,0.9,a,,,1.8,39.6668761886087,0.001723358464285247,1.9995172825940362,0.8812733831737882,,0.8847201001023587,0.0,6.1425609303648265,2.7107378714370887,2
420,550864,Yoro,DEF,Man Utd,Ipswich Town,1,2,50,0.7,a,,,2.2,32.277720118874456,0.10551558752997602,1.8473113206031997,0.6625221975428714,,0.8735533726028235,7.859606782692211e-13,4.621039586996631,1.868326980030135,2
253,174874,Andersen,DEF,Fulham,Sunderland,0,3,50,0.1,a,100.0,,2.2,87.33333333333333,0.18518518518518517,0.5155154762611412,0.5002409436311814,,0.8706113140015518,-0.023200212144070705,8.130713837387903,8.260174168131964,2
168,499309,Marc Guiu,FWD,Chelsea,Brighton,1,2,50,0.5,a,,,1.4,33.639515872218446,0.010899182561307902,2.262566427464131,0.8456848805403134,,0.8674832456629292,0.0,5.420192402522557,2.0477166801796756,2
457,114243,J.Murphy,MID,Newcastle,Spurs,0,3,60,0.2,a,,,2.2,40.06871743043665,0.07214428857715431,1.6137684752041146,0.7184625892344475,,0.8627511663887562,-2.9002350501306687e-13,4.673076042109255,2.2247792822900756,2
401,438234,Marmoush,FWD,Man City,Crystal Palace,0,3,70,1.1,a,,,2.2,32.674618966680136,0.012345679012345678,2.303758243279019,0.8363824754498926,,0.861073833474584,1.0457376806653212e-10,6.066594913368636,2.2271766604638032,2
406,91651,Kovačić,MID,Man City,Crystal Palace,0,3,55,0.1,a,,,2.0,33.26673216152546,0.10551558752997602,1.7272329960622952,0.638437749561706,,0.849468924621658,0.0,4.379705877621431,1.829903423694296,2
224,205533,Nketiah,FWD,Crystal Palace,Man City,1,4,55,0.5,a,,,1.8,33.07960514458302,0.012195121951219513,2.242354767552892,0.8241801144969212,,0.8485703583993602,0.0,6.038208220306137,2.2437407295524654,2
549,549912,Talbi,MID,Sunderland,Fulham,1,2,55,0.2,a,,,2.0,34.922537976534166,0.03258145363408521,1.9477984582215513,0.7558007291986313,,0.8209636364668017,0.0,4.350058569468685,1.753108302739482,2
454,449434,Elanga,MID,Newcastle,Spurs,0,3,60,1.9,a,,,2.2,36.021752257831906,0.02666666666666667,1.9040957731128625,0.7620985134917383,,0.8154318468250716,0.0,5.382370114048878,2.207582253424746,2
34,244954,Pau,DEF,Aston Villa,Arsenal,1,4,45,0.4,a,,,1.7,40.3090228973846,0.10551558752997602,1.3239728750614792,0.5929783659596588,,0.8040095410196109,0.0,4.225900616985499,2.1037192276392878,2
90,472713,Hickey,DEF,Brentford,Leeds,0,3,45,0.1,a,,,1.7,34.059309965766765,0.1552511415525114,1.283715625859214,0.48580520454485826,,0.796307487649881,0.0,3.207733455376558,1.5244265947075812,2
268,577725,King,MID,Fulham,Sunderland,0,3,55,0.5,a,,,2.0,32.6677368769136,0.03258145363408521,1.9577323601232466,0.7106076179547254,,0.7757705252228958,0.0,5.846779937603447,2.1873970025886895,2
117,550090,Coppola,DEF,Brighton,Chelsea,0,4,45,0.0,a,,,1.7,36.27570002356582,0.10551558752997602,1.361785480613108,0.5488857954574279,,0.7599169705173799,-4.0647096508156787e-10,4.704210398848689,2.107125900352996,2
339,180135,Longstaff,MID,Leeds,Brentford,1,3,50,0.1,a,,,1.5,32.485107540917866,0.03258145363408521,1.8705559668905203,0.6751690193971572,,0.7403319266653277,0.0,3.8511708441869947,1.4552262298444147,2
551,536661,Angulo,MID,Sunderland,Fulham,1,2,50,0.1,a,,,1.5,39.91560525204855,0.04570383912248629,1.4454409288068075,0.641062772548966,,0.7324704507939386,7.481042727414987e-10,3.661724387765346,1.7154070693987582,2
10,198869,White,DEF,Arsenal,Aston Villa,0,4,55,6.5,a,100.0,,2.5,31.251627259740786,0.0356020942408377,1.8771578865551073,0.6518248730922555,,0.7230290615739309,0.0,5.099792523487645,1.842057688993328,2
263,560552,Kevin,MID,Fulham,Sunderland,0,3,55,0.1,a,,,2.0,33.043450684248825,0.02666666666666667,1.7920610505971122,0.6579542327618757,,0.711287566095209,-1.2968425120783044e-09,5.112957234213134,1.9305527802154996,2
270,153366,Reed,MID,Fulham,Sunderland,0,3,45,1.5,a,,,1.0,35.641728041025566,0.012195121951219513,1.6872036597856763,0.66816504435449,,0.692555288256929,-3.951523111175656e-06,3.472627218336845,1.3996172983893829,2
543,547027,Diarra,MID,Sunderland,Fulham,1,2,55,0.1,a,,,2.0,37.21263757783489,0.012195121951219513,1.5979252726106024,0.6607001560680151,,0.6850903999704542,0.0,5.13893281422221,2.1492040700412636,2
434,547037,J.Fletcher,MID,Man Utd,Ipswich Town,1,2,50,0.0,a,,,1.5,42.59631081208209,0.03258145363408521,1.305172059407742,0.617727941175305,,0.6828908484434755,0.0,3.152894508658527,1.557403734474009,2
42,485337,Guessand,MID,Crystal Palace,Man City,1,4,55,0.0,a,,,2.0,33.39198392626312,0.010899182561307902,1.7703551328827445,0.6568407793444224,,0.6786391444670382,0.0,4.101688926788306,1.5436153730542441,2
474,575458,Jair Cunha,DEF,Nott'm Forest,Liverpool,0,4,45,0.2,a,,,1.7,33.1311661638462,0.04570383912248629,1.5407998183924951,0.5672054978709534,,0.658613176115926,7.581773515324568e-10,3.255020243402341,1.2896589732543735,2
242,550615,George,MID,Everton,Bournemouth,0,3,55,0.3,a,,,2.0,29.73623410083025,0.02666666666666667,1.8237237347172117,0.6025630656754606,,0.6558963990087939,0.0,4.374158671180773,1.4985667360045334,2
161,514356,Lavia,MID,Chelsea,Brighton,1,2,50,0.1,a,,,1.5,34.113970297829866,0.02666666666666667,1.5313947869550757,0.5804661808492995,,0.6337995141826328,1.824130847613069e-11,2.8023341380080606,1.1155415949844627,2
145,444463,Fofana,DEF,Chelsea,Brighton,1,2,50,0.0,a,100.0,,2.2,68.72,0.10551558752997602,0.538893054117902,0.41147478532202475,,0.6225059603819768,-0.02320021131215137,5.767519619402972,4.614852822230754,2
138,647850,Kostoulas,FWD,Brighton,Chelsea,0,4,55,0.2,a,,,1.8,26.21160710616696,0.0012674271229404308,2.099707799840398,0.6115190654130085,,0.6140539196588893,0.0,5.560701334845183,1.622033950064771,2
343,200617,James,MID,Leeds,Brentford,1,3,50,0.1,a,,,1.5,28.179142136177056,0.0356020942408377,1.5621336402578359,0.4891065098281026,,0.560310698309778,0.0,3.657317311254217,1.2163160146031586,2
478,470315,Netz,DEF,Nott'm Forest,Liverpool,0,4,45,0.0,a,,,1.7,34.419435737669154,0.04570383912248629,1.2252229459938841,0.46857202726615754,,0.5599797055111301,0.0,2.5489692776699595,1.0662308365789073,2
248,486385,Beto,FWD,Everton,Bournemouth,0,3,55,2.4,a,,,1.8,30.297609265660444,0.012195121951219513,1.5229473610553996,0.5126851564158356,,0.5370754003182746,0.0,5.3954884179586005,1.8407280203991736,2
492,210156,Awoniyi,FWD,Coventry City,Hull City,1,2,55,0.8,a,,,1.8,29.16916210713654,0.0012674271229404308,1.6457787275039597,0.5333998499448876,,0.5359347041907685,0.0,4.8463023092453374,1.5732301617855187,2
241,433154,McNeil,MID,Crystal Palace,Man City,1,4,55,0.2,a,,,2.0,26.857528253702316,0.0356020942408377,1.452927358971091,0.4335781954904796,,0.504782383972155,0.0,3.753002163294916,1.191163762224999,2
76,614574,Tóth.A,MID,Bournemouth,Everton,1,3,50,0.0,a,,,1.5,30.29164100674914,0.0356020942408377,1.2667068574630505,0.42634032652286746,,0.4975445150045429,0.0,3.2031920106852585,1.1493146602968398,2
547,461199,Mundle,MID,Sunderland,Fulham,1,2,50,0.0,a,,,1.5,32.7672084545266,0.012195121951219513,1.295311161063017,0.4715970092002974,,0.49598725310273645,0.0,3.373383537443353,1.2525720391077135,2
147,109646,Tosin,DEF,Chelsea,Brighton,1,2,45,0.2,a,,,1.7,32.77426220381346,0.07214428857715431,0.9629893323486385,0.35068072086521707,,0.4949692980195257,0.0,3.2157511361305544,1.3153315873515732,2
72,496208,Gannon-Doak,MID,Bournemouth,Everton,1,3,50,0.1,a,,,1.5,27.601718388354584,0.012195121951219513,1.516277668507935,0.46502076894118766,,0.4894110128436267,0.0,3.5391892732843018,1.1098091955055347,2
464,216646,Wissa,FWD,Newcastle,Spurs,0,3,60,3.2,a,,,2.0,25.18674582740571,0.010899182561307902,1.6539203405446201,0.46285412484526267,,0.48465248996787846,0.0,4.981886625746552,1.41599294494073,2
38,606798,A.García,DEF,Aston Villa,Arsenal,1,4,40,1.7,a,,,1.0,28.69661527628858,0.10551558752997602,0.840358859922646,0.2679494988580073,,0.4789806739179593,0.0,2.88216140585334,1.1300120309259554,2
522,547701,Gray,MID,Spurs,Newcastle,1,2,50,0.2,a,,,1.5,25.041194319837672,0.07214428857715431,1.1985280585234004,0.3334730445695805,,0.47776162172388914,0.0,2.5842706151139585,0.8633243843555871,2
486,432714,McAtee,MID,Nott'm Forest,Liverpool,0,4,55,0.1,a,,,2.0,27.263968572953956,0.012345679012345678,1.480838041105115,0.4485946868258283,,0.47328604485051967,0.0,3.472398621926616,1.076595434702201,2
383,444884,Elliott,MID,Liverpool,Nott'm Forest,1,3,55,0.1,a,,,2.0,21.73060296279837,0.0031545741324921135,1.8942724818399541,0.4573742578468747,,0.46368340611185893,0.0,4.692257242038118,1.139260027443269,2
129,509416,Ayari,MID,Brighton,Chelsea,0,4,55,0.6,a,,,2.0,24.148783387548793,0.04570383912248629,1.377884542377294,0.36971372607690073,,0.4611214043218733,0.0,3.337361960268644,0.9868880234046692,2
244,609873,Armstrong,MID,Everton,Bournemouth,0,3,50,0.2,a,,,1.5,25.513171664198477,0.0356020942408377,1.335315031031562,0.37853468458325285,,0.4497388730649282,0.0,2.4666749219964603,0.7704564187557763,2
157,624773,Estêvão,MID,Chelsea,Brighton,1,2,65,1.2,a,,,2.3,20.639771869959215,0.0031545741324921135,1.8000761545625539,0.4128129019858284,,0.4191220502508126,0.0,6.120236087059874,1.4098677774561803,2
160,493105,Garnacho,MID,Aston Villa,Arsenal,1,4,60,0.6,a,,,2.2,24.34094399186319,0.02666666666666667,1.3276845682893967,0.35907884128436957,,0.4124121746177029,-7.228181743890921e-11,4.194270003124801,1.1876943470312513,2
520,570526,Bergvall,MID,Spurs,Newcastle,1,2,55,0.2,a,,,2.0,22.60666942566027,0.025380710659898477,1.3802296186586718,0.34669327467246364,,0.3974546959922606,0.0,3.095215664906578,0.8282338361827776,2
255,246301,J.Cuenca,DEF,Fulham,Sunderland,0,3,45,0.0,a,,,1.7,14.11580594289341,0.1552511415525114,0.5398238696426417,0.08466721096908132,,0.3951694940741041,0.0,1.3378797525221366,0.5203384048997866,2
62,242882,Diakité,DEF,Bournemouth,Everton,1,3,50,0.2,a,,,2.2,16.97941212078534,0.10416666666666667,0.9871465825545628,0.18623520720909745,,0.3945685405424308,0.0,1.8859815144755112,0.5641428598495843,2
477,549067,Abbott,DEF,Nott'm Forest,Liverpool,0,4,40,0.3,a,,,1.0,22.733903679891753,0.07214428857715431,0.9500300054293785,0.2399765626270948,,0.3842651397814034,0.0,2.5803752412323893,0.7960886015115819,2
71,155408,Cook,MID,Bournemouth,Everton,1,3,50,0.2,a,,,1.5,15.89290995475393,0.10551558752997602,0.939038122572666,0.16582275917920625,,0.37685393423915825,0.0,1.76096126801976,0.521995606909367,2
440,458249,Zirkzee,FWD,Man Utd,Ipswich Town,1,2,55,0.5,a,,,1.8,20.51503099511763,0.0012674271229404308,1.6128861887422705,0.3676490017071647,,0.37018385595304554,8.270818058792638e-13,4.07165933043579,0.9306483805286602,2
74,111317,Brooks,MID,Bournemouth,Everton,1,3,50,0.1,a,100.0,,1.5,19.56371362587689,0.0012674271229404308,1.684000038685143,0.36605882780890825,,0.3685936820547891,0.0,3.405489858654004,0.7428018359184909,2
52,653481,Alysson,MID,Aston Villa,Arsenal,1,4,50,0.0,a,,,1.5,26.59869995449995,0.025380710659898477,1.055948713725608,0.31207625559697344,,0.3628376769167704,0.0,2.4958238197986193,0.7883799648988795,2
435,576628,Lacey,MID,Man Utd,Ipswich Town,1,2,50,0.0,a,,,1.5,26.130077719112904,0.012195121951219513,1.1372172767747446,0.33017306472935565,,0.3545633086317947,0.0,2.638070410109196,0.7903122977318318,2
205,218364,Sosa,DEF,Crystal Palace,Man City,1,4,45,0.0,a,,,1.7,24.506278533503096,0.02666666666666667,1.091405815797966,0.29718105461144584,,0.3505143879447792,0.0,3.0069364178812865,0.8720980154348096,2
101,56979,Henderson,MID,Chelsea,Brighton,1,2,50,0.0,d,75.0,Wrist injury - 75% chance of playing,1.1,28.34893999856956,0.031914893617021274,0.9053266541548832,0.2851672333082502,,0.34899702054229276,-1.4523036838143874e-09,2.7453519100816663,0.9285833047214147,2
511,616221,Souza,DEF,Spurs,Newcastle,1,2,40,0.3,a,,,1.0,25.68230642203944,0.0356020942408377,0.937849538227732,0.26762376909480895,,0.3388279575764843,0.0,2.5490724853161253,0.7986048624803239,2
234,243571,Patterson,DEF,Everton,Bournemouth,0,3,45,0.0,a,,,1.7,13.758565725777073,0.10416666666666667,0.7262295155098366,0.11102085023490363,,0.31935418356823697,0.0,1.6632404303328414,0.46259780865004607,2
151,577016,Acheampong,DEF,Chelsea,Brighton,1,2,45,0.3,a,,,1.7,19.561065189999226,0.0356020942408377,1.1330638034776577,0.2462659436028326,,0.317470132084508,0.0,2.5551838926354504,0.6265610628847647,2
556,169359,Targett,DEF,Hull City,Coventry City,0,2,40,2.3,a,,,1.0,1.9296710827147125,0.1552511415525114,0.02426327695291079,0.0005202238211992255,,0.311022506926222,0.0,3.686068233455386e-09,0.31050228318405504,2
476,204822,O.Richards,DEF,Nott'm Forest,Liverpool,0,4,40,0.2,a,,,1.0,1.0275519595050155,0.1552511415525114,0.02707338692177629,0.0003091034642434298,,0.31081138656926627,0.0,3.686068233455386e-09,0.31050228314710754,2
479,538638,Bindon,DEF,Nott'm Forest,Liverpool,0,4,40,0.2,a,,,1.0,0.9619434645491219,0.1552511415525114,0.015868260183196668,0.00016960410196656763,,0.3106718872069894,0.0,3.686068233455386e-09,0.31050228314442047,2
550,699989,Jocelin.T,MID,Sunderland,Fulham,1,2,50,0.0,a,,,1.5,22.631249491686425,0.012195121951219513,1.1330390236093462,0.28491209807911,,0.30930234198154904,0.0,2.7291650050881855,0.7106615120594432,2
89,194010,Henry,DEF,Brentford,Leeds,0,3,45,0.2,a,,,1.7,19.972130163551913,0.0356020942408377,1.0198637950090308,0.22632058292238208,,0.2975247714040575,0.0,3.197549676426628,0.7807806145040744,2
167,463034,Delap,FWD,Chelsea,Brighton,1,2,55,0.5,a,,,1.8,14.5408666080237,0.008,1.7039564411236074,0.2753000368473463,,0.2913000368473463,0.0,3.757535492648151,0.6230869152612376,2
483,456512,Ndoye,MID,Nott'm Forest,Liverpool,0,4,55,0.4,a,,,2.0,16.47960742200588,0.02666666666666667,1.2468604131701087,0.22830855687870488,,0.2816418902120382,0.0,2.05740890154098,0.43005878893261895,2
548,554197,Rigg,MID,Sunderland,Fulham,1,2,50,0.1,a,,,1.5,20.60620743763926,0.03258145363408521,0.9230510735061364,0.21133979884670057,,0.276502706114871,0.0,2.251629552295962,0.5806911920162751,2
524,499726,Olusesi,MID,Spurs,Newcastle,1,2,45,0.8,a,,,1.0,20.03966183578893,0.02666666666666667,0.9854668387579155,0.2194269133232507,,0.27276024665658405,0.0,1.8485110829101512,0.46492818890252696,2
158,463936,Gittens,MID,Chelsea,Brighton,1,2,60,0.0,a,,,2.2,18.56933683604166,0.012195121951219513,1.1818959929657682,0.24385583109499195,,0.26824607499743097,-1.2476363546710944e-09,3.5164452683707035,0.7499242067233336,2
169,567119,Mheuka,FWD,Chelsea,Brighton,1,2,45,0.3,a,,,1.0,8.25549755661247,0.10416666666666667,0.6056001012804176,0.05555033507116391,,0.26388366840449723,0.0,1.086535133904137,0.30799875714576896,2
125,463067,Georginio,FWD,Brighton,Chelsea,0,4,55,1.0,d,75.0,Unspecified injury - 75% chance of playing,1.3,17.3468452084499,0.009259259259259259,1.2174547061110668,0.23465553705786155,,0.25317405557638006,0.0,3.7099880791560538,0.7335917288997901,2
508,115556,Davies,DEF,Spurs,Newcastle,1,2,40,1.1,a,,,1.0,15.36230456925374,0.012195121951219513,1.2308312011600264,0.21009337539511938,,0.2344836192975584,0.0,3.887270534473319,0.6879172871653824,2
466,599303,Neave,FWD,Newcastle,Spurs,0,3,45,0.8,a,,,1.0,13.383190227741766,0.0356020942408377,1.0707194971381482,0.15921825234168713,,0.23042244082336252,0.0,1.9940424238294208,0.36772251159607994,2
104,428580,Onyeka,MID,Coventry City,Hull City,1,2,50,0.2,a,,,1.5,15.987815666868743,0.0356020942408377,0.8949707971993701,0.1589847570317122,,0.2301889455133876,0.0,1.6529052618180167,0.36483024004549613,2
56,173879,Abraham,FWD,Aston Villa,Arsenal,1,4,55,0.1,d,75.0,Knock - 75% chance of playing,1.3,18.924146095892823,0.008174386920980926,1.010138173647414,0.21240002639046685,,0.2287488002324287,5.030097206881789e-11,3.0492399287451217,0.6575072393197675,2
441,596047,Obi,FWD,Man Utd,Ipswich Town,1,2,45,1.1,a,,,1.0,5.869944451972385,0.10551558752997602,0.19234384729375456,0.01254497443658887,,0.2235761494965409,0.0,0.8747320086624363,0.2680826006289601,2
438,519913,Fletcher,MID,Man Utd,Ipswich Town,1,2,45,0.3,a,,,1.0,15.505736499446206,0.0356020942408377,0.870464952973109,0.14996889103115402,,0.2211730795128294,0.0,1.8729412464402448,0.39388567121775064,2
24,200641,Nelson,MID,Arsenal,Aston Villa,0,4,55,0.0,a,,,2.0,15.057291696624768,0.008,1.2245055724574483,0.20486375098482548,,0.22086375098482547,0.0,3.111561662987791,0.5365743510182447,2
245,496661,Dibling,MID,Everton,Bournemouth,0,3,55,0.0,a,,,2.0,13.73012699177915,0.03258145363408521,0.998554381094123,0.15233642734021935,,0.21749933460838977,0.0,2.0219901013534076,0.373631583575978,2
424,577974,Amass,DEF,Man Utd,Ipswich Town,1,2,40,0.2,a,,,1.0,1.8214874827873568,0.10576923076923077,0.03639581504750995,0.0007366057948320345,,0.21227506733329357,0.0,3.686068233455386e-09,0.21153846161306294,2
606,569577,Rowe,DEF,Aston Villa,Arsenal,1,4,40,0.1,a,,,1.0,1.3282114651535062,0.10551558752997602,0.03904796068875045,0.0005762661008629084,,0.21160744116081495,0.0,3.686068233455386e-09,0.21103117511435068,2
235,499300,Aznou,DEF,Everton,Bournemouth,0,3,40,0.2,a,,,1.0,1.2013843274022384,0.10551558752997602,0.028354629334473764,0.00037849785879707267,,0.2114096729187491,0.0,3.686068233455386e-09,0.2110311751091563,2
609,553746,Shahar,DEF,Newcastle,Spurs,0,3,40,0.1,a,,,1.0,1.2013843274022384,0.10551558752997602,0.024979158148523084,0.0003334396567926394,,0.21136461471674467,0.0,3.686068233455386e-09,0.2110311751091563,2
603,643970,Lienou,DEF,Leeds,Brentford,1,3,40,0.1,a,,,1.0,1.0650605782256022,0.10551558752997602,0.025102372794753625,0.00029706164092905467,,0.21132823670088108,0.0,3.686068233455386e-09,0.211031175103573,2
174,436761,Kitching,DEF,Coventry City,Hull City,1,2,40,0.7,a,,,1.0,1.4365681886372748,0.10551558752997602,0.017997475441321433,0.00028727334105314406,,0.21131844840100517,0.0,3.686068233455386e-09,0.21103117511878858,2
179,204813,Latibeaudiere,DEF,Coventry City,Hull City,1,2,40,0.0,a,,,1.0,1.4365681886372748,0.10551558752997602,0.017997475441321433,0.00028727334105314406,,0.21131844840100517,0.0,3.686068233455386e-09,0.21103117511878858,2
178,80178,Bidwell,DEF,Coventry City,Hull City,1,2,40,0.1,a,,,1.0,1.4365681886372748,0.10551558752997602,0.017997475441321433,0.00028727334105314406,,0.21131844840100517,0.0,3.686068233455386e-09,0.21103117511878858,2
181,577411,Brau,DEF,Coventry City,Hull City,1,2,40,0.0,a,,,1.0,1.4365681886372748,0.10551558752997602,0.017997475441321433,0.00028727334105314406,,0.21131844840100517,0.0,3.686068233455386e-09,0.21103117511878858,2
176,173878,Dasilva,DEF,Coventry City,Hull City,1,2,40,0.8,a,,,1.0,1.4365681886372748,0.10551558752997602,0.017997475441321433,0.00028727334105314406,,0.21131844840100517,0.0,3.686068233455386e-09,0.21103117511878858,2
182,539142,Amenda,DEF,Coventry City,Hull City,1,2,40,0.9,a,,,1.0,1.4365681886372748,0.10551558752997602,0.017997475441321433,0.00028727334105314406,,0.21131844840100517,0.0,3.686068233455386e-09,0.21103117511878858,2
173,461102,Thomas,DEF,Coventry City,Hull City,1,2,40,7.9,a,,,1.0,1.4365681886372748,0.10551558752997602,0.017997475441321433,0.00028727334105314406,,0.21131844840100517,0.0,3.686068233455386e-09,0.21103117511878858,2
175,451284,van Ewijk,DEF,Coventry City,Hull City,1,2,40,13.1,a,,,1.0,1.4365681886372748,0.10551558752997602,0.017997475441321433,0.00028727334105314406,,0.21131844840100517,0.0,3.686068233455386e-09,0.21103117511878858,2
306,449429,Greaves,DEF,Ipswich Town,Man Utd,0,4,40,1.5,a,,,1.0,0.9619434645491219,0.10551558752997602,0.016369231453776042,0.0001749586135183532,,0.21120613367347038,0.0,3.686068233455386e-09,0.21103117509934968,2
304,216616,O'Shea,DEF,Ipswich Town,Man Utd,0,4,40,3.4,a,,,1.0,0.9619434645491219,0.10551558752997602,0.016369231453776042,0.0001749586135183532,,0.21120613367347038,0.0,3.686068233455386e-09,0.21103117509934968,2
307,222018,Johnson,DEF,Ipswich Town,Man Utd,0,4,40,0.1,a,,,1.0,0.9619434645491219,0.10551558752997602,0.016369231453776042,0.0001749586135183532,,0.21120613367347038,0.0,3.686068233455386e-09,0.21103117509934968,2
308,176420,Furlong,DEF,Ipswich Town,Man Utd,0,4,40,0.6,a,,,1.0,0.9619434645491219,0.10551558752997602,0.016369231453776042,0.0001749586135183532,,0.21120613367347038,0.0,3.686068233455386e-09,0.21103117509934968,2
592,572584,Ouattara,DEF,Ipswich Town,Man Utd,0,4,40,1.0,a,,,1.0,0.9619434645491219,0.10551558752997602,0.016369231453776042,0.0001749586135183532,,0.21120613367347038,0.0,3.686068233455386e-09,0.21103117509934968,2
305,455084,Davis,DEF,Ipswich Town,Man Utd,0,4,40,4.9,a,,,1.0,0.9619434645491219,0.10551558752997602,0.016369231453776042,0.0001749586135183532,,0.21120613367347038,0.0,3.686068233455386e-09,0.21103117509934968,2
303,183015,Kipré,DEF,Ipswich Town,Man Utd,0,4,40,0.6,a,,,1.0,0.9619434645491219,0.10551558752997602,0.016369231453776042,0.0001749586135183532,,0.21120613367347038,0.0,3.686068233455386e-09,0.21103117509934968,2
610,547686,De Fougerolles,DEF,Fulham,Sunderland,0,3,40,0.1,a,,,1.0,1.0650605782256022,0.10551558752997602,0.013774031409943445,0.00016300197619968857,,0.21119417703615173,0.0,3.686068233455386e-09,0.211031175103573,2
282,232351,Giles,DEF,Hull City,Coventry City,0,2,40,0.9,a,,,1.0,1.4365681886372748,0.10551558752997602,0.00876336282976444,0.0001398796474080658,,0.21117105470736008,0.0,3.686068233455386e-09,0.21103117511878858,2
281,433590,Drameh,DEF,Hull City,Coventry City,0,2,40,0.1,a,100.0,,1.0,1.4365681886372748,0.10551558752997602,0.00876336282976444,0.0001398796474080658,,0.21117105470736008,0.0,3.686068233455386e-09,0.21103117511878858,2
277,108416,Egan,DEF,Hull City,Coventry City,0,2,40,2.0,a,,,1.0,1.4365681886372748,0.10551558752997602,0.00876336282976444,0.0001398796474080658,,0.21117105470736008,0.0,3.686068233455386e-09,0.21103117511878858,2
280,193278,Coyle,DEF,Hull City,Coventry City,0,2,40,0.6,a,100.0,,1.0,1.4365681886372748,0.10551558752997602,0.00876336282976444,0.0001398796474080658,,0.21117105470736008,0.0,3.686068233455386e-09,0.21103117511878858,2
279,146426,Ajayi,DEF,Hull City,Coventry City,0,2,40,1.7,a,100.0,,1.0,1.4365681886372748,0.10551558752997602,0.00876336282976444,0.0001398796474080658,,0.21117105470736008,0.0,3.686068233455386e-09,0.21103117511878858,2
585,597462,Herrington,DEF,Hull City,Coventry City,0,2,40,0.7,a,,,1.0,1.4365681886372748,0.10551558752997602,0.00876336282976444,0.0001398796474080658,,0.21117105470736008,0.0,3.686068233455386e-09,0.21103117511878858,2
586,606930,Mendy,DEF,Hull City,Coventry City,0,2,40,3.4,a,100.0,,1.0,1.4365681886372748,0.10551558752997602,0.00876336282976444,0.0001398796474080658,,0.21117105470736008,0.0,3.686068233455386e-09,0.21103117511878858,2
284,661800,McCarthy,DEF,Hull City,Coventry City,0,2,40,0.1,a,,,1.0,1.4365681886372748,0.10551558752997602,0.00876336282976444,0.0001398796474080658,,0.21117105470736008,0.0,3.686068233455386e-09,0.21103117511878858,2
285,160817,McNair,DEF,Hull City,Coventry City,0,2,40,0.1,a,,,1.0,1.4365681886372748,0.10551558752997602,0.00876336282976444,0.0001398796474080658,,0.21117105470736008,0.0,3.686068233455386e-09,0.21103117511878858,2
75,158499,Christie,MID,Bournemouth,Everton,1,3,50,0.0,a,100.0,,1.5,0.0,0.10551558752997602,0.5875472013938261,0.0,,0.21103117505995203,-3.495944001553523e-13,2.451520644913031,0.21103117505995203,2
92,570241,Ji-soo,DEF,Brentford,Leeds,0,3,45,0.0,a,,,1.7,2.7412548054896044,0.10416666666666667,0.059100386394703545,0.0018001024245641504,,0.2101334357578975,0.0,3.686068233455386e-09,0.20833333344560503,2
528,490145,Scarlett,FWD,Spurs,Newcastle,1,2,45,1.7,a,,,1.0,13.88175666257947,0.02666666666666667,1.0093727427941301,0.15568740885898366,,0.209020742192317,0.0,1.459679065262815,0.2784767732159984,2
437,576620,Bendito Mantato,MID,Man Utd,Ipswich Town,1,2,45,0.2,a,,,1.0,12.301081026970293,0.0356020942408377,0.9859642138036604,0.1347602853743543,,0.2059644738560297,0.0,2.52751658976202,0.416661814789167,2
493,465680,Kalimuendo,FWD,Nott'm Forest,Liverpool,0,4,55,0.1,a,,,1.8,12.518871500264746,0.012195121951219513,1.247123885080927,0.17347315180265624,,0.19786339570509526,0.0,2.7163263791162158,0.40222736493505373,2
409,590039,Mukasa,MID,Man City,Crystal Palace,0,3,45,0.2,a,,,1.0,14.360735940927702,0.012195121951219513,1.0610974785647618,0.16931267441391928,,0.1937029183163583,0.0,2.109168246041928,0.36093700208463636,2
512,460842,Kudus,MID,Spurs,Newcastle,1,2,65,0.1,d,50.0,Thigh injury - 50% chance of playing,1.1,17.008123495913125,0.006097560975609756,0.9591816406418522,0.18126533110054652,,0.19346045305176604,0.0,3.3231165248309535,0.6401948580138253,2
509,640419,Byfield,DEF,Spurs,Newcastle,1,2,40,0.1,a,,,1.0,8.75315958955054,0.07214428857715431,0.4611801533575123,0.04485314979857442,,0.18914172695288303,0.0,1.0668736752552614,0.24804986094763776,2
510,499716,Rowswell,DEF,Spurs,Newcastle,1,2,40,0.1,a,,,1.0,7.944619762939617,0.07214428857715431,0.49303529001795243,0.043521976765592114,,0.18781055391990073,0.0,0.9459185910446996,0.22778817196037215,2
22,499175,Nwaneri,MID,Arsenal,Aston Villa,0,4,55,0.0,a,,,2.0,12.913428110946493,0.012345679012345678,1.1274470608222713,0.16176896187584797,,0.18646031990053932,0.0,2.646366926958246,0.404398792096488,2
216,606921,Esse,MID,Crystal Palace,Man City,1,4,50,0.0,a,,,1.5,14.690236158131968,0.012345679012345678,0.9905130842713162,0.16167634584072565,,0.186367703865417,0.0,1.8495067194418233,0.3265768078541615,2
50,645618,Burrowes,MID,Aston Villa,Arsenal,1,4,45,0.7,a,,,1.0,11.694799982240141,0.0356020942408377,0.8545556875293754,0.111042864881575,,0.1822470533632504,0.0,1.990607145137692,0.32986810409949074,2
243,502697,Alcaraz,MID,Everton,Bournemouth,0,3,50,0.1,a,,,1.5,8.577550920557862,0.0356020942408377,1.1085189979585655,0.10564864612661524,,0.17685283460829065,0.0,2.2682755209862244,0.2873847305162782,2
126,219249,O'Riley,MID,Brighton,Chelsea,0,4,55,0.1,a,,,2.0,11.606648825831975,0.010899182561307902,1.1983007185519883,0.1545361736441672,,0.17633453876678298,0.0,2.2332789753778965,0.3098081962040058,2
150,574458,M.Sarr,DEF,Chelsea,Brighton,1,2,45,0.1,a,,,1.7,11.998462187561149,0.04570383912248629,0.5868742258738447,0.07823986897779497,,0.16964754722276754,0.0,1.7285058816936119,0.32184559449472644,2
515,172780,Maddison,MID,Spurs,Newcastle,1,2,65,1.1,d,75.0,Shoulder injury - 75% chance of playing,1.7,12.329958249603074,0.006,1.0775233271433327,0.1476201959627854,,0.1596201959627854,0.0,3.1334890170110477,0.4412865417259555,2
272,631786,Kusi-Asare,FWD,Fulham,Sunderland,0,3,45,7.0,a,,,1.0,12.431605341189218,0.0356020942408377,0.6121283575787325,0.08455264621743505,,0.15575683469911045,0.0,1.0758743238827948,0.2198135772731164,2
375,591386,Nyoni,MID,Liverpool,Nott'm Forest,1,3,50,0.0,a,,,1.5,12.11061580158546,0.0031545741324921135,1.0559529846869502,0.142091565578679,,0.1484007138436632,0.0,2.1107185909787316,0.29033250293839785,2
219,450542,J.Rak-Sakyi,MID,Crystal Palace,Man City,1,4,50,0.0,a,,,1.5,2.1374069284486303,0.07214428857715431,0.10340257067604719,0.002455704122026472,,0.1467442812763351,0.0,0.9577933337284067,0.16703517834911982,2
601,611917,Williams-Barnett,MID,Spurs,Newcastle,1,2,45,0.1,a,,,1.0,2.00562612583786,0.07214428857715431,0.033412196240655855,0.000744581930020899,,0.1450331590843295,0.0,3.686068233455386e-09,0.14428857723645166,2
191,492498,Borges Rodrigues,MID,Coventry City,Hull City,1,2,45,0.2,a,,,1.0,1.8377670612133323,0.07214428857715431,0.03328828217176534,0.0006797345388849485,,0.14496831169319357,0.0,3.686068233455386e-09,0.14428857722957678,2
189,684268,Shepherd,MID,Coventry City,Hull City,1,2,45,0.3,a,,,1.0,1.8377670612133323,0.07214428857715431,0.03328828217176534,0.0006797345388849485,,0.14496831169319357,0.0,3.686068233455386e-09,0.14428857722957678,2
192,629397,Andrews,MID,Coventry City,Hull City,1,2,45,0.6,a,,,1.0,1.8377670612133323,0.07214428857715431,0.03328828217176534,0.0006797345388849485,,0.14496831169319357,0.0,3.686068233455386e-09,0.14428857722957678,2
207,242313,Mingueza,DEF,Crystal Palace,Man City,1,4,45,0.1,a,,,1.7,1.264780512311274,0.07214428857715431,0.03569067160887814,0.0005015651769134482,,0.14479014233122206,0.0,3.686068233455386e-09,0.14428857720610938,2
577,223723,Tomiyasu,DEF,Crystal Palace,Man City,1,4,45,0.4,a,,,1.7,1.264780512311274,0.07214428857715431,0.03569067160887814,0.0005015651769134482,,0.14479014233122206,0.0,3.686068233455386e-09,0.14428857720610938,2
361,519440,Lucky,DEF,Liverpool,Nott'm Forest,1,3,40,0.1,a,,,1.0,1.1306690731814946,0.07214428857715431,0.036801679620084043,0.00046233912208403026,,0.14475091627639267,0.0,3.686068233455386e-09,0.14428857720061666,2
396,616222,Vitor Reis,DEF,Man City,Crystal Palace,0,3,45,0.0,a,,,1.7,1.3955862413365294,0.07214428857715431,0.0283389283994087,0.0004394379840937313,,0.14472801513840236,0.0,3.686068233455386e-09,0.14428857721146668,2
93,513086,Schuster,DEF,Brentford,Leeds,0,3,45,0.2,a,,,1.7,1.3678976259877522,0.07214428857715431,0.0283389283994087,0.00043071947645097837,,0.1447192966307596,0.0,3.686068233455386e-09,0.14428857721033267,2
602,524180,Humphreys,MID,Ipswich Town,Man Utd,0,4,45,0.0,a,,,1.0,1.264780512311274,0.07214428857715431,0.030557728208292195,0.00042943132375947195,,0.1447180084780681,0.0,3.686068233455386e-09,0.14428857720610938,2
321,557012,Walle Egeli,FWD,Ipswich Town,Man Utd,0,4,45,2.4,a,,,1.0,1.264780512311274,0.07214428857715431,0.030557728208292195,0.00042943132375947195,,0.1447180084780681,0.0,3.686068233455386e-09,0.14428857720610938,2
323,461587,McAteer,MID,Ipswich Town,Man Utd,0,4,45,1.4,a,,,1.0,1.264780512311274,0.07214428857715431,0.030557728208292195,0.00042943132375947195,,0.1447180084780681,0.0,3.686068233455386e-09,0.14428857720610938,2
51,577285,George Hemmings,MID,Aston Villa,Arsenal,1,4,45,0.7,a,,,1.0,11.210500231569606,0.012195121951219513,0.8601303005291541,0.10713878814735685,,0.13152903204979588,0.0,1.916673557123985,0.263133236746681,2
558,204561,Schlager,MID,Nott'm Forest,Liverpool,0,4,50,0.1,a,,,1.5,1.6195864560541426,0.06451612903225806,0.0754971027948941,0.0013586009461993096,,0.13039085901071543,0.0,0.05367441174602833,0.12999815084563324,2
66,575901,Soler,DEF,Bournemouth,Everton,1,3,40,0.2,d,75.0,Hamstring injury - 75% chance of playing,0.8,11.883698799149856,0.02443609022556391,0.6017668463347878,0.07945795499063238,,0.1283301354417602,0.0,1.0383557464668824,0.1859778130886705,2
163,491007,D.Essugo,MID,Chelsea,Brighton,1,2,45,0.2,a,,,1.0,14.08294333807349,0.02666666666666667,0.45697109587875,0.07150553389330871,,0.12483886722664206,0.0,1.0863327590289773,0.22331958546331254,2
107,593174,Furo,FWD,Brentford,Leeds,0,3,45,0.9,a,,,1.0,5.365351261961525,0.04570383912248629,0.5386624549259941,0.0321123698034275,,0.12352004804840008,0.0,1.1969991365616397,0.1627667985551709,2
221,672492,Drakes-Thomas,MID,Crystal Palace,Man City,1,4,45,0.1,a,,,1.0,6.381103666718062,0.0356020942408377,0.6450484444498195,0.045734677712105834,,0.11693886619378123,0.0,1.1542897431712869,0.15304466084395704,2
134,556637,Oriola,MID,Brighton,Chelsea,0,4,45,0.3,a,,,1.0,4.150190085241749,0.04570383912248629,0.5033540812597682,0.02321127908233622,,0.1146189573273088,0.0,1.1863550010030721,0.14611433116430497,2
504,610799,Vuskovic,DEF,Brighton,Chelsea,0,4,50,2.5,a,,,2.2,4.437929762795156,0.04570383912248629,0.26603982548654365,0.01311851177350624,,0.10452619001847882,0.0,1.0823860756823835,0.14478049357948258,2
436,490881,Collyer,MID,Man Utd,Ipswich Town,1,2,50,0.0,a,,,1.5,2.356604501431849,0.04570383912248629,0.10157993400048376,0.0026598192191187794,,0.09406749746409135,0.0,0.9304247802304045,0.11577038074869157,2
164,593117,Quenda,MID,Chelsea,Brighton,1,2,55,0.0,a,100.0,,2.0,2.9585136330171147,0.04570383912248629,0.07740622145624643,0.002544526238429411,,0.09395220448340198,0.0,0.07024906604106061,0.09371693179596366,2
568,543158,Barco,MID,Chelsea,Brighton,1,2,55,0.1,a,,,2.0,2.9585136330171147,0.04570383912248629,0.07740622145624643,0.002544526238429411,,0.09395220448340198,0.0,0.07024906604106061,0.09371693179596366,2
316,543968,Emersonn,FWD,Ipswich Town,Man Utd,0,4,55,1.7,a,,,1.8,2.54524302499907,0.04570383912248629,0.08402495003729339,0.0023762657556479594,,0.09378394400062054,0.0,0.07024906604106061,0.09339435541556934,2
562,442967,Maeda,MID,Ipswich Town,Man Utd,0,4,55,0.4,a,,,2.0,2.54524302499907,0.04570383912248629,0.08402495003729339,0.0023762657556479594,,0.09378394400062054,0.0,0.07024906604106061,0.09339435541556934,2
313,443261,Clarke,MID,Ipswich Town,Man Utd,0,4,55,0.3,a,,,2.0,2.54524302499907,0.04570383912248629,0.08402495003729339,0.0023762657556479594,,0.09378394400062054,0.0,0.07024906604106061,0.09339435541556934,2
315,531442,Fatawu,MID,Ipswich Town,Man Utd,0,4,55,0.2,a,,,2.0,2.54524302499907,0.04570383912248629,0.08402495003729339,0.0023762657556479594,,0.09378394400062054,0.0,0.07024906604106061,0.09339435541556934,2
581,568420,Diomande,DEF,Nott'm Forest,Liverpool,0,4,55,0.7,a,,,2.5,2.54524302499907,0.04570383912248629,0.0818061502284099,0.0023135170363431817,,0.09372119528131576,0.0,0.08533458383779552,0.09382098107057643,2
523,499721,Moore,MID,Spurs,Newcastle,1,2,50,0.2,a,,,1.5,2.032857064072187,0.04570383912248629,0.08057037063614125,0.001819867190028823,,0.0932275454350014,0.0,0.05367441174602833,0.09262003832361516,2
217,536694,M.França,MID,Crystal Palace,Man City,1,4,50,0.0,a,,,1.5,1.7773240887342536,0.04570383912248629,0.0828488460043636,0.001636102774748778,,0.09304378101972136,0.0,0.3578677313697951,0.09847486646213052,2
583,498444,Chavarria,DEF,Chelsea,Brighton,1,2,50,0.2,a,,,2.2,2.032857064072187,0.04570383912248629,0.07109717402273066,0.0016058932494186402,,0.09301357149439121,0.0,0.05367441174602833,0.09262003832361516,2
170,503037,Emegha,FWD,Chelsea,Brighton,1,2,50,0.2,a,100.0,,1.4,2.032857064072187,0.04570383912248629,0.07109717402273066,0.0016058932494186402,,0.09301357149439121,0.0,0.05367441174602833,0.09262003832361516,2
588,570794,Khalaili,DEF,Crystal Palace,Man City,1,4,50,0.1,a,,,2.2,1.6732520345060486,0.04570383912248629,0.0828488460043636,0.0015403000014808856,,0.09294797824645346,0.0,0.05367441174602833,0.09240557623002765,2
595,559152,Gozo,MID,Crystal Palace,Man City,1,4,50,0.0,a,,,1.5,1.6732520345060486,0.04570383912248629,0.0828488460043636,0.0015403000014808856,,0.09294797824645346,0.0,0.05367441174602833,0.09240557623002765,2
218,438464,Doucouré,MID,Crystal Palace,Man City,1,4,50,0.1,a,,,1.5,1.6732520345060486,0.04570383912248629,0.0828488460043636,0.0015403000014808856,,0.09294797824645346,0.0,0.05367441174602833,0.09240557623002765,2
410,649208,Monga,MID,Man City,Crystal Palace,0,3,50,0.0,a,,,1.5,1.7227035697306212,0.04570383912248629,0.0754971027948941,0.001445101427656486,,0.09285277967262906,0.0,0.05367441174602833,0.09243506825295118,2
580,463210,Charles,MID,Fulham,Sunderland,0,3,50,0.1,a,,,1.5,1.7227035697306212,0.04570383912248629,0.07340287402164089,0.0014050154789507537,,0.09281269372392333,0.0,0.05367441174602833,0.09243506825295118,2
314,229164,Ogbene,MID,Ipswich Town,Man Utd,0,4,50,0.0,a,,,1.5,1.6195864560541426,0.04570383912248629,0.0777159026037776,0.0013985291475233455,,0.09280620739249593,0.0,0.05367441174602833,0.0923735710260897,2
324,232457,Mehmeti,MID,Ipswich Town,Man Utd,0,4,50,0.0,a,,,1.5,1.6195864560541426,0.04570383912248629,0.0777159026037776,0.0013985291475233455,,0.09280620739249593,0.0,0.05367441174602833,0.0923735710260897,2
320,147675,Akpom,FWD,Ipswich Town,Man Utd,0,4,50,0.5,a,,,1.4,1.6195864560541426,0.04570383912248629,0.0777159026037776,0.0013985291475233455,,0.09280620739249593,0.0,0.05367441174602833,0.0923735710260897,2
309,501390,Núñez,MID,Ipswich Town,Man Utd,0,4,50,0.1,a,,,1.5,1.6195864560541426,0.04570383912248629,0.0777159026037776,0.0013985291475233455,,0.09280620739249593,0.0,0.05367441174602833,0.0923735710260897,2
561,622758,Anselmino,DEF,Chelsea,Brighton,1,2,45,0.0,a,100.0,,1.7,2.304294605370865,0.04570383912248629,0.05238013684859669,0.0013411029640978778,,0.09274878120907046,0.0,3.686068233455386e-09,0.09140767833934799,2
604,592740,Cresswell,MID,Leeds,Brentford,1,3,45,0.1,a,,,1.0,1.3678976259877522,0.04570383912248629,0.0375730410109656,0.0005710674844448922,,0.09197874572941747,0.0,3.686068233455386e-09,0.09140767830099662,2
598,173774,Elvedi,DEF,Leeds,Brentford,1,3,45,0.0,a,,,1.7,1.3678976259877522,0.04570383912248629,0.0375730410109656,0.0005710674844448922,,0.09197874572941747,0.0,3.686068233455386e-09,0.09140767830099662,2
573,494928,Sanchez,DEF,Bournemouth,Everton,1,3,45,0.2,a,,,1.7,1.3678976259877522,0.04570383912248629,0.03547881223771238,0.0005392375892536886,,0.09194691583422626,0.0,3.686068233455386e-09,0.09140767830099662,2
289,101282,Crooks,MID,Hull City,Coventry City,0,2,45,0.7,a,,,1.0,1.8377670612133323,0.04570383912248629,0.024054169560208425,0.0004911773389176826,,0.09189885558389026,0.0,3.686068233455386e-09,0.09140767832024074,2
290,243413,Slater,MID,Hull City,Coventry City,0,2,45,3.8,a,,,1.0,1.8377670612133323,0.04570383912248629,0.024054169560208425,0.0004911773389176826,,0.09189885558389026,0.0,3.686068233455386e-09,0.09140767832024074,2
288,171270,Dowell,MID,Hull City,Coventry City,0,2,45,0.4,a,,,1.0,1.8377670612133323,0.04570383912248629,0.024054169560208425,0.0004911773389176826,,0.09189885558389026,0.0,3.686068233455386e-09,0.09140767832024074,2
613,696104,Ahoka,MID,Sunderland,Fulham,1,2,45,0.0,a,,,1.0,1.791107296865827,0.04570383912248629,0.023938999627245303,0.0004764146323558597,,0.09188409287732843,0.0,3.686068233455386e-09,0.09140767831832973,2
612,638411,Methalie,DEF,Sunderland,Fulham,1,2,45,0.0,a,,,1.7,1.791107296865827,0.04570383912248629,0.023938999627245303,0.0004764146323558597,,0.09188409287732843,0.0,3.686068233455386e-09,0.09140767831832973,2
541,93605,Meunier,DEF,Sunderland,Fulham,1,2,45,0.3,a,100.0,,1.7,1.791107296865827,0.04570383912248629,0.023938999627245303,0.0004764146323558597,,0.09188409287732843,0.0,3.686068233455386e-09,0.09140767831832973,2
605,611695,Yalcouyé,MID,Brighton,Chelsea,0,4,45,0.1,a,,,1.0,1.2924691276600513,0.04570383912248629,0.031477003898540114,0.0004520339530010908,,0.09185971219797366,0.0,3.686068233455386e-09,0.09140767829790734,2
119,451490,Costinha,DEF,Brighton,Chelsea,0,4,45,0.0,a,,,1.7,1.264780512311274,0.04570383912248629,0.031477003898540114,0.00044235001240910596,,0.09185002825738169,0.0,3.686068233455386e-09,0.09140767829677332,2
614,512123,Hadjam,DEF,Brighton,Chelsea,0,4,45,0.0,a,,,1.7,1.264780512311274,0.04570383912248629,0.031477003898540114,0.00044235001240910596,,0.09185002825738169,0.0,3.686068233455386e-09,0.09140767829677332,2
607,571380,Lynch,MID,Aston Villa,Arsenal,1,4,45,0.1,a,,,1.0,1.264780512311274,0.04570383912248629,0.02936796706367153,0.00041271147142590115,,0.09182038971639847,0.0,3.686068233455386e-09,0.09140767829677332,2
596,487992,Ruggeri,DEF,Aston Villa,Arsenal,1,4,45,0.1,a,,,1.7,1.264780512311274,0.04570383912248629,0.02936796706367153,0.00041271147142590115,,0.09182038971639847,0.0,3.686068233455386e-09,0.09140767829677332,2
593,463726,Dedić,DEF,Newcastle,Spurs,0,3,45,0.3,a,,,1.7,1.3678976259877522,0.04570383912248629,0.024374746793140542,0.0003704684252487725,,0.09177814667022136,0.0,3.686068233455386e-09,0.09140767830099662,2
100,244858,Carvalho,MID,Brentford,Leeds,0,3,50,0.0,a,100.0,,1.5,7.249898666772598,0.0012674271229404308,1.0590762221157168,0.08531328100808105,,0.08784813525396191,0.0,1.8433386340559137,0.1510239465286852,2
591,474120,Enciso,MID,Ipswich Town,Man Utd,0,4,55,0.4,a,100.0,,2.0,2.759761853971102,0.0425531914893617,0.08402495003729339,0.0025765427988305558,,0.08768292577755396,0.0,0.5610494434264789,0.10231041466939134,2
616,637238,Bouaddi,MID,Man City,Crystal Palace,0,3,55,0.0,a,,,2.0,2.6483601386755478,0.0425531914893617,0.0818061502284099,0.002407246081815826,,0.08751362906053922,0.0,0.08533458383779552,0.08761745753746211,2
185,501459,Sakamoto,MID,Coventry City,Hull City,1,2,50,0.1,a,,,1.5,2.079516828419691,0.0425531914893617,0.08044645656725073,0.0018587751135370183,,0.08696515809226042,0.0,0.05367441174602833,0.08634657011740555,2
183,480457,Rudoni,MID,Coventry City,Hull City,1,2,50,0.1,a,100.0,,1.5,2.079516828419691,0.0425531914893617,0.08044645656725073,0.0018587751135370183,,0.08696515809226042,0.0,0.05367441174602833,0.08634657011740555,2
195,218997,Simms,FWD,Coventry City,Hull City,1,2,50,1.0,a,,,1.4,2.079516828419691,0.0425531914893617,0.08044645656725073,0.0018587751135370183,,0.08696515809226042,0.0,0.05367441174602833,0.08634657011740555,2
194,230730,Thomas-Asante,FWD,Coventry City,Hull City,1,2,50,0.8,a,,,1.4,2.079516828419691,0.0425531914893617,0.08044645656725073,0.0018587751135370183,,0.08696515809226042,0.0,0.05367441174602833,0.08634657011740555,2
599,627221,Cherif,FWD,Coventry City,Hull City,1,2,50,0.1,a,,,1.4,2.079516828419691,0.0425531914893617,0.08044645656725073,0.0018587751135370183,,0.08696515809226042,0.0,0.05367441174602833,0.08634657011740555,2
187,439668,Eccles,MID,Coventry City,Hull City,1,2,50,0.0,a,,,1.5,2.079516828419691,0.0425531914893617,0.08044645656725073,0.0018587751135370183,,0.08696515809226042,0.0,0.05367441174602833,0.08634657011740555,2
575,661888,Yirenkyi,MID,Coventry City,Hull City,1,2,50,0.2,a,,,1.5,2.079516828419691,0.0425531914893617,0.08044645656725073,0.0018587751135370183,,0.08696515809226042,0.0,0.05367441174602833,0.08634657011740555,2
184,168144,Grimes,MID,Coventry City,Hull City,1,2,50,0.2,a,,,1.5,2.079516828419691,0.0425531914893617,0.08044645656725073,0.0018587751135370183,,0.08696515809226042,0.0,0.05367441174602833,0.08634657011740555,2
166,517052,N.Jackson,FWD,Chelsea,Brighton,1,2,65,0.3,a,,,2.1,5.071435139430439,0.037815126050420166,0.11113843330537694,0.006262570622290387,,0.08189282272313071,0.0,1.0253981626111794,0.13341069958721524,2
429,176297,Rashford,MID,Man Utd,Ipswich Town,1,2,70,1.7,a,,,2.5,4.54730484801021,0.037815126050420166,0.11308451520936928,0.005713664047182769,,0.0813439161480231,0.0,0.9988925453906267,0.12609990670412985,2
578,465920,Mudryk,MID,Chelsea,Brighton,1,2,55,0.0,a,,,2.0,3.173032461989148,0.037815126050420166,0.08425933035559857,0.0029706398938197987,,0.07860089199466012,0.0,0.5610494434264789,0.09541056428720879,2
584,196100,Hamer,MID,Coventry City,Hull City,1,2,55,0.1,a,,,2.0,3.005173397364619,0.037815126050420166,0.0867555040007665,0.0028968370299784804,,0.07852708913081881,0.0,0.07024906604106061,0.07797592570591039,2
186,241293,Mason-Clark,MID,Coventry City,Hull City,1,2,55,0.1,a,100.0,,2.0,3.005173397364619,0.037815126050420166,0.0867555040007665,0.0028968370299784804,,0.07852708913081881,0.0,0.07024906604106061,0.07797592570591039,2
188,226965,Torp,MID,Coventry City,Hull City,1,2,55,0.2,a,,,2.0,3.005173397364619,0.037815126050420166,0.0867555040007665,0.0028968370299784804,,0.07852708913081881,0.0,0.07024906604106061,0.07797592570591039,2
565,513545,M.Sangaré,MID,Brentford,Leeds,0,3,56,8.0,a,,,2.0,2.6483601386755478,0.037815126050420166,0.0818061502284099,0.002407246081815826,,0.07803749818265615,0.0,0.08533458383779552,0.07814132665957904,2
407,575204,Echeverri,MID,Man City,Crystal Palace,0,3,50,0.0,a,,,1.5,1.9372223987026536,0.037815126050420166,0.08088340418074504,0.001740990469580657,,0.077371242570421,0.0,0.5444747891314466,0.08734990495677747,2
608,523700,Jebbison,FWD,Bournemouth,Everton,1,3,50,0.0,a,,,1.4,1.7763691481825268,0.037815126050420166,0.08263698663319782,0.0016310421505998274,,0.07726129425144015,0.0,0.05367441174602833,0.07668964731275689,2
566,483067,Silva,DEF,Bournemouth,Everton,1,3,50,0.4,a,,,2.2,1.7763691481825268,0.037815126050420166,0.08263698663319782,0.0016310421505998274,,0.07726129425144015,0.0,0.05367441174602833,0.07668964731275689,2
287,232905,Millar,MID,Hull City,Coventry City,0,2,50,0.1,a,,,1.5,2.0258512499677868,0.037815126050420166,0.0712123439556938,0.0016029512890642027,,0.07723320338990454,0.0,0.05367441174602833,0.07683843403558452,2
563,445028,Morita,MID,Hull City,Coventry City,0,2,50,0.0,a,100.0,,1.5,2.0258512499677868,0.037815126050420166,0.0712123439556938,0.0016029512890642027,,0.07723320338990454,0.0,0.05367441174602833,0.07683843403558452,2
286,540324,Belloumi,MID,Hull City,Coventry City,0,2,50,0.6,a,,,1.5,2.0258512499677868,0.037815126050420166,0.0712123439556938,0.0016029512890642027,,0.07723320338990454,0.0,0.05367441174602833,0.07683843403558452,2
574,552946,Hjertø-Dahl,MID,Hull City,Coventry City,0,2,50,0.1,a,,,1.5,2.0258512499677868,0.037815126050420166,0.0712123439556938,0.0016029512890642027,,0.07723320338990454,0.0,0.05367441174602833,0.07683843403558452,2
296,213292,Akintola,MID,Hull City,Coventry City,0,2,50,0.0,a,,,1.5,2.0258512499677868,0.037815126050420166,0.0712123439556938,0.0016029512890642027,,0.07723320338990454,0.0,0.05367441174602833,0.07683843403558452,2
292,208481,Ömür,MID,Hull City,Coventry City,0,2,50,0.0,a,,,1.5,2.0258512499677868,0.037815126050420166,0.0712123439556938,0.0016029512890642027,,0.07723320338990454,0.0,0.05367441174602833,0.07683843403558452,2
589,469266,Gourna-Douath,MID,Hull City,Coventry City,0,2,50,0.0,a,,,1.5,2.0258512499677868,0.037815126050420166,0.0712123439556938,0.0016029512890642027,,0.07723320338990454,0.0,0.05367441174602833,0.07683843403558452,2
576,608227,Stroud,MID,Hull City,Coventry City,0,2,50,0.1,a,,,1.5,2.0258512499677868,0.037815126050420166,0.0712123439556938,0.0016029512890642027,,0.07723320338990454,0.0,0.05367441174602833,0.07683843403558452,2
120,454490,Svoboda,DEF,Brighton,Chelsea,0,4,50,0.1,a,,,2.2,1.6195864560541426,0.037815126050420166,0.07863517829402554,0.0014150718859378497,,0.07704532398677819,0.0,0.05367441174602833,0.07659614488195746,2
600,612855,Osman,MID,Brighton,Chelsea,0,4,50,0.0,a,,,1.5,1.6195864560541426,0.037815126050420166,0.07863517829402554,0.0014150718859378497,,0.07704532398677819,0.0,0.05367441174602833,0.07659614488195746,2
135,700308,Yohanna,MID,Brighton,Chelsea,0,4,50,0.1,a,,,1.5,1.6195864560541426,0.037815126050420166,0.07863517829402554,0.0014150718859378497,,0.07704532398677819,0.0,0.05367441174602833,0.07659614488195746,2
378,491501,McConnell,MID,Liverpool,Nott'm Forest,1,3,45,0.3,a,,,1.0,1.6263340054542101,0.037815126050420166,0.05388587334162323,0.0009737380914342262,,0.07660399019227455,0.0,3.686068233455386e-09,0.07563025216744898,2
81,561245,Rodríguez,FWD,Bournemouth,Everton,1,3,60,0.1,a,100.0,,2.0,3.9670694947608873,0.0356020942408377,0.08894603406671359,0.0039206122047335795,,0.07512480068640898,0.0,0.08533458383779552,0.07496561319713133,2
377,551499,Munoz,MID,Liverpool,Nott'm Forest,1,3,65,0.6,a,,,2.3,3.9670694947608873,0.0356020942408377,0.08679937049894086,0.003825990387453293,,0.07503017886912869,0.0,0.08533458383779552,0.07496561319713133,2
557,439509,Tzolis,MID,Arsenal,Aston Villa,0,4,65,26.0,a,,,2.3,3.810286802632503,0.0356020942408377,0.08494422572754133,0.0035962429138831895,,0.07480043139555859,0.0,0.07024906604106061,0.07417828947315887,2
594,538007,David,FWD,Brighton,Chelsea,0,4,60,0.3,a,,,2.0,3.810286802632503,0.0356020942408377,0.08494422572754133,0.0035962429138831895,,0.07480043139555859,0.0,0.07024906604106061,0.07417828947315887,2
569,551466,Gonzalo,FWD,Fulham,Sunderland,0,3,60,3.4,a,,,2.0,3.9134039163089818,0.0356020942408377,0.07971192145515668,0.003466054951101379,,0.07467024343277677,0.0,0.07024906604106061,0.07425877703903246,2
461,611665,Touré,MID,Newcastle,Spurs,0,3,60,0.2,a,,,2.2,3.9134039163089818,0.0356020942408377,0.07784196862214171,0.003384745165101003,,0.07458893364677639,0.0,0.07024906604106061,0.07425877703903246,2
23,438098,Fábio Vieira,MID,Arsenal,Aston Villa,0,4,55,0.0,a,,,2.0,2.8036794044655267,0.0356020942408377,0.0994517428774855,0.0030981200360423026,,0.0743023085177177,0.0,0.9401832755213575,0.10049277165947726,2
364,214285,Tsimikas,DEF,Liverpool,Nott'm Forest,1,3,50,0.1,a,,,2.2,2.2709051631418635,0.0356020942408377,0.11212496478282659,0.002829168460471339,,0.07403335694214673,0.0,1.0069940420690855,0.09661294369709518,2
579,445087,Araujo,DEF,Liverpool,Nott'm Forest,1,3,55,2.7,a,,,2.5,2.7020257171274538,0.0356020942408377,0.08679937049894086,0.0026059347924290246,,0.07381012327410442,0.0,0.08533458383779552,0.07376614670489864,2
295,169432,McBurnie,FWD,Hull City,Coventry City,0,2,55,2.0,a,,,1.8,2.9515078189127135,0.0356020942408377,0.07752139138920959,0.002542277697980498,,0.0737464661796559,0.0,0.07024906604106061,0.07350797367824768,2
570,571779,Palacios,MID,Fulham,Sunderland,0,3,55,0.2,a,,,2.0,2.6483601386755478,0.0356020942408377,0.07971192145515668,0.0023456208373230348,,0.07354980931899843,0.0,0.07024906604106061,0.07327135321814573,2
334,522047,Muharemović,DEF,Leeds,Brentford,1,3,50,3.4,a,,,2.2,1.7763691481825268,0.0356020942408377,0.08473121540645104,0.0016723768548447513,,0.07287656533652015,0.0,0.05367441174602833,0.07226358369359195,2
381,514514,Koumas,MID,Liverpool,Nott'm Forest,1,3,50,0.0,a,,,1.5,1.7763691481825268,0.0356020942408377,0.0804903230654251,0.0015886725180073952,,0.0727928609996828,0.0,0.05367441174602833,0.07226358369359195,2
362,606702,Jacquet,DEF,Liverpool,Nott'm Forest,1,3,50,2.4,a,100.0,,2.2,1.7763691481825268,0.0356020942408377,0.0804903230654251,0.0015886725180073952,,0.0727928609996828,0.0,0.05367441174602833,0.07226358369359195,2
462,636852,Steur,MID,Newcastle,Spurs,0,3,50,0.1,a,,,1.5,1.7227035697306212,0.0356020942408377,0.07153292118862592,0.0013692224298322785,,0.07257341091150768,0.0,0.05367441174602833,0.072231578489654,2
559,632794,Bamba,MID,Newcastle,Spurs,0,3,50,0.1,a,,,1.5,1.7227035697306212,0.0356020942408377,0.07153292118862592,0.0013692224298322785,,0.07257341091150768,0.0,0.05367441174602833,0.072231578489654,2
152,620109,Palestra,DEF,Chelsea,Brighton,1,2,55,2.4,d,75.0,Unspecified injury - 75% chance of playing,1.9,2.218885224762836,0.034277879341864714,0.05805466609218482,0.0014312960091165435,,0.06998705469284597,0.0,0.052686799530795456,0.06985471380616191,2
103,183656,Dasilva,MID,Brentford,Leeds,0,3,50,0.0,a,,,1.5,5.243815144262553,0.0031545741324921135,0.962705729810817,0.05609167650500328,,0.06240082476998751,0.0,2.1546002962766595,0.13184610008107456,2
247,244860,Hackney,MID,Everton,Bournemouth,0,3,55,0.3,d,75.0,Knock - 75% chance of playing,1.5,1.9862701040066608,0.026701570680628273,0.05978394109136751,0.001319411720994207,,0.054722553082250755,0.0,0.052686799530795456,0.054565921525521116,2
3,437495,Meslier,GK,Arsenal,Aston Villa,0,4,50,0.0,a,,,2.6,4.437929762795156,0.0,0.26603982548654365,0.01311851177350624,,0.01311851177350624,0.0,1.0957830959157184,0.05403342683257985,2
228,138001,King,GK,Everton,Bournemouth,0,3,45,0.0,a,,,1.9,5.307542234932247,0.0,0.14568104804782,0.008591203503811096,,0.008591203503811096,0.0,0.08139346977249592,0.004799991982946703,2
227,229600,Travers,GK,Everton,Bournemouth,0,3,50,0.0,a,,,2.6,3.3855706551081286,0.0,0.13417865504480575,0.005047459078461896,,0.005047459078461896,0.0,0.981999404071724,0.036940315175098874,2
386,122074,Bettinelli,GK,Man City,Crystal Palace,0,3,45,0.0,a,,,1.9,3.6482414860546624,0.0,0.12422416637044961,0.0050355528591470074,,0.0050355528591470074,0.0,0.11982639160361025,0.004857284588583588,2
443,81441,Gillespie,GK,Newcastle,Spurs,0,3,45,0.0,a,,,1.9,3.030764711365259,0.0,0.07428502465910772,0.0025015603479969085,,0.0025015603479969085,0.0,0.05622612028271085,0.0018934237912202057,2
495,214572,Austin,GK,Spurs,Newcastle,1,2,40,0.9,a,,,1.0,2.4847689019638857,0.0,0.05870143805559051,0.0016206611975676743,,0.0016206611975676743,0.0,0.008027769876046755,0.00022163503266803836,2
587,106921,Rulli,GK,Man City,Crystal Palace,0,3,50,0.0,a,,,2.6,1.7227035697306212,0.0,0.0754971027948941,0.001445101427656486,,0.001445101427656486,0.0,0.05367441174602833,0.0010273900079786021,2
597,433969,Suzuki,GK,Aston Villa,Arsenal,1,4,50,0.8,a,,,2.6,1.6732520345060486,0.0,0.07652614145915691,0.001422750243215911,,0.001422750243215911,0.0,0.05367441174602833,0.0009978979850550807,2
567,470551,Horníček,GK,Newcastle,Spurs,0,3,50,0.7,a,,,2.6,1.7227035697306212,0.0,0.07153292118862592,0.0013692224298322785,,0.0013692224298322785,0.0,0.05367441174602833,0.0010273900079786021,2
251,86873,Lecomte,GK,Fulham,Sunderland,0,3,40,1.2,a,,,1.0,2.0429079375401082,0.0,0.047092148679765945,0.0010689436037079197,,0.0010689436037079197,0.0,0.008027769876046755,0.0001822221644502365,2
555,169593,Matthews,GK,Crystal Palace,Man City,1,4,40,1.8,a,,,1.0,1.436395065080861,0.0,0.04676190821752814,0.0007463174910824619,,0.0007463174910824619,0.0,3.686068233455386e-09,5.88294468898516e-11,2
111,49262,Steele,GK,Brighton,Chelsea,0,4,40,4.0,a,,,1.0,1.9430160909745526,0.0,0.032001350218599324,0.0006908793156405611,,0.0006908793156405611,0.0,3.686068233455386e-09,7.957877655593288e-11,2
172,110690,Wilson,GK,Coventry City,Hull City,1,2,45,0.5,a,,,1.9,1.8377670612133323,0.0,0.03328828217176534,0.0006797345388849485,,0.0006797345388849485,0.0,3.686068233455386e-09,7.526816427587916e-11,2
110,472739,Rushworth,GK,Coventry City,Hull City,1,2,45,1.2,a,,,1.9,1.8377670612133323,0.0,0.03328828217176534,0.0006797345388849485,,0.0006797345388849485,0.0,3.686068233455386e-09,7.526816427587916e-11,2
615,230650,Di Gregorio,GK,Bournemouth,Everton,1,3,45,0.0,a,,,1.9,1.3678976259877522,0.0,0.03547881223771238,0.0005392375892536886,,0.0005392375892536886,0.0,3.686068233455386e-09,5.6024044286361e-11,2
58,40383,Forster,GK,Bournemouth,Everton,1,3,40,3.2,a,,,1.0,1.2013843274022384,0.0,0.03706597378576933,0.0004947831109569498,,0.0004947831109569498,0.0,3.686068233455386e-09,4.9204273393428406e-11,2
572,473284,Tzolakis,GK,Hull City,Coventry City,0,2,45,2.6,a,,,1.9,1.8377670612133323,0.0,0.024054169560208425,0.0004911773389176826,,0.0004911773389176826,0.0,3.686068233455386e-09,7.526816427587916e-11,2
560,549939,Penders,GK,Chelsea,Brighton,1,2,45,0.1,a,,,1.9,1.791107296865827,0.0,0.023938999627245303,0.0004764146323558597,,0.0004764146323558597,0.0,3.686068233455386e-09,7.335715232985856e-11,2
590,428971,Benda,GK,Nott'm Forest,Liverpool,0,4,45,0.1,a,,,1.9,1.368852566539479,0.0,0.0283389283994087,0.0004310201652501014,,0.0004310201652501014,0.0,3.686068233455386e-09,5.606315513116721e-11,2
300,108813,Walton,GK,Ipswich Town,Man Utd,0,4,45,0.5,a,,,1.9,1.264780512311274,0.0,0.030557728208292195,0.00042943132375947195,,0.00042943132375947195,0.0,3.686068233455386e-09,5.1800747430266845e-11,2
564,240514,Scherpen,GK,Ipswich Town,Man Utd,0,4,45,0.6,a,,,1.9,1.264780512311274,0.0,0.030557728208292195,0.00042943132375947195,,0.00042943132375947195,0.0,3.686068233455386e-09,5.1800747430266845e-11,2
444,554578,Jaouen,GK,Newcastle,Spurs,0,3,45,0.0,a,,,1.9,1.3678976259877522,0.0,0.024374746793140542,0.0003704684252487725,,0.0003704684252487725,0.0,3.686068233455386e-09,5.6024044286361e-11,2
252,505079,McNally,GK,Fulham,Sunderland,0,3,40,0.2,a,,,1.0,1.1306690731814946,0.0,0.024979158148523084,0.0003138129065849397,,0.0003138129065849397,0.0,3.686068233455386e-09,4.630803725783056e-11,2
171,484389,Dovin,GK,Coventry City,Hull City,1,2,40,1.6,a,,,1.0,1.4365681886372748,0.0,0.017997475441321433,0.00028727334105314406,,0.00028727334105314406,0.0,3.686068233455386e-09,5.883653739253781e-11,2
355,464353,Davies,GK,Liverpool,Nott'm Forest,1,3,40,0.1,a,,,1.0,1.0650605782256022,0.0,0.02274384985581514,0.0002691508653167861,,0.0002691508653167861,0.0,3.686068233455386e-09,4.362095515670019e-11,2
301,112520,Palmer,GK,Ipswich Town,Man Utd,0,4,40,4.5,a,,,1.0,0.9619434645491219,0.0,0.016369231453776042,0.0001749586135183532,,0.0001749586135183532,0.0,3.686068233455386e-09,3.939765830060595e-11,2
302,50093,Button,GK,Ipswich Town,Man Utd,0,4,40,0.4,a,,,1.0,0.9619434645491219,0.0,0.016369231453776042,0.0001749586135183532,,0.0001749586135183532,0.0,3.686068233455386e-09,3.939765830060595e-11,2
273,167825,Phillips,GK,Hull City,Coventry City,0,2,40,1.5,a,,,1.0,1.4365681886372748,0.0,0.00876336282976444,0.0001398796474080658,,0.0001398796474080658,0.0,3.686068233455386e-09,5.883653739253781e-11,2
382,500058,Danns,FWD,Liverpool,Nott'm Forest,1,3,45,0.0,i,0.0,Unspecified injury - Unknown return date,0.0,0.0,0.0,0.0,0.0,,0.0,0.0,0.0,0.0,2
266,76357,Cairney,MID,Fulham,Sunderland,0,3,50,0.0,i,0.0,Knee injury - Expected back 10 Oct,0.0,0.0,0.0,0.0,0.0,,0.0,-0.0,0.0,0.0,2
394,494307,Alleyne,DEF,Man City,Crystal Palace,0,3,50,0.0,u,0.0,Has joined Burnley on loan for the rest of the season,0.0,0.0,0.0,0.0,0.0,,0.0,0.0,0.0,0.0,2
404,433036,Reijnders,MID,Man City,Crystal Palace,0,3,60,0.1,u,0.0,Has joined Al Qadsiah permanently,0.0,0.0,0.0,0.0,0.0,,0.0,0.0,0.0,0.0,2
402,220566,Rodrigo,MID,Man City,Crystal Palace,0,3,65,0.0,u,0.0,Has joined Barcelona permanently,0.0,0.0,0.0,0.0,0.0,,0.0,0.0,0.0,0.0,2
400,248875,Doku,MID,Man City,Crystal Palace,0,3,75,1.3,i,0.0,Calf injury - Expected back 5 Sep,0.0,0.0,0.0,0.0,0.0,,0.0,0.0,0.0,0.0,2
354,432987,Jaros,GK,Liverpool,Nott'm Forest,1,3,40,0.0,i,0.0,Knee injury - Unknown return date,0.0,0.0,0.0,0.0,0.0,,0.0,0.0,0.0,0.0,2
360,492777,Bradley,DEF,Liverpool,Nott'm Forest,1,3,50,0.0,i,0.0,Knee injury - Unknown return date,0.0,0.0,0.0,0.0,0.0,,0.0,0.0,0.0,0.0,2
359,171287,Gomez,DEF,Liverpool,Nott'm Forest,1,3,50,0.0,i,0.0,Muscular injury - Unknown return date,0.0,0.0,0.0,0.0,0.0,,0.0,0.0,0.0,0.0,2
363,647681,Leoni,DEF,Liverpool,Nott'm Forest,1,3,40,0.0,i,0.0,Knee injury - Unknown return date,0.0,0.0,0.0,0.0,0.0,,0.0,0.0,0.0,0.0,2
365,489580,Ramsay,DEF,Liverpool,Nott'm Forest,1,3,40,0.2,u,0.0,Has joined St Mirren on loan for the rest of the season,0.0,0.0,0.0,0.0,0.0,,0.0,0.0,0.0,0.0,2
521,445044,Kulusevski,MID,Spurs,Newcastle,1,2,65,0.0,i,0.0,Knee injury - Unknown return date,0.0,0.0,0.0,0.0,0.0,,0.0,0.0,0.0,0.0,2
30,101188,Digne,DEF,Aston Villa,Arsenal,1,4,45,0.1,u,0.0,Has joined Paris Saint-Germain permanently,0.0,0.0,0.0,0.0,0.0,,0.0,0.0,0.0,0.0,2
312,231899,Taylor,MID,Ipswich Town,Man Utd,0,4,45,0.0,i,0.0,Knee injury - Unknown return date,0.0,0.0,0.0,0.0,0.0,,0.0,0.0,0.0,0.0,2
317,222625,Hirst,FWD,Ipswich Town,Man Utd,0,4,50,0.2,u,0.0,Has joined Stoke City permanently,0.0,0.0,0.0,0.0,0.0,,0.0,0.0,0.0,0.0,2
311,149929,Burns,MID,Ipswich Town,Man Utd,0,4,50,0.0,u,0.0,Has joined Leicester City permanently,0.0,0.0,0.0,0.0,0.0,,0.0,0.0,0.0,0.0,2
546,535818,Adingra,MID,Sunderland,Fulham,1,2,50,0.1,i,0.0,Ankle injury - Unknown return date,0.0,0.0,0.0,0.0,0.0,,0.0,-0.0,0.0,0.0,2
380,510663,Ekitiké,FWD,Liverpool,Nott'm Forest,1,3,75,0.1,i,0.0,Achilles injury - Unknown return date,0.0,0.0,0.0,0.0,0.0,,0.0,0.0,0.0,0.0,2
80,168636,Enes Ünal,FWD,Bournemouth,Everton,1,3,55,0.0,u,0.0,Has joined Getafe permanently,0.0,0.0,0.0,0.0,0.0,,0.0,0.0,0.0,0.0,2
85,444765,Van den Berg,DEF,Brentford,Leeds,0,3,50,0.1,i,0.0,Groin injury - Unknown return date,0.0,0.0,0.0,0.0,0.0,,0.0,0.0,0.0,0.0,2
370,223541,Chiesa,MID,Liverpool,Nott'm Forest,1,3,55,0.1,i,0.0,Back injury - Unknown return date,0.0,0.0,0.0,0.0,0.0,,0.0,0.0,0.0,0.0,2
274,105666,Butland,GK,Hull City,Coventry City,0,2,45,0.1,i,0.0,Arm injury - Unknown return date,0.0,0.0,0.0,0.0,0.0,,0.0,0.0,0.0,0.0,2
275,494950,Cartwright,GK,Hull City,Coventry City,0,2,40,0.0,u,0.0,Has joined Grimsby Town on loan for the rest of the season,0.0,0.0,0.0,0.0,0.0,,0.0,0.0,0.0,0.0,2
278,501902,Hughes,DEF,Hull City,Coventry City,0,2,40,0.1,i,0.0,Groin injury - Unknown return date,0.0,0.0,0.0,0.0,0.0,,0.0,0.0,0.0,0.0,2
276,444307,Lo-Tutala,GK,Hull City,Coventry City,0,2,40,0.0,u,0.0,Has joined Colchester United on loan for the rest of the season,0.0,0.0,0.0,0.0,0.0,,0.0,0.0,0.0,0.0,2
283,449428,Jacob,DEF,Hull City,Coventry City,0,2,40,0.0,i,0.0,Hip injury - Expected back 5 Sep,0.0,0.0,0.0,0.0,0.0,,0.0,0.0,0.0,0.0,2
376,535928,Bajcetic,MID,Liverpool,Nott'm Forest,1,3,50,0.0,i,0.0,Hamstring injury - Unknown return date,0.0,0.0,0.0,0.0,0.0,,0.0,0.0,0.0,0.0,2
6,462424,Saliba,DEF,Arsenal,Aston Villa,0,4,60,0.3,i,0.0,Back injury - Unknown return date,0.0,0.0,0.0,0.0,0.0,,0.0,0.0,0.0,0.0,2
518,482442,P.M.Sarr,MID,Spurs,Newcastle,1,2,49,0.2,i,0.0,Hamstring injury - Unknown return date,0.0,0.0,0.0,0.0,0.0,,0.0,0.0,0.0,0.0,2
513,493362,Xavi,MID,Spurs,Newcastle,1,2,60,0.0,i,0.0,Knee injury - Unknown return date,0.0,0.0,0.0,0.0,0.0,,0.0,0.0,0.0,0.0,2
517,550839,Odobert,MID,Spurs,Newcastle,1,2,55,0.0,i,0.0,Knee injury - Unknown return date,0.0,0.0,0.0,0.0,0.0,,0.0,0.0,0.0,0.0,2
530,232571,Patterson,GK,Sunderland,Fulham,1,2,40,0.2,u,0.0,Has joined Wrexham permanently,0.0,0.0,0.0,0.0,0.0,,0.0,0.0,0.0,0.0,2
344,486520,Gruev,MID,Leeds,Brentford,1,3,50,0.0,i,0.0,Knee injury - Unknown return date,0.0,0.0,0.0,0.0,0.0,,0.0,0.0,0.0,0.0,2
540,105717,Masuaku,DEF,Sunderland,Fulham,1,2,40,0.2,u,0.0,Has joined Konyaspor permanently,0.0,0.0,0.0,0.0,0.0,,0.0,0.0,0.0,0.0,2
5,445122,J.Timber,DEF,Arsenal,Aston Villa,0,4,65,0.1,i,0.0,Groin injury - Unknown return date,0.0,0.0,0.0,0.0,0.0,,0.0,0.0,0.0,0.0,2
353,586268,Pecsi,GK,Liverpool,Nott'm Forest,1,3,40,0.0,u,0.0,Has joined TSV Hartberg on loan for the rest of the season,0.0,0.0,0.0,0.0,0.0,,0.0,0.0,0.0,0.0,2
349,565297,Mateo Joseph,FWD,Leeds,Brentford,1,3,45,0.1,i,0.0,Knee injury - Unknown return date,0.0,0.0,0.0,0.0,0.0,,0.0,0.0,0.0,0.0,2
348,235826,Piroe,FWD,Leeds,Brentford,1,3,50,0.1,u,0.0,Has joined West Ham United on loan for the rest of the season,0.0,0.0,0.0,0.0,0.0,,0.0,0.0,0.0,0.0,2
414,21205,Heaton,GK,Man Utd,Ipswich Town,1,2,40,0.1,i,0.0,Hamstring injury - Unknown return date,0.0,0.0,0.0,0.0,0.0,,0.0,0.0,0.0,0.0,2
240,490094,Iroegbunam,MID,Everton,Bournemouth,0,3,50,0.0,i,0.0,Thigh injury - Unknown return date,0.0,0.0,0.0,0.0,0.0,,0.0,0.0,0.0,0.0,2
131,535301,Baleba,MID,Man Utd,Ipswich Town,1,2,50,0.2,i,0.0,Ankle injury - Unknown return date,0.0,0.0,0.0,0.0,0.0,,0.0,0.0,0.0,0.0,2
139,487117,Ferguson,FWD,Brighton,Chelsea,0,4,50,0.0,i,0.0,Ankle injury - Expected back 10 Oct,0.0,0.0,0.0,0.0,0.0,,0.0,0.0,0.0,0.0,2
413,451302,Bayindir,GK,Man Utd,Ipswich Town,1,2,45,0.0,u,0.0,Has joined Celta Vigo on loan for the rest of the season,0.0,0.0,0.0,0.0,0.0,,0.0,0.0,0.0,0.0,2
196,551262,Markelo,FWD,Coventry City,Hull City,1,2,50,0.0,u,0.0,Has joined Shabab Al-Ahli Dubai permanently,0.0,0.0,0.0,0.0,0.0,,0.0,0.0,0.0,0.0,2
193,176412,Wright,FWD,Coventry City,Hull City,1,2,55,0.1,i,0.0,Thigh injury - Unknown return date,0.0,0.0,0.0,0.0,0.0,,0.0,0.0,0.0,0.0,2
458,180974,Joelinton,MID,Newcastle,Spurs,0,3,55,0.0,i,0.0,Unspecified injury - Unknown return date,0.0,0.0,0.0,0.0,0.0,,0.0,0.0,0.0,0.0,2
451,545477,A.Murphy,DEF,Newcastle,Spurs,0,3,40,0.1,u,0.0,Has joined FC Kaiserslautern on loan for the rest of the season,0.0,0.0,0.0,0.0,0.0,,0.0,0.0,0.0,0.0,2
225,660392,Uche,FWD,Crystal Palace,Man City,1,4,50,0.0,u,0.0,has returned to Getafe CF,0.0,0.0,0.0,0.0,0.0,,0.0,0.0,0.0,0.0,2
59,444172,Dennis,GK,Bournemouth,Everton,1,3,40,0.2,u,0.0,Has joined MK Dons permanently,0.0,0.0,0.0,0.0,0.0,,0.0,0.0,0.0,0.0,2
448,78916,Burn,DEF,Newcastle,Spurs,0,3,50,1.7,i,0.0,Ankle injury - Expected back 14 Sep,0.0,0.0,0.0,0.0,0.0,,0.0,0.0,0.0,0.0,2
450,441191,Livramento,DEF,Newcastle,Spurs,0,3,50,0.0,i,0.0,Calf injury - Unknown return date,0.0,0.0,0.0,0.0,0.0,,0.0,0.0,0.0,0.0,2
208,232185,Sarr,MID,Crystal Palace,Man City,1,4,64,2.8,i,0.0,Groin injury - Unknown return date,0.0,0.0,0.0,0.0,0.0,,0.0,-0.0,0.0,0.0,2
220,590014,Cardines,DEF,Crystal Palace,Man City,1,4,45,0.0,u,0.0,Has joined Bristol City on loan for the rest of the season,0.0,0.0,0.0,0.0,0.0,,0.0,0.0,0.0,0.0,2
128,536916,Buonanotte,MID,Brighton,Chelsea,0,4,50,0.0,u,0.0,Has joined Elche on loan for the rest of the season,0.0,0.0,0.0,0.0,0.0,,0.0,0.0,0.0,0.0,2
21,128295,Nørgaard,MID,Everton,Bournemouth,0,3,50,0.1,i,0.0,Unspecified injury - Unknown return date,0.0,0.0,0.0,0.0,0.0,,0.0,0.0,0.0,0.0,2
340,462635,Gelhardt,MID,Hull City,Coventry City,0,2,50,0.0,i,0.0,Ankle injury - Expected back 5 Sep,0.0,0.0,0.0,0.0,0.0,,0.0,0.0,0.0,0.0,2
137,608181,Tzimas,FWD,Brighton,Chelsea,0,4,55,0.0,i,0.0,Knee injury - Unknown return date,0.0,0.0,0.0,0.0,0.0,,0.0,0.0,0.0,0.0,2
582,690838,Madjo,FWD,Aston Villa,Arsenal,1,4,55,0.4,i,0.0,Unspecified injury - Unknown return date,0.0,0.0,0.0,0.0,0.0,,0.0,0.0,0.0,0.0,2
54,448089,Gomes,MID,Aston Villa,Arsenal,1,4,55,0.1,s,0.0,Suspended until 19 Sep,0.0,0.0,0.0,0.0,0.0,,0.0,0.0,0.0,0.0,2
132,597320,Howell,MID,Brighton,Chelsea,0,4,45,0.1,u,0.0,Has joined Leicester City on loan for the rest of the season,0.0,0.0,0.0,0.0,0.0,,0.0,0.0,0.0,0.0,2
133,549074,Watson,MID,Brighton,Chelsea,0,4,50,0.0,u,0.0,Has joined Leicester City on loan for the rest of the season,0.0,0.0,0.0,0.0,0.0,,0.0,0.0,0.0,0.0,2
78,560262,Kroupi.Jr,MID,Bournemouth,Everton,1,3,75,0.3,i,0.0,Foot injury - Unknown return date,0.0,0.0,0.0,0.0,0.0,,0.0,0.0,0.0,0.0,2
77,489888,Adli,MID,Bournemouth,Everton,1,3,50,0.0,i,0.0,Unspecified injury - Unknown return date,0.0,0.0,0.0,0.0,0.0,,0.0,0.0,0.0,0.0,2
65,436893,J.Araujo,DEF,Bournemouth,Everton,1,3,45,0.0,i,0.0,Thigh injury - Unknown return date,0.0,0.0,0.0,0.0,0.0,,0.0,0.0,0.0,0.0,2
63,620487,Milosavljević,DEF,Bournemouth,Everton,1,3,50,0.0,i,0.0,Unspecified injury - Unknown return date,0.0,0.0,0.0,0.0,0.0,,0.0,0.0,0.0,0.0,2
433,232112,Ugarte,MID,Man Utd,Ipswich Town,1,2,50,0.0,i,0.0,Knee injury - Unknown return date,0.0,0.0,0.0,0.0,0.0,,0.0,0.0,0.0,0.0,2
416,209365,De Ligt,DEF,Man Utd,Ipswich Town,1,2,50,0.0,i,0.0,Back injury - Unknown return date,0.0,0.0,0.0,0.0,0.0,,0.0,0.0,0.0,0.0,2
291,465525,Matazo,MID,Hull City,Coventry City,0,2,45,0.0,i,0.0,Knee injury - Unknown return date,0.0,0.0,0.0,0.0,0.0,,0.0,0.0,0.0,0.0,2
99,543295,Milambo,MID,Brentford,Leeds,0,3,50,0.0,i,0.0,Knee injury - Unknown return date,0.0,0.0,0.0,0.0,0.0,,0.0,0.0,0.0,0.0,2
425,547676,Fredricson,DEF,Man Utd,Ipswich Town,1,2,40,0.0,u,0.0,Has joined Lausanne-Sport permanently,0.0,0.0,0.0,0.0,0.0,,0.0,0.0,0.0,0.0,2
293,490161,Kamara,MID,Hull City,Coventry City,0,2,50,0.0,u,0.0,Has joined Portsmouth permanently,0.0,0.0,0.0,0.0,0.0,,0.0,0.0,0.0,0.0,2
294,553783,Zambrano,MID,Hull City,Coventry City,0,2,45,0.1,i,0.0,Thigh injury - Unknown return date,0.0,0.0,0.0,0.0,0.0,,0.0,0.0,0.0,0.0,2
297,470294,Gyabi,MID,Hull City,Coventry City,0,2,45,0.0,i,0.0,Thigh injury - Unknown return date,0.0,0.0,0.0,0.0,0.0,,0.0,0.0,0.0,0.0,2
298,500957,Destan,FWD,Hull City,Coventry City,0,2,45,0.3,u,0.0,Has joined Konyaspor permanently,0.0,0.0,0.0,0.0,0.0,,0.0,0.0,0.0,0.0,2
299,534392,Burstow,FWD,Hull City,Coventry City,0,2,45,0.1,u,0.0,Has joined Sheffield Wednesday on loan for the rest of the season,0.0,0.0,0.0,0.0,0.0,,0.0,0.0,0.0,0.0,2
408,155405,Phillips,MID,Man City,Crystal Palace,0,3,50,0.0,u,0.0,Has joined Sheffield United on loan for the rest of the season,0.0,0.0,0.0,0.0,0.0,,0.0,0.0,0.0,0.0,2
485,476887,Bakwa,MID,Nott'm Forest,Liverpool,0,4,55,0.0,u,0.0,Has joined Lille on loan for the rest of the season,0.0,0.0,0.0,0.0,0.0,,0.0,0.0,0.0,0.0,2
143,180736,Chalobah,DEF,Chelsea,Brighton,1,2,55,0.1,u,0.0,Has joined Como permanently,0.0,0.0,0.0,0.0,0.0,,0.0,0.0,0.0,0.0,2
146,242880,B.Badiashile,DEF,Chelsea,Brighton,1,2,45,0.0,u,0.0,Has joined Napoli on loan for the rest of the season,0.0,0.0,0.0,0.0,0.0,,0.0,0.0,0.0,0.0,2
465,538207,Osula,FWD,Newcastle,Spurs,0,3,60,1.0,i,0.0,Foot injury - Unknown return date,0.0,0.0,0.0,0.0,0.0,,0.0,0.0,0.0,0.0,2
342,221399,Harrison,MID,Leeds,Brentford,1,3,50,0.0,u,0.0,Has joined New England Revolution permanently,0.0,0.0,0.0,0.0,0.0,,0.0,0.0,0.0,0.0,2
341,492859,Gnonto,MID,Leeds,Brentford,1,3,50,0.0,i,0.0,Hamstring injury - Unknown return date,0.0,0.0,0.0,0.0,0.0,,0.0,0.0,0.0,0.0,2
141,508479,Jörgensen,GK,Chelsea,Brighton,1,2,50,0.0,u,0.0,Has joined RC Strasbourg on loan for the rest of the season,0.0,0.0,0.0,0.0,0.0,,0.0,0.0,0.0,0.0,2
121,451340,Mitoma,MID,Brighton,Chelsea,0,4,60,0.0,i,0.0,Hamstring injury - Unknown return date,0.0,0.0,0.0,0.0,0.0,,0.0,0.0,0.0,0.0,2
206,515621,Chadi Riad,DEF,Crystal Palace,Man City,1,4,45,0.0,i,0.0,Knee injury - Unknown return date,0.0,0.0,0.0,0.0,0.0,,0.0,-0.0,0.0,0.0,2
197,549653,Bassette,FWD,Coventry City,Hull City,1,2,45,0.0,u,0.0,Has joined KVC Westerlo on loan for the rest of the season,0.0,0.0,0.0,0.0,0.0,,0.0,0.0,0.0,0.0,2
310,241117,Matusiwa,MID,Ipswich Town,Man Utd,0,4,50,0.0,i,0.0,Muscular injury - Unknown return date,0.0,0.0,0.0,0.0,0.0,,0.0,0.0,0.0,0.0,2
331,243526,Gudmundsson,DEF,Leeds,Brentford,1,3,45,0.0,i,0.0,Hamstring injury - Unknown return date,0.0,0.0,0.0,0.0,0.0,,0.0,-0.0,0.0,0.0,2
122,592031,Minteh,MID,Brighton,Chelsea,0,4,60,0.1,i,0.0,Leg injury - Expected back 28 Nov,0.0,0.0,0.0,0.0,0.0,,0.0,0.0,0.0,0.0,2
333,437738,Bornauw,DEF,Leeds,Brentford,1,3,45,0.0,u,0.0,Has joined Hamburg SV on loan for the rest of the season,0.0,0.0,0.0,0.0,0.0,,0.0,0.0,0.0,0.0,2
475,500151,Savona,DEF,Nott'm Forest,Liverpool,0,4,45,0.0,i,0.0,Knee injury - Unknown return date,0.0,0.0,0.0,0.0,0.0,,0.0,0.0,0.0,0.0,2
322,462387,Al-Hamadi,FWD,Ipswich Town,Man Utd,0,4,50,0.1,u,0.0,Has joined Sheffield Wednesday on loan for the rest of the season,0.0,0.0,0.0,0.0,0.0,,0.0,0.0,0.0,0.0,2
319,172453,Szmodics,MID,Ipswich Town,Man Utd,0,4,50,0.0,u,0.0,Has joined Derby County on loan for the rest of the season,0.0,0.0,0.0,0.0,0.0,,0.0,0.0,0.0,0.0,2
318,481624,Philogene,MID,Ipswich Town,Man Utd,0,4,55,0.1,i,0.0,Ankle injury - Unknown return date,0.0,0.0,0.0,0.0,0.0,,0.0,0.0,0.0,0.0,2
53,614071,Manzambi,MID,Aston Villa,Arsenal,1,4,60,0.2,i,0.0,Knee injury - Unknown return date,0.0,0.0,0.0,0.0,0.0,,0.0,0.0,0.0,0.0,2
49,469247,Iling Jr,MID,Aston Villa,Arsenal,1,4,50,0.0,u,0.0,Has joined Bolton Wanderers on loan for the rest of the season,0.0,0.0,0.0,0.0,0.0,,0.0,0.0,0.0,0.0,2
48,449871,Onana,MID,Aston Villa,Arsenal,1,4,50,0.0,i,0.0,Knee injury - Unknown return date,0.0,0.0,0.0,0.0,0.0,,0.0,0.0,0.0,0.0,2
177,465390,Kesler-Hayden,DEF,Coventry City,Hull City,1,2,40,0.1,i,0.0,Hamstring injury - Unknown return date,0.0,0.0,0.0,0.0,0.0,,0.0,0.0,0.0,0.0,2
180,220583,Woolfenden,DEF,Coventry City,Hull City,1,2,40,0.2,i,0.0,Knee injury - Unknown return date,0.0,0.0,0.0,0.0,0.0,,0.0,0.0,0.0,0.0,2
39,578545,Nedeljkovic,DEF,Aston Villa,Arsenal,1,4,40,0.2,u,0.0,Has joined Rangers on loan for the rest of the season,0.0,0.0,0.0,0.0,0.0,,0.0,0.0,0.0,0.0,2
489,204968,Yates,MID,Nott'm Forest,Liverpool,0,4,45,1.5,i,0.0,Unspecified injury - Unknown return date,0.0,0.0,0.0,0.0,0.0,,0.0,0.0,0.0,0.0,2
554,546600,Van Oevelen,GK,Ipswich Town,Man Utd,0,4,45,0.0,u,0.0,Has joined Valencia on loan for the rest of the season,0.0,0.0,0.0,0.0,0.0,,0.0,0.0,0.0,0.0,2
494,184254,Vicario,GK,Spurs,Newcastle,1,2,45,0.3,u,0.0,Has joined Juventus on loan for the rest of the season,0.0,0.0,0.0,0.0,0.0,,0.0,0.0,0.0,0.0,2
505,232859,Spence,DEF,Spurs,Newcastle,1,2,45,0.5,u,0.0,Has joined Internazionale permanently,0.0,0.0,0.0,0.0,0.0,,0.0,-0.0,0.0,0.0,2
500,221632,Romero,DEF,Spurs,Newcastle,1,2,50,0.2,u,0.0,Has joined Atletico Madrid permanently,0.0,0.0,0.0,0.0,0.0,,0.0,0.0,0.0,0.0,2
507,548308,Phillips,DEF,Spurs,Newcastle,1,2,45,0.0,u,0.0,Has joined Middlesbrough permanently,0.0,0.0,0.0,0.0,0.0,,0.0,0.0,0.0,0.0,2
538,477547,Hjelde,DEF,Sunderland,Fulham,1,2,40,0.1,u,0.0,Has joined KV Mechelen on loan for the rest of the season,0.0,0.0,0.0,0.0,0.0,,0.0,0.0,0.0,0.0,2
