id,player_code,web_name,position,team_name,opponent_name,was_home,fdr,now_cost,selected_by_percent,status,chance_of_playing_next_round,news,ep_next,pred_minutes,pred_defcon,pred_points,pred_points_decomposed,pred_points_tabfm,e_points_final,pred_points_p10,pred_points_p90,e_points_p90,event
452,208706,Bruno G.,MID,Arsenal,Chelsea,1,4,68,2.2,a,100.0,,0.5,84.6896551724138,0.07214428857715431,6.358946526296922,5.983744317465609,,6.128032894619918,0.8536863365547214,12.562795034880446,11.965830571662497,3
106,502500,Thiago,FWD,Brentford,Sunderland,1,2,80,14.3,a,,,1.0,89.00581838573663,0.024630541871921183,5.801281452182182,5.737197814860775,,5.786458898604618,0.4740155300591583,9.546056753353346,9.489867680287205,3
426,141746,B.Fernandes,MID,Man Utd,Everton,0,3,120,48.6,a,,,12.5,90.0,0.03258145363408521,5.561959524016121,5.561959524016121,,5.627122431284292,0.6765415905849322,12.571444986977527,12.636607894245698,3
239,232928,Garner,MID,Everton,Man Utd,1,4,60,0.1,a,100.0,,1.0,89.8157894736842,0.1552511415525114,5.260015752791835,5.2492496386779335,,5.559751921782956,0.7029103378688558,8.909995158928258,9.202260609836644,3
226,111234,Pickford,GK,Everton,Man Utd,1,4,55,8.7,a,,,5.0,90.0,0.0,5.453395281720194,5.453395281720194,,5.453395281720194,0.07496452075158935,8.045715427400888,8.045715427400888,3
397,437730,Semenyo,MID,Man City,Coventry City,1,2,85,20.3,a,,,3.5,86.48648648648648,0.012345679012345678,5.506356821467711,5.291393942551554,,5.316085300576246,0.07766827884778651,13.705382318580156,13.195028721224842,3
411,223094,Haaland,FWD,Man City,Coventry City,1,2,155,71.2,a,,,7.5,87.1280894494954,0.0012674271229404308,5.285805390971655,5.11713472130226,,5.119669575548141,0.6765415905849322,11.195488286951141,10.840773797537626,3
229,17761,Tarkowski,DEF,Everton,Man Utd,1,4,60,10.6,a,,,9.0,90.0,0.10551558752997602,4.87578847031264,4.87578847031264,,5.086819645372592,0.7273978080278138,9.479584224568134,9.690615399628086,3
155,448047,Enzo,MID,Man City,Coventry City,1,2,69,3.4,a,,,0.5,86.5,0.037815126050420166,4.777702206359665,4.591902676112345,,4.667532928213185,0.6278879613267045,9.870863053854068,9.562626409416138,3
12,223340,Saka,MID,Arsenal,Chelsea,1,4,95,10.7,a,,,10.0,71.54838709677419,0.02666666666666667,5.765224812008673,4.58325040610582,,4.636583739439153,0.7324858435769368,10.92437333775995,8.738014359552533,3
427,446008,Mbeumo,MID,Man Utd,Everton,0,3,80,29.1,a,,,6.5,79.12121212121212,0.0012674271229404308,5.181791692615859,4.555440440882158,,4.557975295128039,0.8396589506188925,13.210646814378544,11.616339174899881,3
40,244850,Rogers,MID,Chelsea,Arsenal,0,5,75,24.6,a,,,6.5,88.64864864864865,0.06451612903225806,4.341067458163271,4.275886265097756,,4.404918523162272,0.7082035583126142,9.097880660904893,9.090308104241108,3
236,215413,Dewsbury-Hall,MID,Everton,Man Utd,1,4,65,4.3,a,,,6.5,84.80645161290323,0.07214428857715431,4.423732214448415,4.168455911034008,,4.312744488188317,0.541841098081393,9.180055007183862,8.794598474604621,3
13,204480,Rice,MID,Arsenal,Chelsea,1,4,75,14.7,a,,,4.0,85.91666666666667,0.10551558752997602,4.283102565406115,4.088776615679357,,4.299807790739308,0.0758372267333828,9.653834993515005,9.426868099424741,3
232,512462,O'Brien,DEF,Everton,Man Utd,1,4,49,0.4,a,,,0.0,84.27027027027027,0.0356020942408377,4.48768247411902,4.201980166457389,,4.2731843549390645,7.337897604118643e-11,11.256685059832519,10.611247436697228,3
368,424876,Szoboszlai,MID,Liverpool,Ipswich Town,0,2,70,41.4,a,,,6.0,89.77777777777777,0.0356020942408377,4.153455837611584,4.143200391098962,,4.214404579580638,0.7211630908311957,8.626850317486513,8.676753640986739,3
94,513418,Schade,MID,Brentford,Sunderland,1,2,60,4.1,a,,,6.5,79.98531916450851,0.0031545741324921135,4.731461066294171,4.2049713722442785,,4.211280520509263,0.07324559666461578,8.221848294805637,7.313277592511639,3
69,503139,Scott,MID,Bournemouth,Newcastle,0,3,60,1.9,a,,,7.0,87.22007867255647,0.1552511415525114,4.013841590019219,3.88986199178506,,4.200364274890083,0.07324557379563096,8.090513481261695,8.15111586462751,3
428,430871,Cunha,MID,Man Utd,Everton,0,3,80,8.1,a,,,5.5,78.09408055704674,0.04570383912248629,4.670810276770219,4.052918155786392,,4.144325834031364,0.6765415905849322,9.974143669077748,8.74609189136181,3
79,444102,Evanilson,FWD,Bournemouth,Newcastle,0,3,60,3.2,a,,,4.5,76.13888888888889,0.024630541871921183,4.781746220669454,4.0452982687824,,4.094559352526242,0.08976916452628983,9.624287345021845,8.191289359270039,3
512,460842,Kudus,MID,Spurs,Nott'm Forest,0,3,65,0.1,a,100.0,,0.5,80.78947368421052,0.012345679012345678,4.467504007127635,4.010303304643813,,4.034994662668504,0.0,13.217548946170378,11.889567166429096,3
84,432830,Collins,DEF,Brentford,Sunderland,1,2,55,2.3,a,,,4.5,87.99308063314291,0.25784753363228696,3.5588860894338104,3.4795261181302215,,3.9952211853947954,0.07324557379563096,7.266705212740014,7.6203592641747075,3
261,153133,Iwobi,MID,Fulham,Crystal Palace,1,3,55,0.9,a,,,2.0,83.44827586206897,0.03258145363408521,4.231951962725915,3.9238788313397372,,3.9890417386079076,0.7019517235438173,9.373318421236316,8.756132477916402,3
535,201895,Alderete,DEF,Sunderland,Brentford,0,3,50,0.4,a,100.0,,0.5,84.75757575757575,0.25784753363228696,3.641195273016695,3.4290987133426585,,3.9447937806072324,0.0,11.193618201595967,11.057294430855118,3
200,437499,Lacroix,DEF,Chelsea,Arsenal,0,5,60,8.4,a,,,3.5,88.14285714285714,0.18518518518518517,3.645713537474072,3.5704845279706388,,3.940854898341009,0.035632506998912065,10.20393884376917,10.363751745934778,3
61,494521,Truffert,DEF,Bournemouth,Newcastle,0,3,55,3.8,a,,,2.5,88.89473684210526,0.10576923076923077,3.753906702888386,3.7078060942564233,,3.919344555794885,0.6893271945922653,8.520440956067864,8.627342423409,3
544,84450,Xhaka,MID,Sunderland,Brentford,0,3,55,4.6,a,,,7.5,85.32352941176471,0.18518518518518517,3.734662737399686,3.5406067324171535,,3.9109771027875238,8.045507038458187e-05,7.492221190861047,7.473289871902363,3
231,106611,Keane,DEF,Everton,Man Utd,1,4,49,1.1,a,,,0.0,86.24868272320515,0.18518518518518517,3.6943978591939146,3.540410542343381,,3.910780912713751,0.1002636036063729,7.7737066030964295,7.820058752523135,3
82,200720,Kelleher,GK,Brentford,Sunderland,1,2,50,7.4,a,,,4.5,90.0,0.0,3.8457138348226354,3.8457138348226354,,3.8457138348226354,0.07336435051675506,6.792006435693983,6.792006435693983,3
31,199798,Konsa,DEF,Arsenal,Chelsea,1,4,44,10.6,a,,,0.5,89.26470588235294,0.25784753363228696,3.33268461537774,3.3054567998926276,,3.8211518671572016,8.2211259043954e-05,7.327988211731302,7.78381409425951,3
154,244851,Palmer,MID,Chelsea,Arsenal,0,5,96,18.4,a,100.0,,10.0,79.56560371209429,0.012345679012345678,4.293194704186008,3.795451427690286,,3.8201427857149777,0.4569914286084809,9.154373895099768,8.117727864356349,3
68,201658,Tavernier,MID,Bournemouth,Newcastle,0,3,60,2.3,a,,,5.5,80.91432696570922,0.04570383912248629,4.116373596922668,3.7008177681601477,,3.79222544640512,0.6765415905849322,9.287606045230156,8.441412036827757,3
237,440993,Ndiaye,MID,Man City,Coventry City,1,2,60,13.1,a,,,6.5,86.90625,0.037815126050420166,3.803492001650176,3.672746964093451,,3.7483772161942914,0.08115016001471355,7.832461274688574,7.638850670471993,3
1,154561,Raya,GK,Arsenal,Chelsea,1,4,60,37.7,a,,,6.0,90.0,0.0,3.709804676212434,3.709804676212434,,3.709804676212434,0.08661403208833098,8.751011070357631,8.751011070357631,3
124,60307,Groß,MID,Brighton,Leeds,1,2,55,14.9,a,,,7.5,86.10526315789474,0.0356020942408377,3.7912219695239444,3.6271573930650134,,3.698361581546689,0.6810533083275194,8.545746937041052,8.247135176200482,3
481,215379,Anderson,MID,Man City,Coventry City,1,2,64,5.2,a,100.0,,2.5,87.6842105263158,0.04570383912248629,3.6516397550351734,3.557679433852982,,3.649087112097954,0.8351806919910855,11.702814951290389,11.493097566461223,3
498,221466,Senesi,DEF,Spurs,Nott'm Forest,0,3,59,5.8,a,,,1.5,88.86486486486487,0.25784753363228696,3.172429714478244,3.1324170874487884,,3.6481121547133624,0.0758189024180057,7.625389397248641,8.044908382025394,3
259,219924,Diop,DEF,Ipswich Town,Liverpool,1,4,40,15.8,a,,,2.0,62.46153846153846,0.1552511415525114,4.784236839307524,3.3203421483057345,,3.6308444314107575,-3.0147713412034226e-09,6.932275959619493,5.121620299524705,3
112,469142,Van Hecke,DEF,Spurs,Nott'm Forest,0,3,49,7.6,a,,,1.0,89.16666666666667,0.18518518518518517,3.282258505596778,3.2518672231375487,,3.622237593507919,8.243623170217881e-05,7.125351958597383,7.42974684786963,3
384,204936,Donnarumma,GK,Man City,Coventry City,1,2,55,8.0,a,,,1.5,90.0,0.0,3.5976432370392963,3.5976432370392963,,3.5976432370392963,0.0002056133680938792,6.703257002546577,6.703257002546577,3
250,80201,Leno,GK,Fulham,Crystal Palace,1,3,45,3.1,a,,,2.5,90.0,0.0,3.578551257987395,3.578551257987395,,3.578551257987395,0.00019772860544838662,7.243259612767664,7.243259612767664,3
472,575476,Murillo,DEF,Nott'm Forest,Spurs,1,3,55,1.6,a,100.0,,2.5,85.2,0.10576923076923077,3.546679074872179,3.3575228575456624,,3.569061319084124,3.819376058218107e-10,11.704460583043042,11.291761146819209,3
503,491279,Van de Ven,DEF,Spurs,Nott'm Forest,0,3,50,3.8,a,100.0,,0.0,86.88571428571429,0.25784753363228696,3.1503361201073736,3.0413244892846105,,3.5570195565491844,0.07523620508594811,6.904264587874202,7.1810501820980495,3
529,498016,Roefs,GK,Sunderland,Brentford,0,3,50,3.5,a,,,3.5,90.0,0.0,3.553866301252303,3.553866301252303,,3.553866301252303,0.07629380248855025,7.2124224376560795,7.2124224376560795,3
346,177815,Calvert-Lewin,FWD,Leeds,Brighton,0,3,60,26.2,a,,,4.5,77.74285714285715,0.012195121951219513,4.0839397335514604,3.5277460365058806,,3.5521362804083196,0.6947607106512894,9.87401330801433,8.553656977587197,3
499,441164,Pedro Porro,DEF,Spurs,Nott'm Forest,0,3,55,11.9,a,100.0,,0.5,82.4104583732141,0.18518518518518517,3.4646571889106332,3.172488744935297,,3.542859115305667,0.6765415651362426,8.303740901886275,7.973871414113195,3
533,200834,Mukiele,DEF,Sunderland,Brentford,0,3,55,2.4,a,100.0,,4.5,87.0,0.1552511415525114,3.3218069598768305,3.2110800612142696,,3.5215823443192926,0.4783646857651132,8.035868445333227,8.078508446927142,3
525,551226,Fernandes,MID,Spurs,Nott'm Forest,0,3,59,1.3,a,,,1.5,83.80555555555556,0.25784753363228696,3.222270231288976,3.000490520925568,,3.516185588190142,0.6772102182291536,7.966192017806848,7.933596708537186,3
471,227444,Milenković,DEF,Nott'm Forest,Spurs,1,3,55,1.7,a,,,2.5,88.8157894736842,0.25784753363228696,2.998477098673868,2.9590234526386854,,3.4747185199032593,0.0751477248448822,7.284821570565954,7.704663722428343,3
60,463981,Hill,DEF,Bournemouth,Newcastle,0,3,55,0.9,a,,,2.5,83.3666673551886,0.25784753363228696,3.1879487253077734,2.9529851214236738,,3.4686801886882477,0.07324557392601704,7.281174448527234,7.260220047325337,3
67,499604,Rayan,MID,Bournemouth,Newcastle,0,3,65,2.3,a,,,2.0,74.0,0.07214428857715431,4.0064263338287125,3.2941727633702746,,3.4384613405245834,0.6007826792459129,10.59167428201683,8.852998542368146,3
531,515046,Ellborg,GK,Sunderland,Brentford,0,3,45,0.1,a,,,0.0,90.0,0.0,3.4320920590160178,3.4320920590160178,,3.4320920590160178,0.00013424624101302887,6.833749266456661,6.833749266456661,3
109,489639,Verbruggen,GK,Brighton,Leeds,1,2,45,21.6,a,,,3.0,90.0,0.0,3.4234165508453693,3.4234165508453693,,3.4234165508453693,0.0002091131121132832,7.361049418731876,7.361049418731876,3
496,485055,Kinsky,GK,Spurs,Nott'm Forest,0,3,45,19.8,a,,,1.5,90.0,0.0,3.395000550585741,3.395000550585741,,3.395000550585741,0.00012479148141719465,7.04490171501825,7.04490171501825,3
238,114283,Grealish,MID,Everton,Man Utd,1,4,65,0.2,a,100.0,,0.5,81.35,0.07214428857715431,3.5694490203872817,3.2263853089833927,,3.3706738861377015,0.6698655700883416,8.395948163045299,7.733292833418031,3
198,172649,Henderson,GK,Crystal Palace,Fulham,0,3,50,1.8,a,100.0,,1.5,90.0,0.0,3.3398279523605883,3.3398279523605883,,3.3398279523605883,0.048338587088356685,7.071383393478986,7.071383393478986,3
91,231065,Pinnock,DEF,Coventry City,Man City,0,5,45,0.1,a,,,0.5,79.5,0.323943661971831,3.0315879920888156,2.6779027263451205,,3.3257900502887825,-1.7221267297393455e-09,7.773170369275239,7.514187816803457,3
88,607464,Kayode,DEF,Brentford,Sunderland,1,2,46,9.4,a,,,7.5,88.05405405405405,0.10576923076923077,3.18215380622189,3.1133504806819574,,3.324888942220419,8.698699465293594e-05,7.528258002828535,7.577023318359893,3
86,249231,Lewis-Potter,MID,Brentford,Sunderland,1,2,55,1.9,a,,,8.0,79.41619837292441,0.037815126050420166,3.680194470888904,3.2474117127894755,,3.323041964890316,0.45699140190843623,7.624835088056889,6.803801540033734,3
473,159506,Aina,DEF,Nott'm Forest,Spurs,1,3,45,3.1,a,,,2.5,88.16666666666667,0.10576923076923077,3.1582786987386817,3.093943391912523,,3.305481853450985,-4.02643933994937e-14,6.710170442713731,6.785020247085802,3
233,224967,Mykolenko,DEF,Everton,Man Utd,1,4,45,1.7,a,,,5.0,89.66666666666667,0.1552511415525114,2.99846209738328,2.9873566822077864,,3.297858965312809,0.0,6.716032839958052,7.001660927359526,3
412,465247,Lammens,GK,Man Utd,Everton,0,3,50,13.8,a,,,1.5,90.0,0.0,3.2898256121944587,3.2898256121944587,,3.2898256121944587,0.07606857833843564,7.029185924760408,7.029185924760408,3
328,222694,Struijk,DEF,Brighton,Leeds,1,2,50,0.2,a,100.0,,0.0,86.32352941176471,0.1552511415525114,3.1004740834312914,2.973820730349948,,3.284323013454971,8.552968189339406e-05,7.198521014451955,7.214966066574463,3
2,109745,Arrizabalaga,GK,Arsenal,Chelsea,1,4,50,0.1,a,,,0.0,90.0,0.0,3.2700909084679717,3.2700909084679717,,3.2700909084679717,0.0841131468247942,7.032389169716837,7.032389169716837,3
445,465642,Thiaw,DEF,Newcastle,Bournemouth,1,3,50,2.0,a,,,4.5,84.65714285714286,0.07214428857715431,3.3186763167986983,3.121662833864934,,3.265951411019243,8.129004568508896e-05,6.7652250740536655,6.507895527764153,3
432,516895,Mainoo,MID,Man Utd,Everton,0,3,55,1.1,a,,,2.5,84.76333133964053,0.25784753363228696,2.908657294748794,2.7394164669806056,,3.2551115342451795,0.45691239785425974,7.292295599904735,7.383686935723771,3
385,432720,Trafford,GK,Leeds,Brighton,0,3,50,5.1,a,,,6.0,90.0,0.0,3.2531095263129224,3.2531095263129224,,3.2531095263129224,0.07998251368602745,7.0006790562177,7.0006790562177,3
254,169528,Robinson,DEF,Fulham,Crystal Palace,1,3,45,1.6,a,,,1.5,74.18362502342804,0.07214428857715431,3.72627188937253,3.0714261841839168,,3.2157147613382255,0.0270180043830934,7.271352732746918,6.137791960922932,3
201,247348,Muñoz,DEF,Nott'm Forest,Spurs,1,3,54,6.6,a,,,0.0,82.75862068965517,0.07214428857715431,3.3372782649755135,3.0687616229659893,,3.213050200120298,-5.270378556433778e-13,11.797802922785984,10.992842988911534,3
356,97032,Virgil,DEF,Liverpool,Ipswich Town,0,2,65,17.8,a,,,1.5,90.0,0.25784753363228696,2.690508287842925,2.690508287842925,,3.206203355107499,0.6934923039832117,7.767276159031389,8.282971226295963,3
491,482973,Igor Jesus,FWD,Nott'm Forest,Spurs,1,3,59,3.1,a,,,1.5,79.27746577130623,0.02666666666666667,3.5570932119240153,3.1333037261516874,,3.1866370594850206,0.5294735390561134,7.871191905061356,6.986757187032048,3
611,214590,Wan-Bissaka,DEF,Aston Villa,Hull City,0,2,45,0.1,a,,,1.8,83.2,0.10551558752997602,3.2074923051766193,2.9651484421188306,,3.1761796171787826,1.1791954164360306e-09,7.972482800785327,7.581148608674832,3
542,484420,E.Le Fée,MID,Sunderland,Brentford,0,3,59,6.3,a,,,2.5,81.38888888888889,0.10551558752997602,3.2701532479928637,2.957268215005892,,3.1682993900658443,0.6778870484440064,9.22296102341942,8.55154839685591,3
57,457569,Petrović,GK,Bournemouth,Newcastle,0,3,45,3.4,a,,,2.5,90.0,0.0,3.165052187484791,3.165052187484791,,3.165052187484791,0.0002017850403962933,7.582047884218013,7.582047884218013,3
388,209036,Guéhi,DEF,Man City,Coventry City,1,2,60,18.8,a,,,6.0,90.0,0.1552511415525114,2.8509359900104725,2.8509359900104725,,3.161438273115495,0.07980606038279142,7.39636761244752,7.7068698955525425,3
526,154566,Solanke,FWD,Spurs,Nott'm Forest,0,3,59,1.1,a,,,1.0,66.46666666666667,0.010899182561307902,4.237036365628597,3.12912981965312,,3.1509281847757356,3.899902689364171e-10,15.715746327181593,11.628168060085615,3
257,232892,Bassey,DEF,Fulham,Crystal Palace,1,3,45,0.8,a,,,1.0,85.30876207084455,0.07214428857715431,3.1688258837763774,3.00365125958903,,3.1479398367433387,7.897860544838655e-05,6.613686321288247,6.41323738597629,3
28,98980,Martinez,GK,Chelsea,Arsenal,0,5,50,4.4,a,,,1.0,88.59375,0.0,3.19602557973635,3.1460876800529696,,3.1460876800529696,0.07865236831606573,7.057671823297047,6.9473957010580305,3
105,444180,Anthony,MID,Brentford,Sunderland,1,2,60,0.2,a,,,1.5,73.43243243243244,0.0356020942408377,3.7421476348567926,3.0532778149867585,,3.124482003468434,0.5053561991505191,8.115832896941317,6.693041420010071,3
335,466525,Stach,MID,Leeds,Brighton,0,3,60,2.9,a,,,8.5,81.6896551724138,0.10551558752997602,3.2047832815438326,2.9088626796848045,,3.1198938547447566,0.7600517524412931,7.912816235919849,7.393200394559615,3
442,98747,Pope,GK,Newcastle,Bournemouth,1,3,50,1.1,a,,,0.0,89.48148148148148,0.0,3.1209039106027148,3.102923394245333,,3.102923394245333,0.07681630926174697,7.073874594326086,7.0331197612723555,3
19,481655,Zubimendi,MID,Arsenal,Chelsea,1,4,54,0.8,a,,,1.0,78.71052631578948,0.07214428857715431,3.37877335454596,2.9549447670897564,,3.099233344244065,0.05384277858203395,8.140158321702666,7.2633568637662025,3
116,83299,Dunk,DEF,Brighton,Leeds,1,2,45,1.3,a,,,2.5,85.96969696969697,0.10551558752997602,3.021149058658255,2.88585854525706,,3.0968897203170123,0.02897827229398131,7.489704387601718,7.365338026112502,3
8,466075,Calafiori,DEF,Arsenal,Chelsea,1,4,56,43.9,a,,,10.0,65.26923076923077,0.012345679012345678,4.199735771843414,3.0457058140249034,,3.070397172049595,-4.320974485046479e-13,12.122625186503761,8.81618492276695,3
534,487676,Hume,DEF,Sunderland,Brentford,0,3,45,5.5,a,,,4.0,83.45019033411603,0.03258145363408521,3.2095048226912257,2.975930981464957,,3.041093888733127,0.1022025361561225,6.435730103166886,6.032528485582358,3
469,215136,N.Williams,DEF,Nott'm Forest,Spurs,1,3,50,8.4,a,,,4.0,86.56756756756756,0.1552511415525114,2.8345774100481353,2.726471905220474,,3.0369741883254964,0.10726503912867492,6.85050858333708,6.899745223774292,3
350,116535,A.Becker,GK,Liverpool,Ipswich Town,0,2,55,3.8,a,,,1.0,90.0,0.0,3.0262223999200755,3.0262223999200755,,3.0262223999200755,0.07613285729146048,6.635784006029219,6.635784006029219,3
371,441266,Gravenberch,MID,Liverpool,Ipswich Town,0,2,60,1.7,a,,,3.0,83.08333333333333,0.07214428857715431,3.1086814544173125,2.8697735278278333,,3.014062104982142,0.11719732202858701,7.936374735355784,7.470738217107749,3
497,67089,Dubravka,GK,Spurs,Nott'm Forest,0,3,40,18.2,a,,,0.0,90.0,0.0,3.006636637393629,3.006636637393629,,3.006636637393629,0.0002381977228312663,7.349549026469505,7.349549026469505,3
623,79602,Bentley,GK,Coventry City,Man City,0,5,40,0.2,a,,,1.0,90.0,0.0,3.0051744804996567,3.0051744804996567,,3.0051744804996567,0.00016329705146749606,8.030395629068064,8.030395629068064,3
136,50175,Welbeck,FWD,Chelsea,Arsenal,0,5,59,0.8,a,100.0,,0.0,60.78378378378378,0.0031545741324921135,4.435761258731902,2.995803925191606,,3.00211307345659,8.942219256711501e-11,10.366250403117336,7.007419405505491,3
620,613804,Diouf,DEF,Brentford,Sunderland,1,2,45,0.1,a,,,1.8,84.5625,0.04570383912248629,3.093024957519779,2.9061546996696253,,2.9975623779145977,0.1047953286899107,7.04573203134845,6.711460066032787,3
338,199598,Ampadu,MID,Leeds,Brighton,0,3,55,1.2,a,,,3.5,89.11428571428571,0.25784753363228696,2.503605539666011,2.4789668819740593,,2.9946619492386333,0.0762287892794049,7.243037142617004,7.687451526890744,3
459,547719,L.Miley,MID,Newcastle,Bournemouth,1,3,55,0.1,a,100.0,,3.0,83.67399220201327,0.10576923076923077,2.9756976198708966,2.7665388826736317,,2.9780773442120934,0.07316659516906462,7.136594436897109,6.846508986670239,3
447,220237,Botman,DEF,Newcastle,Bournemouth,1,3,50,0.6,a,,,4.0,76.32482660585401,0.25784753363228696,2.8872293701356684,2.448525344965933,,2.964220412230507,0.07324557377455143,6.41783008072295,5.958359157231387,3
83,507433,Valdimarsson,GK,Brentford,Sunderland,1,2,45,0.1,a,,,0.0,90.0,0.0,2.9601460099335624,2.9601460099335624,,2.9601460099335624,0.0,7.051409022985292,7.051409022985292,3
258,166477,Castagne,DEF,Fulham,Crystal Palace,1,3,45,0.9,a,,,6.0,83.93302096500791,0.0425531914893617,3.078574841949152,2.871045408351823,,2.9561517913305466,0.027018029831783034,6.752778780439443,6.382674415764105,3
640,431639,Flemming,FWD,Ipswich Town,Liverpool,1,4,55,0.0,a,,,1.8,71.4329604848836,0.012195121951219513,3.6521618579768664,2.898719263169562,,2.923109507072001,0.1002636036063729,7.984712300952825,6.361852891426074,3
480,222531,Gibbs-White,MID,Nott'm Forest,Spurs,1,3,79,9.5,a,100.0,,7.5,83.8108108108108,0.012345679012345678,3.102399672424139,2.8890514667228993,,2.9137428247475907,0.6981986021283655,10.245141967111486,9.565287526196679,3
156,247632,Neto,MID,Chelsea,Arsenal,0,5,65,1.3,a,,,4.0,77.32352941176471,0.0356020942408377,3.3037825638776566,2.8384458694229933,,2.9096500579046687,0.6699698215613342,10.236914746320057,8.866252838179529,3
423,106760,Shaw,DEF,Man Utd,Everton,0,3,45,16.4,a,,,1.5,84.73684210526316,0.07214428857715431,2.9272803035830273,2.7560943209173536,,2.9003828980716624,8.500984366902577e-05,6.941939383125541,6.680266592845608,3
256,167074,Tete,DEF,Fulham,Crystal Palace,1,3,45,0.2,a,,,0.0,81.4090909090909,0.10551558752997602,2.9101941498235173,2.632402890067636,,2.843434065127588,-3.8788118538300667e-14,6.5288808063936985,6.116700631752433,3
95,533463,O.Dango,MID,Brentford,Sunderland,1,2,65,0.9,a,,,2.0,74.86075380982409,0.010899182561307902,3.3901281185557237,2.8198616274106905,,2.841659992533306,0.6765415880132134,8.115769953658262,6.772383437100156,3
372,243016,Mac Allister,MID,Liverpool,Ipswich Town,0,2,55,1.4,a,,,1.5,85.10156887474568,0.07214428857715431,2.852521047457598,2.6972668487430496,,2.8415554258973583,0.44403933654434735,6.675388329159189,6.456355462261133,3
418,95658,Maguire,DEF,Man Utd,Everton,0,3,50,14.7,a,,,2.5,82.67345658251759,0.25784753363228696,2.528507012790596,2.3226712748948284,,2.8383663421594023,0.45699140190843623,6.285053222344715,6.289107008334884,3
113,231416,F.Kadıoğlu,DEF,Brighton,Leeds,1,2,44,2.0,a,100.0,,0.0,85.90727326514619,0.04570383912248629,2.864869321593011,2.734590129766942,,2.8259978080119144,0.07518454458591323,6.927446318384665,6.70383016605722,3
351,449027,Mamardashvili,GK,Liverpool,Ipswich Town,0,2,49,0.1,a,,,0.0,86.7,0.0,2.9134959212266764,2.806667737448365,,2.806667737448365,0.0001528849585919623,7.22299546462415,6.958152297587931,3
325,59735,Darlow,GK,Man Utd,Everton,0,3,45,0.0,a,100.0,,0.0,90.0,0.0,2.7864443196574453,2.7864443196574453,,2.7864443196574453,0.00012627635222277412,7.002964611388097,7.002964611388097,3
545,577669,Sadiki,MID,Sunderland,Brentford,0,3,50,0.3,a,,,2.5,87.60606060606061,0.1552511415525114,2.5315291180997144,2.464192148291675,,2.774694431396698,-5.897306824689886e-07,5.8304608835485325,5.98587683338745,3
265,207189,Berge,MID,Fulham,Crystal Palace,1,3,50,0.4,a,,,2.0,82.97142857142858,0.06451612903225806,2.8646102350362534,2.6408978166810413,,2.7699300747455573,0.07635692244586116,5.589876347907237,5.282365881658997,3
102,508395,Yarmoliuk,MID,Brentford,Sunderland,1,2,50,0.9,a,,,1.0,77.29537667196496,0.323943661971831,2.4634933625575055,2.1157405265307547,,2.7636278504744167,0.07324557379563096,5.534233150883426,5.400894390477106,3
367,243298,Gakpo,MID,Liverpool,Ipswich Town,0,2,70,8.3,a,,,8.5,76.0,0.012345679012345678,3.2408215874844357,2.7366937849868567,,2.761385143011548,0.07567681662826059,7.626568207539254,6.464904511057839,3
331,243526,Gudmundsson,DEF,Leeds,Brighton,0,3,45,0.0,a,100.0,,0.0,82.40625,0.07214428857715431,2.839437932112135,2.5998603565901734,,2.744148933744482,-1.4188006731010005e-08,6.364638375292113,5.97191058953115,3
446,119471,Schär,DEF,Newcastle,Bournemouth,1,3,50,0.2,a,100.0,,0.5,73.5331789098638,0.11725891208088468,3.053109097097105,2.494497971868602,,2.7290157960303714,0.6480226076194956,7.100444784106103,6.035832009153807,3
514,511499,Tel,MID,Spurs,Nott'm Forest,0,3,59,0.4,a,,,2.0,66.3913459995468,0.037815126050420166,3.596539338639488,2.6531009736955053,,2.728731225796346,0.676462611952844,7.897139725629543,5.90120509577903,3
15,184029,Ødegaard,MID,Arsenal,Chelsea,1,4,66,11.2,a,,,7.0,66.25237498922195,0.03258145363408521,3.579107197529447,2.6347150241927135,,2.699877931460884,0.5009545278084093,8.042841388938806,5.985800059254932,3
539,167512,O'Nien,DEF,Sunderland,Brentford,0,3,40,3.1,a,,,0.5,76.47518492099377,0.25784753363228696,2.543382678555388,2.161174007415286,,2.67686907467986,-2.663996157753744e-11,5.554451377368104,5.235447247474511,3
153,220362,Disasi,DEF,Crystal Palace,Fulham,0,3,45,0.1,a,,,0.5,89.57142857142857,0.18518518518518517,2.3122661235196933,2.3012553324553138,,2.671625702825684,-3.344295355443706e-10,6.966061178652541,7.303259829124565,3
18,444145,Martinelli,MID,Arsenal,Chelsea,1,4,63,0.2,a,,,0.0,64.42754473114904,0.010899182561307902,3.6876198669584,2.639825488110402,,2.6616238532330176,0.07451751825720603,7.911982288785128,5.68568272981998,3
4,226597,Gabriel,DEF,Arsenal,Chelsea,1,4,80,26.0,a,,,6.5,73.50852748869009,0.10551558752997602,2.9964007163063457,2.447344493574841,,2.6583756686347932,0.0,8.523750653366012,7.172901832945458,3
330,226182,Bogle,DEF,Leeds,Brighton,0,3,45,0.5,a,,,4.0,82.20588235294117,0.0356020942408377,2.8200405810102955,2.575821380367247,,2.6470255688489224,9.388266069117697e-05,7.168657901502086,6.619046944919038,3
449,487838,Hall,DEF,Newcastle,Bournemouth,1,3,51,9.0,a,,,7.0,72.53333333333333,0.07214428857715431,3.085952996794039,2.487049526305122,,2.6313381034594308,0.02877186283347588,7.533653340564415,6.21585512125363,3
9,448104,Hincapie,DEF,Arsenal,Chelsea,1,4,54,1.2,a,,,0.5,71.48,0.07214428857715431,3.128592954793723,2.484798048985059,,2.629086626139368,0.07719324236818498,7.259529084712813,5.909967899101774,3
527,212319,Richarlison,FWD,Spurs,Nott'm Forest,0,3,59,1.9,a,,,1.0,72.65598644470833,0.008,3.2298095004070544,2.607388836450724,,2.623388836450724,0.6765415907084193,8.968402827210772,7.2560906027167755,3
387,472769,O'Reilly,DEF,Man City,Coventry City,1,2,65,18.9,a,,,2.0,86.7309769183771,0.037815126050420166,2.607028541561302,2.51233480293004,,2.5879650550308804,0.5294735390561134,7.897545950320326,7.686317757979225,3
203,651426,Canvot,DEF,Crystal Palace,Fulham,0,3,49,0.3,a,,,0.5,78.93516776967533,0.25784753363228696,2.350119947189472,2.0611901367806835,,2.5768852040452574,0.07316659516906462,6.144079726257396,5.904405778180001,3
393,578153,Khusanov,DEF,Man City,Coventry City,1,2,55,1.6,a,,,2.0,77.82452212345098,0.10576923076923077,2.7312681604876743,2.3617737708994473,,2.573312232437909,0.07316659519014415,6.0695666456353665,5.459995391460792,3
519,232787,Gallagher,MID,Spurs,Nott'm Forest,0,3,54,0.2,a,,,0.0,74.24335033298928,0.10551558752997602,2.8633296963300165,2.362035441816458,,2.5730666168764103,0.07316662063883378,6.916048544361509,5.9162602306043075,3
536,434399,Reinildo,DEF,Sunderland,Brentford,0,3,45,0.4,a,,,3.5,80.06577811594961,0.10551558752997602,2.6509298020855514,2.3583195259415555,,2.5693507010015075,-3.8424976113534814e-14,6.331621750643049,5.8437669772944725,3
390,171314,Rúben,DEF,Man City,Coventry City,1,2,55,1.8,a,,,2.0,82.26923076923077,0.07214428857715431,2.6293866516460165,2.4035290802866793,,2.547817657440988,8.325136969955184e-05,6.780855264559336,6.342685761296369,3
327,434752,Bijol,DEF,Leeds,Brighton,0,3,50,0.9,a,,,5.5,75.52,0.25784753363228696,2.3963832562687584,2.01083181681574,,2.526526884080314,9.881275716303895e-05,7.279062431459795,6.623637231973948,3
467,85633,Sels,GK,Nott'm Forest,Spurs,1,3,50,1.4,a,,,1.5,86.03225806451613,0.0,2.6246482441874215,2.5089379452501266,,2.5089379452501266,0.0734136246628538,6.029778452301118,5.763949509780316,3
165,475168,João Pedro,FWD,Chelsea,Arsenal,0,5,77,69.7,a,,,10.0,80.24042908177536,0.010899182561307902,2.7857310272348585,2.48364725479711,,2.5054456199197257,0.04034619396294718,8.739724372554557,7.813789850791811,3
455,432422,Tonali,MID,Spurs,Nott'm Forest,0,3,54,3.0,a,,,2.0,72.4,0.1552511415525114,2.715949928494506,2.1848308313666918,,2.4953331144717144,-1.8060776894383475e-08,8.17737516773034,6.888746306923652,3
398,209244,Foden,MID,Man City,Coventry City,1,2,70,5.3,a,,,5.0,68.16184665705912,0.03258145363408521,3.185565483303314,2.4126002887660096,,2.47776319603418,0.6765415880052275,7.949936982364521,6.086078301992768,3
417,216051,Dalot,DEF,Man Utd,Everton,0,3,50,2.2,a,,,1.5,76.76333793623314,0.10551558752997602,2.651070667898994,2.2611670396973977,,2.47219821475735,7.84554461605852e-05,6.522511345094744,5.7742505370202,3
199,121709,Benitez,GK,Crystal Palace,Fulham,0,3,45,0.1,a,,,0.0,90.0,0.0,2.430481869470098,2.430481869470098,,2.430481869470098,0.00012881571414402577,7.018800686661186,7.018800686661186,3
501,135720,Danso,DEF,Sunderland,Brentford,0,3,50,0.2,a,,,0.0,79.16957311416702,0.18518518518518517,2.3399130635062564,2.0583324262450344,,2.4287027966154047,0.07316662063883378,6.473213026689078,6.06460939259303,3
267,212314,Lukić,MID,Ipswich Town,Liverpool,1,4,50,0.1,a,,,3.0,82.82045697178964,0.1552511415525114,2.299218887491595,2.115803988224708,,2.4263062713297305,0.07316662063883378,5.312897705599273,5.199575792239517,3
230,480455,Branthwaite,DEF,Everton,Man Utd,1,4,55,1.8,a,,,5.0,67.8,0.1552511415525114,2.795336593660642,2.105820233891017,,2.41632251699604,0.07352399728885993,6.648157850883291,5.318781197437102,3
33,149484,Mings,DEF,Aston Villa,Hull City,0,2,45,0.4,a,,,0.5,80.92286543812322,0.323943661971831,1.9318221642997153,1.7369842783556648,,2.384871602299327,2.5427571696084453e-08,5.505536771994563,5.598151894663165,3
516,202993,Bentancur,MID,Spurs,Nott'm Forest,0,3,55,0.2,a,,,1.5,73.48404841172704,0.10551558752997602,2.651131488426509,2.1646208293487503,,2.3756520044087024,0.07324557379563096,6.443065996941861,5.471726437718042,3
468,221389,John,GK,Nott'm Forest,Spurs,1,3,45,0.1,a,,,0.0,87.4,0.0,2.444102527384825,2.3734951210381525,,2.3734951210381525,-8.271261536122593e-09,6.942133873895393,6.741583339760637,3
421,606745,Heaven,DEF,Man Utd,Everton,0,3,45,0.4,a,,,0.5,73.4956515572744,0.18518518518518517,2.440351393954162,1.9928357303040438,,2.363206100674414,-1.4185533550502055e-08,6.285116936761213,5.502912196825103,3
26,219847,Havertz,FWD,Arsenal,Chelsea,1,4,75,6.9,a,,,4.0,52.475115846890766,0.0031545741324921135,4.034847729311528,2.352545578002073,,2.358854726267057,0.028440003674606987,7.656463097878029,4.470462348693804,3
16,248857,Madueke,MID,Arsenal,Chelsea,1,4,64,0.3,a,,,0.5,64.69826826146127,0.03258145363408521,3.1488131204901983,2.2635861774964865,,2.328749084764657,0.6223555006219424,8.297556840620446,6.030024667148,3
114,204120,Boscagli,DEF,Brighton,Leeds,1,2,45,0.3,a,,,2.5,76.90585773755373,0.1552511415525114,2.3533284276156214,2.010941569599422,,2.321443852704445,-1.4185533550502055e-08,6.12643127746017,5.5455961971411485,3
47,226944,Kamara,MID,Aston Villa,Hull City,0,2,50,0.3,a,100.0,,2.0,78.33333333333333,0.1552511415525114,2.29819106857872,2.000277411540738,,2.3107796946457606,0.10637421918819993,5.637330412477789,5.217067642113468,3
29,72147,M.Bizot,GK,Aston Villa,Hull City,0,2,45,0.1,a,,,0.5,83.57142857142857,0.0,2.4538159213503534,2.278543355539614,,2.278543355539614,0.0001338264821617218,6.293410949840941,5.843881596280874,3
456,232653,J.Ramsey,MID,Newcastle,Bournemouth,1,3,50,0.3,a,,,0.5,73.4453244494789,0.07214428857715431,2.6112054381048138,2.130898117842797,,2.275186694997106,0.10018459697249166,6.080280162050881,5.106156902104943,3
482,209046,Hudson-Odoi,MID,Nott'm Forest,Spurs,1,3,59,0.2,a,100.0,,0.5,74.2582121971718,0.03258145363408521,2.672311936719254,2.2049011872659277,,2.270064094534098,0.6481015579427148,6.972968388018839,5.818498087286771,3
127,514254,Gomez,MID,Brighton,Leeds,1,2,50,4.6,a,,,5.5,66.15625,0.012345679012345678,3.05439846657533,2.2451949839374907,,2.269886341962182,-3.4896440442926217e-09,8.663521756688914,6.392981482646369,3
419,221820,Martinez,DEF,Man Utd,Everton,0,3,50,1.2,a,100.0,,0.5,79.41938816770782,0.18518518518518517,2.1472976234574923,1.894856260766301,,2.2652266311366716,0.07316659519014415,5.978318346234753,5.6458635407008915,3
552,441264,Brobbey,FWD,Sunderland,Brentford,0,3,59,9.8,a,,,2.0,61.935483870967744,0.0031545741324921135,3.2715778033008296,2.2514083807661627,,2.257717529031147,0.03329779495288178,10.229038276062376,7.045647316738018,3
130,467779,Wieffer,DEF,Brighton,Leeds,1,2,50,0.5,a,,,3.5,73.11538461538461,0.0356020942408377,2.6690754845923546,2.1683386735940453,,2.2395428620757207,0.0518125034904004,6.5982888920368294,5.431608967867151,3
190,469272,Tchaouna,MID,Coventry City,Man City,0,5,55,0.1,a,,,1.5,60.47286552845204,0.07214428857715431,3.1153224508991206,2.0932497294554464,,2.237538306609755,0.5171274762617301,5.994869669402955,4.172365770247649,3
41,195546,Buendía,MID,Aston Villa,Hull City,0,2,60,1.1,a,,,2.0,72.58404042003944,0.1552511415525114,2.379118265643072,1.9187335150832319,,2.2292357981882547,0.631077455219603,6.922091896904922,5.893095594618071,3
222,247412,Strand Larsen,FWD,Crystal Palace,Fulham,0,3,60,0.5,a,,,1.5,63.916666666666664,0.024630541871921183,3.059378172999993,2.1727250543435135,,2.221986138087356,0.07791594931834657,7.3465307708204,5.266658399687589,3
332,220627,Justin,DEF,Leeds,Brighton,0,3,45,1.4,a,,,6.0,79.96490944361626,0.10576923076923077,2.2569250649317842,2.005275649314421,,2.2168141108528827,7.896441995326102e-05,6.221250368912898,5.739113154607175,3
149,460028,Colwill,DEF,Chelsea,Arsenal,0,5,50,1.3,a,,,0.5,75.0,0.25784753363228696,1.9997634919695473,1.6664695766412894,,2.182164643905863,0.09382495882263656,6.4638847109254955,5.902265659702486,3
347,174594,Nmecha,FWD,Leeds,Brighton,0,3,55,0.5,a,,,2.0,58.29591780697878,0.012345679012345678,3.3041256848455243,2.1401893260853573,,2.1648806841100487,0.047499513874074195,6.915347181556584,4.503985923610746,3
162,532605,Andrey Santos,MID,Man Utd,Everton,0,3,49,0.8,a,,,1.5,72.54310522986228,0.0356020942408377,2.545573180596286,2.0518198123367952,,2.1230240008184706,0.07316659258935981,6.031824001643166,4.933062447139555,3
269,184349,Sessegnon,DEF,Fulham,Crystal Palace,1,3,45,0.4,a,,,1.0,67.25925925925925,0.07214428857715431,2.596406483895511,1.9403597426972212,,2.0846483198515298,8.105749471279443e-05,7.553869685902898,5.789485017318778,3
7,499169,Lewis-Skelly,MID,Arsenal,Chelsea,1,4,55,0.7,a,,,3.0,58.7644452538556,0.03258145363408521,3.0729630468739653,2.0064552081682936,,2.071618115436464,0.07316659231627488,7.003377486118144,4.637936161435666,3
262,209289,Smith Rowe,MID,Fulham,Crystal Palace,1,3,55,0.3,a,,,0.5,58.3698326253421,0.037815126050420166,3.0581706019215757,1.9833878463767118,,2.0590180984775523,0.02566661805912896,7.039305402246463,4.64099778685409,3
87,191866,Ajer,DEF,Brentford,Sunderland,1,2,45,5.1,a,,,5.5,66.85185185185185,0.25784753363228696,2.0639468996076755,1.5330963595851252,,2.048791426849699,-2.7300726473407557e-09,6.08788870395618,5.037768775347251,3
337,427637,Aaronson,MID,Leeds,Brighton,0,3,55,0.7,a,,,2.0,67.12711738532025,0.037815126050420166,2.61601524038168,1.9511729124765311,,2.0268031645773714,7.849465283329165e-05,6.769850518357116,5.124969701287832,3
460,200089,Willock,MID,Newcastle,Bournemouth,1,3,50,0.4,a,,,4.5,70.16014198138735,0.0425531914893617,2.46704949872189,1.92320603450487,,2.0083124174835936,0.6480226047648383,6.110225098359643,4.848375943413713,3
422,230001,Mazraoui,DEF,Man Utd,Everton,0,3,45,0.6,a,,,1.0,68.3572248179481,0.10551558752997602,2.360535546617502,1.792885100565451,,2.0039162756254028,-2.5797432336399634e-09,6.029216047280065,4.790369806392216,3
98,204580,Janelt,MID,Brentford,Sunderland,1,2,50,0.6,a,,,5.0,70.11450562892327,0.10551558752997602,2.2586093602356043,1.7595697633530896,,1.9706009384130416,-5.094093290649331e-07,4.964320142603876,4.078485092641914,3
73,200785,Adams,MID,Bournemouth,Newcastle,0,3,50,0.2,a,100.0,,1.0,70.76,0.10576923076923077,2.228871154025758,1.7523880317651406,,1.963926493303602,0.07423573771244342,5.974094040717592,4.908503953995982,3
25,224117,Gyökeres,FWD,Arsenal,Chelsea,1,4,73,5.0,a,,,0.0,49.25906559048356,0.0012674271229404308,3.56628041723025,1.9519071220711328,,1.9544419763170138,0.0,7.137195039437939,3.9088855051319626,3
336,435997,Okafor,MID,Leeds,Brighton,0,3,59,0.3,a,,,1.5,64.74388127177296,0.012195121951219513,2.6632053291499216,1.9158472181426172,,1.9402374620450562,0.6290415880052275,8.5965735237243,6.208562861281028,3
11,500040,Mosquera,DEF,Arsenal,Chelsea,1,4,55,4.9,a,,,6.0,68.61063412527507,0.037815126050420166,2.4329766473139673,1.8547563398244111,,1.9303865919252514,0.07316659261043934,6.185583624085673,4.791150417472341,3
213,152551,Lerma,MID,Crystal Palace,Fulham,0,3,49,0.1,a,,,0.0,71.48430402835284,0.1552511415525114,2.0381290115153075,1.6188248212018497,,1.9293271043068725,0.07316659258935981,4.907455402648451,4.2083471054217405,3
214,209400,Kamada,MID,Crystal Palace,Fulham,0,3,50,0.3,a,,,2.5,67.82142857142857,0.04570383912248629,2.4283854381087853,1.8299618837176916,,1.9213695619626643,-5.800470100261337e-13,6.988216598052383,5.357528043205876,3
249,586309,Barry,FWD,Everton,Man Utd,1,4,55,4.5,a,,,5.0,47.58239074370392,0.012195121951219513,3.5617578509566763,1.8830772644297302,,1.9074675083321693,0.047578492486004154,6.925535092031421,3.685873764549912,3
115,465730,De Cuyper,DEF,Brighton,Leeds,1,2,47,15.7,a,,,8.5,49.74620720062256,0.037815126050420166,3.284750139745524,1.8155984561561636,,1.8912287082570038,-2.9002350501306687e-13,6.395595197330565,3.6107036282976495,3
405,465694,N.Gonzalez,MID,Newcastle,Bournemouth,1,3,55,0.2,a,,,1.0,69.9978307150907,0.06451612903225806,2.242529550080723,1.7441355980015438,,1.8731678560660598,0.07316659258935981,6.1079362987421435,4.879502158707963,3
36,441302,Maatsen,DEF,Aston Villa,Hull City,0,2,45,0.8,a,,,0.5,66.4538992019993,0.1552511415525114,2.1056091129039127,1.5547326194191977,,1.8652349025242205,-2.6008227463706067e-09,5.462837122358502,4.344133699617821,3
502,122798,Robertson,DEF,Spurs,Nott'm Forest,0,3,45,3.3,a,,,2.5,66.0113369395747,0.03258145363408521,2.4478772155527078,1.7954183073617527,,1.860581214629923,0.02701802731569995,6.441690122689911,4.789880431148327,3
506,487053,Udogie,DEF,Spurs,Nott'm Forest,0,3,45,0.4,a,,,1.0,67.63462065541059,0.04570383912248629,2.339332145671956,1.757998247328116,,1.8494059255730886,-2.663996157753744e-11,5.908846723409648,4.53188108545361,3
395,477064,Lewis,DEF,Man City,Coventry City,1,2,45,0.2,a,,,0.5,66.02506330089204,0.03258145363408521,2.3980474975863104,1.7592359758520213,,1.8243988831201916,0.0,5.726521187904618,4.266206506438192,3
97,207283,Jensen,MID,Brentford,Sunderland,1,2,55,0.2,d,75.0,Unspecified injury - 75% chance of playing,2.2,51.861643110600454,0.07913669064748201,2.8797995824272196,1.6594570908210742,,1.817730472116038,0.3555116265707891,5.055999299089007,3.0717448392594098,3
144,482609,Gusto,DEF,Chelsea,Arsenal,0,5,50,1.2,a,,,1.0,66.35425145964452,0.10416666666666667,2.1756951855507842,1.6040736160174962,,1.8124069493508295,0.0,5.916862417003682,4.570655296333137,3
64,54469,Smith,DEF,Bournemouth,Newcastle,0,3,45,0.1,a,,,1.0,66.09529345518509,0.0356020942408377,2.3674695999546422,1.7386510883914637,,1.809855276873139,-3.8424976113534814e-14,6.228282678282277,4.645206092291822,3
264,477555,Bobb,MID,Fulham,Crystal Palace,1,3,55,0.3,a,,,2.5,56.08553801974965,0.03258145363408521,2.79734536652241,1.7432291100940351,,1.8083920173622055,0.02566661806711487,5.8226179658179,3.693659143894361,3
415,596777,Dorgu,MID,Man Utd,Everton,0,3,59,0.8,a,,,0.5,52.15954082462655,0.010899182561307902,3.057062638177882,1.7717220386608863,,1.7935204037835022,-2.8394058497912524e-09,7.82194618127784,4.55501082257143,3
209,242898,Johnson,MID,Everton,Man Utd,1,4,59,0.1,a,,,1.0,52.174567794617325,0.07214428857715431,2.7950556082456246,1.620342425801519,,1.7646310029558276,0.0,6.761173838373369,4.063858830503246,3
345,248056,Tanaka,MID,Leeds,Brighton,0,3,49,0.2,a,,,0.5,64.05810614605736,0.18518518518518517,1.9281694274583436,1.3723875761301023,,1.7427579465004728,0.07316659265298153,5.687337742244119,4.41837131238317,3
96,440089,Damsgaard,MID,Brentford,Sunderland,1,2,55,0.5,a,,,2.0,46.41963703387607,0.10576923076923077,2.8716818331965257,1.481138093041762,,1.6926765545802234,2.89502768144389e-10,6.155566768359481,3.3864181851499797,3
439,485711,Šeško,FWD,Man Utd,Everton,0,3,70,1.6,a,100.0,,1.0,48.6601468866752,0.008,3.0720654870289428,1.660968420492375,,1.676968420492375,0.02566710322186569,8.923050189692988,4.840410365640398,3
260,153682,Wilson,MID,Leeds,Brighton,0,3,64,4.3,a,,,2.0,50.92740492948388,0.025380710659898477,2.8552699042300307,1.6156831843965713,,1.6664446057163682,-3.742683774126279e-13,7.550012516679792,4.323011917537835,3
204,244723,Mitchell,DEF,Crystal Palace,Fulham,0,3,45,4.8,a,,,0.5,60.685411212795394,0.10416666666666667,2.1574141366151234,1.4547062670754078,,1.663039600408741,1.2348706044288844e-10,5.617877429407258,3.99636891051846,3
240,490094,Iroegbunam,MID,Hull City,Aston Villa,1,3,50,0.0,a,100.0,,0.5,67.39072160955223,0.07214428857715431,2.004540830578575,1.500971700761126,,1.6452602779154346,0.07316659514246308,4.439068939864202,3.4682003452876264,3
142,225796,James,DEF,Chelsea,Arsenal,0,5,55,8.3,a,,,0.5,57.953412277994886,0.10551558752997602,2.192731775644508,1.4119587623220662,,1.6229899373820182,0.0,6.771325034490078,4.571268857194523,3
14,232413,Eze,MID,Arsenal,Chelsea,1,4,64,1.5,a,,,1.0,52.41749977234263,0.0031545741324921135,2.7745922524323214,1.615968764002387,,1.6222779122673712,0.0,8.583489581349344,5.0054765168903685,3
369,611922,Ngumoha,MID,Liverpool,Ipswich Town,0,2,59,0.8,a,,,1.5,55.01205239843028,0.0356020942408377,2.5101563352154828,1.5343205760125096,,1.605524764494185,0.07316661823160137,6.095545739899898,3.7970762067083603,3
211,488024,Yeremy,MID,Crystal Palace,Fulham,0,3,55,0.2,a,,,3.0,49.23552797692457,0.024630541871921183,2.8285995427955655,1.5474176880536348,,1.596678771797477,-9.392160165564079e-10,5.801136864482874,3.222839265846232,3
271,244042,Muniz,FWD,Fulham,Crystal Palace,1,3,55,0.5,a,,,0.5,44.575166593763825,0.0012674271229404308,3.0273458079763573,1.4993827080830966,,1.5019175623289776,0.025666618117485784,7.283975441656361,3.6101395073205116,3
490,60689,Wood,FWD,Nott'm Forest,Spurs,1,3,59,1.2,a,,,0.5,47.41610850922011,0.0012674271229404308,2.755506914934222,1.4517268319603047,,1.4542616862061857,-1.4171820845199914e-09,7.24142157371324,3.817646310914708,3
571,216055,Florentino,MID,Ipswich Town,Liverpool,1,4,50,0.1,d,75.0,Calf injury - 75% chance of playing,0.0,56.015546801887595,0.19338565022421522,1.7106116868390386,1.0646761000443117,,1.451447400492742,0.05493418033091357,3.630815161980944,2.64657237417006,3
159,486672,Caicedo,MID,Chelsea,Arsenal,0,5,54,2.0,d,75.0,Unspecified injury - 75% chance of playing,0.4,58.34567719590519,0.1388888888888889,1.807227131262601,1.17159878689255,,1.4493765646703278,0.05493418033091357,4.873370279756738,3.437112102208942,3
46,88894,Barkley,MID,Aston Villa,Hull City,0,2,50,0.3,a,,,2.0,60.92706251964882,0.037815126050420166,1.9817733199856042,1.3415958551837213,,1.4172261072845616,0.24725267395000047,4.962672176183088,3.4351973403544926,3
212,108413,Hughes,MID,Crystal Palace,Fulham,0,3,45,9.6,a,,,0.0,65.35386076523358,0.07214428857715431,1.7164001802827542,1.246370871106899,,1.3906594482612076,-2.6008227463706067e-09,5.120478146934962,3.8625443090010725,3
453,201666,Barnes,MID,Newcastle,Bournemouth,1,3,60,1.1,a,,,2.5,50.35319459083098,0.010899182561307902,2.4363252518254184,1.3630751054635621,,1.384873470586178,0.0,8.539118857768303,4.7992640704497465,3
44,215711,Bailey,MID,Aston Villa,Hull City,0,2,54,0.1,a,,,0.0,56.325490015497024,0.07214428857715431,1.957831173051134,1.2252866687746717,,1.3695752459289803,0.04749553949511022,4.775088124678265,3.1327238937063533,3
389,465351,Matheus N.,DEF,Man City,Coventry City,1,2,60,1.1,d,75.0,Unspecified injury - 75% chance of playing,0.4,59.580961727426825,0.07913669064748201,1.82706230714521,1.2095347710626991,,1.367808152357663,0.05493417937483201,4.901335444171572,3.4030098203223753,3
202,427623,Richards,DEF,Crystal Palace,Fulham,0,3,50,0.7,a,,,1.5,49.86989793030053,0.18518518518518517,1.7792146495671988,0.9858805885556847,,1.3562509589260552,0.0,5.740019360862582,3.5509723664166573,3
32,199796,Cash,DEF,Aston Villa,Hull City,0,2,45,7.1,a,,,0.5,59.90301227299774,0.10551558752997602,1.6851394993676565,1.121610356803711,,1.332641531863663,7.859606782692211e-13,4.750726113560435,3.3730623382406364,3
35,515597,Bogarde,MID,Aston Villa,Hull City,0,2,50,0.1,a,,,0.5,54.86074864700918,0.10551558752997602,1.822839529599615,1.111137125079966,,1.322168300139918,0.07316659448531292,5.05105206103132,3.289970036428807,3
352,155503,Woodman,GK,Liverpool,Ipswich Town,0,2,40,1.1,a,,,0.0,70.66666666666667,0.0,1.646634247629096,1.29291281665692,,1.29291281665692,0.00013237184263212385,5.6842658710518545,4.463201350603678,3
532,223827,Ballard,DEF,Sunderland,Brentford,0,3,50,4.2,a,,,4.0,73.93103448275862,0.1552511415525114,1.169076220103034,0.9603446037934502,,1.270846886898473,0.0,7.249878442950635,6.265957984900487,3
366,494595,Wirtz,MID,Liverpool,Ipswich Town,0,2,75,10.1,a,,,3.0,43.75303180857823,0.0356020942408377,2.4421640443520993,1.187245345714483,,1.2584495341961583,0.0,7.010847216417371,3.479491091426024,3
399,466052,Cherki,MID,Man City,Coventry City,1,2,77,27.3,a,,,11.0,46.81443152573361,0.0356020942408377,2.2432809519317916,1.166865805746593,,1.2380699942282685,0.0,7.104158965912536,3.7665060046776633,3
210,496221,Wharton,MID,Crystal Palace,Fulham,0,3,55,0.9,a,100.0,,3.0,45.600173943920495,0.06451612903225806,2.1777731434659118,1.10340926836049,,1.232441526425006,-5.575443409278835e-09,5.443504331437218,2.887084973375869,3
379,219168,Isak,FWD,Liverpool,Ipswich Town,0,2,90,16.7,a,,,5.0,44.50715921499573,0.012195121951219513,2.374888743358236,1.1744394602060684,,1.1988297041085074,0.0,6.201561106304615,3.091210994344934,3
246,513466,Röhl,MID,Everton,Man Utd,1,4,50,0.1,a,,,2.5,45.0014030572333,0.0356020942408377,2.2474639727263495,1.123767023258547,,1.1949712117402225,0.025667104800004458,4.153947271642082,2.1482425823667852,3
403,510281,Sávio,MID,Spurs,Nott'm Forest,0,3,65,0.7,d,75.0,Muscular injury - 75% chance of playing,0.0,47.61781468209071,0.002365930599369085,2.227767336808166,1.1786823577660666,,1.1834142189648047,0.18543950548429944,5.604493329019267,2.969995469290439,3
37,184667,Lindelöf,DEF,Aston Villa,Hull City,0,2,45,0.3,a,,,0.0,57.22932945426341,0.07214428857715431,1.5782612169332468,1.003587012763994,,1.1478755899183026,-2.6008227463706067e-09,4.476843665663077,2.9910303666816924,3
374,158983,Endo,MID,Liverpool,Ipswich Town,0,2,50,0.1,a,100.0,,0.0,50.370882877069285,0.10551558752997602,1.6638837527910781,0.9312365959210878,,1.1422677709810398,-5.11553535909464e-07,3.320078627100938,2.0692010824862,3
43,166989,Tielemans,MID,Man Utd,Everton,0,3,59,2.0,a,100.0,,3.0,47.248432272113966,0.07214428857715431,1.888354479090597,0.9913532079006124,,1.135641785054921,2.011708000401816e-10,5.689035002907932,3.1309328552496543,3
45,122806,McGinn,MID,Aston Villa,Hull City,0,2,55,2.5,a,,,1.0,52.075747027759604,0.0356020942408377,1.833130372215731,1.060684817026769,,1.1318890055084445,0.0,4.913431661412643,2.9142111244584465,3
108,75115,Wilson,FWD,Brentford,Sunderland,1,2,55,0.4,a,,,1.0,42.60607759679139,0.0012674271229404308,2.3681714966190204,1.1210944283051063,,1.1236292825509873,-9.392160165564079e-10,7.7918502522791,3.6912034817034574,3
117,550090,Coppola,DEF,Brighton,Leeds,1,2,45,0.0,a,,,0.0,52.15314121036602,0.10576923076923077,1.508136524087228,0.8739339678359086,,1.08547242937437,-4.0647096508156787e-10,4.742863168105368,2.9599297120678303,3
253,174874,Andersen,DEF,Fulham,Crystal Palace,1,3,50,0.1,a,100.0,,0.5,87.33333333333333,0.18518518518518517,0.7154302112123658,0.6942322790282957,,1.064602649398666,-0.023200212144070705,9.592416432386386,9.678567056611975,3
357,216094,Frimpong,DEF,Liverpool,Ipswich Town,0,2,55,3.1,a,,,0.5,45.553751257320386,0.025380710659898477,1.974543273529325,0.9994205903241111,,1.050182011643908,0.0,6.016105323773482,3.0958299263977764,3
420,550864,Yoro,DEF,Man Utd,Everton,0,3,49,0.6,a,,,0.5,31.975527817174605,0.18518518518518517,1.8349275225954147,0.6519197337916551,,1.0222901041620256,7.859606782692211e-13,4.788715644761817,2.0717227071217117,3
148,551210,Hato,DEF,Chelsea,Arsenal,0,5,45,0.6,a,,,2.5,48.3056283072426,0.1552511415525114,1.2311916026108058,0.6608164881190659,,0.9713187712240887,1.9371777490122649e-10,3.426016516102127,2.1493453986750626,3
358,544877,Kerkez,DEF,Liverpool,Ipswich Town,0,2,55,3.0,a,,,0.5,40.28394830917657,0.10551558752997602,1.6843933702535177,0.7539335051068047,,0.9649646801667567,0.0,4.630020940135214,2.283425888646753,3
430,184341,Mount,MID,Man Utd,Everton,0,3,55,0.0,d,75.0,Foot injury - 75% chance of playing,0.0,42.80766642041889,0.11643835616438356,1.524791590529773,0.725252997422872,,0.958129709751639,0.054874944457829505,4.531400958039908,2.388195608205867,3
392,448514,Aït-Nouri,DEF,Man City,Coventry City,1,2,54,0.6,a,,,0.0,44.68490896233082,0.0356020942408377,1.7583974744950746,0.8730425674156094,,0.9442467558972848,0.0,4.784919006228472,2.4469116349866282,3
20,616077,Dowman,MID,Arsenal,Chelsea,1,4,54,0.1,a,,,0.0,35.34310309559645,0.008,2.3531175989420974,0.9240719766163659,,0.9400719766163659,-1.4171820845199914e-09,5.918823254762081,2.3403286721963332,3
34,244954,Pau,DEF,Aston Villa,Hull City,0,2,45,0.4,a,,,1.0,43.57259422343628,0.1552511415525114,1.298807417122585,0.6288045395630194,,0.9393068226680422,0.0,4.034404033110982,2.2637183927510183,3
17,195384,Merino,MID,Arsenal,Chelsea,1,4,59,0.5,a,,,1.0,33.79374594060632,0.02666666666666667,2.3340979932809445,0.8764212731712808,,0.9297546065046142,0.0,6.775941175930458,2.597604828976524,3
487,250199,Dominguez,MID,Nott'm Forest,Spurs,1,3,50,0.1,a,,,0.5,40.39494651379999,0.1552511415525114,1.3705383870152605,0.6151424982065684,,0.9256447813115912,-5.4996001745428985e-11,3.51347645145575,1.887465542372254,3
454,449434,Elanga,MID,Newcastle,Bournemouth,1,3,61,8.9,a,,,8.5,35.14562545115308,0.025380710659898477,2.2171649579180928,0.8658183241601207,,0.9165797454799177,0.0,5.774890118594542,2.3058961449830053,3
553,437505,Isidor,FWD,Sunderland,Brentford,0,3,55,1.1,a,,,4.5,38.556545734562675,0.008,2.1012340955368827,0.9001814278176695,,0.9161814278176695,0.0,6.528285102008011,2.812756923375956,3
70,222683,Kluivert,MID,Bournemouth,Newcastle,0,3,60,1.1,a,,,3.0,30.297101832153658,0.02666666666666667,2.5329737707086757,0.8526862696592776,,0.906019602992611,0.0,5.704045229282731,1.9735115462976576,3
401,438234,Marmoush,FWD,Spurs,Nott'm Forest,0,3,70,2.1,a,,,1.0,31.703881634493747,0.024630541871921183,2.397816617724088,0.8446677136616293,,0.8939287974054717,1.0457376806653212e-10,5.886146456023653,2.1227465340223843,3
457,114243,J.Murphy,MID,Newcastle,Bournemouth,1,3,59,0.1,a,,,0.5,37.90863740981082,0.04570383912248629,1.8873554154937366,0.7949674678821658,,0.8863751461271383,-2.9002350501306687e-13,5.053077218767939,2.2197995903566294,3
391,477424,Gvardiol,DEF,Man City,Coventry City,1,2,56,18.2,a,,,7.0,38.561633408070335,0.04570383912248629,1.7953992783415034,0.7692614310279899,,0.8606691092729625,0.0,4.599417607937211,2.062086074777178,3
489,204968,Yates,MID,Nott'm Forest,Spurs,1,3,45,1.5,a,100.0,,0.0,37.949951779166284,0.10551558752997602,1.4800762059950248,0.6240980071889175,,0.8351291822488696,0.0,3.7446995720363674,1.7900441549071162,3
268,577725,King,MID,Fulham,Crystal Palace,1,3,55,0.7,a,,,4.5,32.44347122407316,0.02666666666666667,2.142468645782615,0.7723235539769695,,0.8256568873103028,0.0,6.301473361824598,2.3249074409291097,3
551,536661,N.Angulo,MID,Sunderland,Brentford,0,3,50,0.1,a,,,4.0,38.50105912369628,0.07214428857715431,1.5635254388290818,0.6688598373529072,,0.8131484145072159,7.481042727414987e-10,3.6815517203822146,1.719217915525213,3
224,205533,Nketiah,FWD,Crystal Palace,Fulham,0,3,55,0.5,a,,,1.5,34.130894981144856,0.024630541871921183,1.9792878067422075,0.750609602993098,,0.7998706867369404,0.0,5.8933046391476545,2.284191769639869,3
406,91651,Kovačić,MID,Man City,Coventry City,1,2,55,0.1,a,,,1.0,33.03367469076614,0.10551558752997602,1.5678242754617466,0.5754555231987718,,0.7864866982587239,0.0,4.073157504735431,1.706046285900874,3
90,472713,Hickey,DEF,Brentford,Sunderland,1,2,45,0.1,a,,,1.0,37.82085429627276,0.10551558752997602,1.2867685360892456,0.5407409479606617,,0.7517721230206138,0.0,3.1086366052031886,1.5173788651205053,3
492,210156,Awoniyi,FWD,Coventry City,Man City,0,5,55,0.7,a,,,1.5,29.239737782926223,0.0012674271229404308,2.301718492661792,0.7477960575060332,,0.750330911751914,0.0,5.2775928526908515,1.7171507557761707,3
263,560552,Kevin,MID,Fulham,Crystal Palace,1,3,54,0.0,a,,,1.0,31.52655558824255,0.012345679012345678,2.0497838033834412,0.7180291446805256,,0.742720502705217,-1.2968425120783044e-09,5.337074279299775,1.8942421240794012,3
138,647850,Kostoulas,FWD,Brighton,Leeds,1,2,55,0.4,a,,,3.0,29.503545270528818,0.0012674271229404308,2.2412701683882696,0.7347268430725451,,0.737261697318426,0.0,5.6747069540647646,1.8628012266484864,3
242,550615,George,MID,Everton,Man Utd,1,4,55,0.3,a,,,2.5,30.039039841654663,0.012195121951219513,2.0955432617085377,0.6994234169819303,,0.7238136608843694,0.0,4.690517462078547,1.5899306985841546,3
549,549912,Talbi,MID,Sunderland,Brentford,0,3,54,0.2,a,,,0.5,33.49293503089255,0.03258145363408521,1.745025474526433,0.6494002760618475,,0.7145631833300179,0.0,3.786608169759247,1.4743253674592083,3
474,575458,Jair Cunha,DEF,Nott'm Forest,Spurs,1,3,45,0.2,a,,,1.0,36.33596389013682,0.04570383912248629,1.492318211773187,0.6024980072842674,,0.6939056855292399,7.581773515324568e-10,3.3501376534591674,1.4439685760569725,3
339,180135,Longstaff,MID,Leeds,Brighton,0,3,50,0.1,a,,,0.5,32.4954172037621,0.0356020942408377,1.7006801471830697,0.6140478990318822,,0.6852520875135576,0.0,3.5403693401211274,1.3494906191777196,3
10,198869,White,DEF,Arsenal,Chelsea,1,4,55,7.3,a,100.0,,9.0,27.479933328926545,0.0356020942408377,1.977873237385719,0.6039091632936407,,0.6751133517753162,0.0,5.222638685050638,1.6658459981068325,3
123,532529,Hinshelwood,MID,Brighton,Leeds,1,2,60,1.4,d,50.0,Unspecified injury - 50% chance of playing,4.0,34.47553864081192,0.006097560975609756,1.7181349115623519,0.6581514059299537,,0.6703465278811732,0.26473676951475594,4.0616690768055275,1.568064335324551,3
434,547037,J.Fletcher,MID,Man Utd,Everton,0,3,50,0.0,a,,,0.0,39.3723612162721,0.0356020942408377,1.352942546327705,0.5918726959875261,,0.6630768844692015,0.0,3.496860645242234,1.6009781934532705,3
42,485337,Guessand,MID,Crystal Palace,Fulham,0,3,55,0.0,a,,,1.0,33.15844043752367,0.012345679012345678,1.6598725282869429,0.6115420484787157,,0.6362334065034071,0.0,3.9549774054683677,1.4818122772577444,3
270,153366,Reed,MID,Fulham,Crystal Palace,1,3,45,1.3,a,,,0.0,34.93428084445636,0.010899182561307902,1.538184745232336,0.5970597542289442,,0.61885811935156,-3.951523111175656e-06,3.6694187600335,1.4461150928884725,3
478,470315,Netz,DEF,Nott'm Forest,Spurs,1,3,45,0.0,a,,,1.0,37.39596631130769,0.07214428857715431,1.113435967948143,0.46264459941318914,,0.6069331765674978,0.0,2.566131409892265,1.2105437299845268,3
343,200617,James,MID,Leeds,Brighton,0,3,50,0.1,a,,,0.5,28.95547991707171,0.04570383912248629,1.4691940813668305,0.47268021908108754,,0.5640878973260601,0.0,3.5053481513288696,1.2191747671132784,3
464,216646,Wissa,FWD,Newcastle,Bournemouth,1,3,61,12.7,a,,,6.0,25.06545759803538,0.010899182561307902,1.872094678103598,0.5213878863723714,,0.5431862514949872,0.0,5.3831437731864495,1.521031276132984,3
161,514356,Lavia,MID,Chelsea,Arsenal,0,5,50,0.2,a,,,4.0,32.811001149409535,0.0356020942408377,1.2606927399874635,0.4596065660086769,,0.5308107544903523,1.824130847613069e-11,2.758538948318468,1.0768755729702113,3
76,614574,Tóth.A,MID,Bournemouth,Newcastle,0,3,50,0.0,a,,,0.5,31.1599438069877,0.0356020942408377,1.2654043204631658,0.4381103057639078,,0.5093144942455832,0.0,3.1965457687904153,1.1779173721702714,3
72,496208,Gannon-Doak,MID,Bournemouth,Newcastle,0,3,50,0.1,a,,,0.5,27.528883542901742,0.024630541871921183,1.4853847199870511,0.4543442552547694,,0.5036053389986118,0.0,3.561067231898106,1.1385078072479138,3
147,109646,Tosin,DEF,Spurs,Nott'm Forest,0,3,45,0.2,a,,,0.0,25.93930909715871,0.10551558752997602,0.9992116231408696,0.2879873238458298,,0.49901849890578187,0.0,3.234557097561274,1.1432775789049567,3
241,433154,McNeil,MID,Crystal Palace,Fulham,0,3,55,0.1,a,,,1.5,30.503585650619417,0.037815126050420166,1.2224286430988542,0.41431618685040417,,0.4899464389512445,0.0,3.456209577613196,1.2470389729587879,3
547,461199,Mundle,MID,Sunderland,Brentford,0,3,50,0.0,a,,,0.5,30.4895798608371,0.012195121951219513,1.3606943436120098,0.46096665395275216,,0.4853568978551912,0.0,3.5117682571217834,1.2140828964387427,3
38,606798,A.García,DEF,Aston Villa,Hull City,0,2,40,1.8,a,,,0.0,28.968247368919577,0.10576923076923077,0.8002506785263254,0.2575762179188481,,0.46911467945730967,0.0,2.691907450215106,1.0779811383392255,3
56,173879,Abraham,FWD,Aston Villa,Hull City,0,2,55,0.1,a,100.0,,0.5,24.858516288431364,0.010899182561307902,1.4852969308586934,0.4102475327656438,,0.4320458978882596,6.706796275842385e-11,3.9787953978887605,1.120764478530988,3
522,547701,Gray,MID,Spurs,Nott'm Forest,0,3,50,0.2,a,,,2.0,23.496473066789086,0.07214428857715431,1.0755749347097536,0.28080241649690174,,0.4250909936512104,0.0,2.5056708900663778,0.7984488947396652,3
244,609873,Armstrong,MID,Everton,Man Utd,1,4,50,0.4,a,,,5.0,23.82765198137018,0.02666666666666667,1.3791316643904539,0.3651274370620395,,0.4184607703953728,0.0,2.7420587689047156,0.7792980228658437,3
486,432714,McAtee,MID,Nott'm Forest,Spurs,1,3,55,0.1,a,,,2.5,24.7527055962479,0.012195121951219513,1.4267009706284206,0.39238565666496017,,0.4167759005673992,0.0,3.2717510347412118,0.9242201344265352,3
520,570526,Bergvall,MID,Spurs,Nott'm Forest,0,3,55,0.2,a,,,0.5,21.463691077613984,0.0356020942408377,1.3348739448897513,0.3183480220074393,,0.3895522104891147,0.0,3.060652419594563,0.8011252777053361,3
440,458249,Zirkzee,FWD,Man Utd,Everton,0,3,54,0.5,a,,,0.0,18.562476449551085,0.010899182561307902,1.782685657655666,0.36767845041317543,,0.3894768155357912,8.270818058792638e-13,3.889043594743854,0.8239125888860634,3
435,576628,Lacey,MID,Man Utd,Everton,0,3,50,0.1,a,,,0.5,26.16227607047792,0.012345679012345678,1.2495347171804931,0.3632296914502512,,0.38792104947494255,0.0,2.90349650215023,0.8687144364571502,3
52,653481,Alysson,MID,Aston Villa,Hull City,0,2,50,0.0,a,,,0.5,27.73631358328641,0.03258145363408521,1.0434246245795105,0.3215639176428911,,0.38672682491106153,0.0,2.4248761334466327,0.8124642943559801,3
157,624773,Estêvão,MID,Chelsea,Arsenal,0,5,64,0.9,a,,,0.5,16.994140835685155,0.012195121951219513,1.9103929877451358,0.36072763872495756,,0.3851178826273966,0.0,6.331569603373208,1.2199411944654113,3
74,111317,Brooks,MID,Bournemouth,Newcastle,0,3,50,0.1,a,100.0,,0.5,20.381442049752213,0.0012674271229404308,1.6554338549703294,0.3748903242475075,,0.37742517849338836,0.0,3.4179499931035777,0.776565406616898,3
160,493105,Garnacho,MID,Aston Villa,Hull City,0,2,59,0.5,a,,,1.0,24.099488479558772,0.03258145363408521,1.1047840605896484,0.29583034156200433,,0.36099324883017475,-6.547447059966959e-11,3.204569123527934,0.9232570925394059,3
62,242882,Diakité,DEF,Bournemouth,Newcastle,0,3,50,0.2,a,,,0.0,16.688787294451437,0.07214428857715431,1.072313434505806,0.1988401202383342,,0.34312869739264285,0.0,2.022470617828923,0.5193172654901383,3
125,463067,Georginio,FWD,Brighton,Leeds,1,2,55,0.8,d,75.0,Unspecified injury - 75% chance of playing,1.9,20.733012392245065,0.009146341463414635,1.3407441788584453,0.3088629519455842,,0.3271556348724135,0.0,3.6823142632454333,0.8665756523935885,3
167,463034,Delap,FWD,Nott'm Forest,Spurs,1,3,55,0.7,a,,,0.5,16.50446744971732,0.0031545741324921135,1.7469584658174622,0.32036243483436017,,0.3266715830993444,0.0,3.6773866609304644,0.6806792421022233,3
556,169359,Targett,DEF,Hull City,Aston Villa,1,3,40,2.1,a,,,0.5,1.0508861853771114,0.1552511415525114,0.043019473285796146,0.0005023174464249206,,0.31100460055144774,0.0,3.686068233455386e-09,0.3105022831480632,3
592,572584,Ouattara,DEF,Ipswich Town,Liverpool,1,4,40,1.0,a,,,1.0,0.473317471168896,0.1552511415525114,0.02164484745859621,0.00011383204958821405,,0.310616115154611,0.0,3.686068233455386e-09,0.31050228312440814,3
308,176420,Furlong,DEF,Ipswich Town,Liverpool,1,4,40,0.5,a,,,0.5,0.473317471168896,0.1552511415525114,0.02164484745859621,0.00011383204958821405,,0.310616115154611,0.0,3.686068233455386e-09,0.31050228312440814,3
304,216616,O'Shea,DEF,Ipswich Town,Liverpool,1,4,40,3.3,a,,,2.0,0.473317471168896,0.1552511415525114,0.02164484745859621,0.00011383204958821405,,0.310616115154611,0.0,3.686068233455386e-09,0.31050228312440814,3
303,183015,Kipré,DEF,Ipswich Town,Liverpool,1,4,40,0.6,a,,,0.0,0.473317471168896,0.1552511415525114,0.02164484745859621,0.00011383204958821405,,0.310616115154611,0.0,3.686068233455386e-09,0.31050228312440814,3
305,455084,Davis,DEF,Ipswich Town,Liverpool,1,4,40,5.1,a,,,4.0,0.473317471168896,0.1552511415525114,0.02164484745859621,0.00011383204958821405,,0.310616115154611,0.0,3.686068233455386e-09,0.31050228312440814,3
306,449429,Greaves,DEF,Ipswich Town,Liverpool,1,4,40,1.3,a,,,0.5,0.473317471168896,0.1552511415525114,0.02164484745859621,0.00011383204958821405,,0.310616115154611,0.0,3.686068233455386e-09,0.31050228312440814,3
307,222018,Johnson,DEF,Ipswich Town,Liverpool,1,4,40,0.1,a,,,0.0,0.473317471168896,0.1552511415525114,0.02164484745859621,0.00011383204958821405,,0.310616115154611,0.0,3.686068233455386e-09,0.31050228312440814,3
129,509416,Ayari,MID,Brighton,Leeds,1,2,55,0.5,d,75.0,Ankle injury - 75% chance of playing,0.8,19.96792052076021,0.026701570680628273,1.0812997392732044,0.23990341392140094,,0.2933065552826575,0.0,2.4635764231989006,0.5999864548640829,3
483,456512,Ndoye,MID,Nott'm Forest,Spurs,1,3,55,0.7,a,,,6.0,16.378439045417643,0.03258145363408521,1.2518729668109339,0.2278191675502114,,0.2929820748183818,0.0,1.9633485767956553,0.42245829604544954,3
550,699989,Jocelin.T,MID,Sunderland,Brentford,0,3,50,0.0,a,,,0.0,18.217858443655103,0.024630541871921183,1.1954767159293127,0.2419891731498434,,0.2912502568936858,0.0,2.8023484287888354,0.6165142724713346,3
255,246301,J.Cuenca,DEF,Fulham,Crystal Palace,1,3,45,0.0,a,,,1.5,11.58975181054231,0.10551558752997602,0.6113372237189616,0.07872496328276384,,0.28975613834271585,0.0,1.3364868173274584,0.3831372918475836,3
548,554197,Rigg,MID,Sunderland,Brentford,0,3,50,0.1,a,,,1.0,20.18384634612144,0.03258145363408521,0.9981746534623825,0.22385559813419717,,0.2890185054023676,0.0,2.246813274883593,0.5690443951423523,3
101,56979,Henderson,MID,Chelsea,Arsenal,0,5,50,0.0,d,75.0,Wrist injury - 75% chance of playing,0.0,24.999296972906784,0.028361344537815122,0.7857739302344777,0.21826439817222051,,0.27498708724785076,-1.4523036838143874e-09,2.671296731320049,0.7987286922870201,3
71,155408,Cook,MID,Bournemouth,Newcastle,0,3,50,0.2,a,,,3.0,16.813926587366964,0.04570383912248629,0.9680326697574517,0.18084922492749603,,0.2722569031724686,0.0,1.9614122707354733,0.4578414774417169,3
89,194010,Henry,DEF,Brentford,Sunderland,1,2,45,0.2,a,,,0.5,17.022285854294807,0.0356020942408377,1.0427524049683599,0.1972225501402756,,0.268426738621951,0.0,3.261248851080452,0.688025412760364,3
151,577016,Acheampong,DEF,Chelsea,Arsenal,0,5,45,0.4,a,,,2.0,18.442799086063733,0.0356020942408377,0.9389598715813262,0.19241164734945115,,0.2636158358311266,0.0,2.4818611361659855,0.5797871473018881,3
145,444463,Fofana,DEF,Chelsea,Arsenal,0,5,50,0.1,a,100.0,,0.0,68.72,0.10551558752997602,0.0655687511748013,0.050065384230359396,,0.26109655929031145,-0.02320021131215137,5.011637684892546,4.037694971791238,3
524,499726,Olusesi,MID,Spurs,Nott'm Forest,0,3,45,0.7,a,,,0.0,16.933205715552074,0.0356020942408377,0.9689186268894421,0.18229887145276852,,0.2535030599344439,0.0,1.7301751883305923,0.39673099279218615,3
476,204822,O.Richards,DEF,Nott'm Forest,Spurs,1,3,40,0.2,a,,,0.0,0.6420430798012666,0.125,0.03360844844961191,0.0002397563527770104,,0.250239756352777,0.0,3.686068233455386e-09,0.25000000002629574,3
466,599303,Neave,FWD,Newcastle,Bournemouth,1,3,45,0.9,a,,,0.0,12.917508416391074,0.03258145363408521,1.248399462801795,0.1791801174195587,,0.24434302468772912,0.0,2.235470781623332,0.3860152698927896,3
50,645618,Burrowes,MID,Aston Villa,Hull City,0,2,45,0.7,a,,,0.0,17.854667693735713,0.037815126050420166,0.8236161357557623,0.16339324901242064,,0.23902350111326098,0.0,1.9205139467963184,0.4566317890034303,3
508,115556,Davies,DEF,Spurs,Nott'm Forest,0,3,40,1.0,a,,,0.0,12.79616571321444,0.025380710659898477,1.2996596637047129,0.18478511586162288,,0.23554653718141982,0.0,4.582126396569862,0.7022464067575982,3
104,428580,Onyeka,MID,Coventry City,Man City,0,5,50,0.1,a,,,1.0,12.267501004333337,0.0356020942408377,1.057305122764105,0.14411657394883823,,0.21532076243051362,0.0,1.9911706021099274,0.3426118258281482,3
66,575901,Soler,DEF,Bournemouth,Newcastle,0,3,40,0.3,a,100.0,,0.0,16.50773395569095,0.0356020942408377,0.7748882905116241,0.1421294416127339,,0.21333363009440928,0.0,1.35569120198657,0.31986407390906624,3
606,569577,Rowe,DEF,Aston Villa,Hull City,0,2,40,0.2,a,,,0.0,1.3328614894071296,0.10576923076923077,0.019886435418137345,0.00029450959922685817,,0.2118329711376884,0.0,3.686068233455386e-09,0.21153846159305062,3
609,553746,Shahar,DEF,Newcastle,Bournemouth,1,3,40,0.3,a,,,0.0,0.7127583340220095,0.10576923076923077,0.03360844844961191,0.0002661633525112219,,0.21180462489097276,0.0,3.686068233455386e-09,0.2115384615676535,3
279,146426,Ajayi,DEF,Hull City,Aston Villa,1,3,41,8.6,a,100.0,,10.0,0.7762694975158563,0.10551558752997602,0.037253591173939594,0.0003213202944583914,,0.21135249535441042,0.0,3.686068233455386e-09,0.21103117509174515,3
321,557012,Walle Egeli,FWD,Ipswich Town,Liverpool,1,4,45,3.3,a,,,0.5,0.7761545189310439,0.10551558752997602,0.03411551567480818,0.0002942101295185026,,0.21132538518947053,0.0,3.686068233455386e-09,0.21103117509174046,3
323,461587,McAteer,MID,Ipswich Town,Liverpool,1,4,45,1.3,a,,,1.0,0.7761545189310439,0.10551558752997602,0.03411551567480818,0.0002942101295185026,,0.21132538518947053,0.0,3.686068233455386e-09,0.21103117509174046,3
424,577974,Amass,DEF,Man Utd,Everton,0,3,40,0.2,a,,,0.0,0.9427025854497545,0.10551558752997602,0.02489710399831635,0.00026078404788249155,,0.21129195910783452,0.0,3.686068233455386e-09,0.21103117509856165,3
361,519440,Lucky,DEF,Liverpool,Ipswich Town,0,2,40,0.1,a,,,0.0,1.0322019837586398,0.10551558752997602,0.016510964232186665,0.00018936277815812246,,0.21122053783811015,0.0,3.686068233455386e-09,0.21103117510222721,3
622,554054,Braithwaite,DEF,Man City,Coventry City,1,2,40,0.1,a,,,1.0,0.9479421952570452,0.10551558752997602,0.01453995010516402,0.00015314480246241205,,0.21118431986241445,0.0,3.686068233455386e-09,0.21103117509877625,3
285,160817,McNair,DEF,Hull City,Aston Villa,1,3,40,0.1,a,,,0.5,0.5764345848453744,0.10551558752997602,0.023065094419423504,0.00014772797917866388,,0.2111789030391307,0.0,3.686068233455386e-09,0.21103117508356067,3
585,597462,Herrington,DEF,Hull City,Aston Villa,1,3,40,0.6,a,,,1.0,0.5764345848453744,0.10551558752997602,0.023065094419423504,0.00014772797917866388,,0.2111789030391307,0.0,3.686068233455386e-09,0.21103117508356067,3
282,232351,Giles,DEF,Hull City,Aston Villa,1,3,40,1.1,a,,,6.0,0.5764345848453744,0.10551558752997602,0.023065094419423504,0.00014772797917866388,,0.2111789030391307,0.0,3.686068233455386e-09,0.21103117508356067,3
586,606930,Mendy,DEF,Hull City,Aston Villa,1,3,40,5.5,a,100.0,,8.0,0.5764345848453744,0.10551558752997602,0.023065094419423504,0.00014772797917866388,,0.2111789030391307,0.0,3.686068233455386e-09,0.21103117508356067,3
277,108416,Egan,DEF,Hull City,Aston Villa,1,3,40,4.8,a,,,8.5,0.5764345848453744,0.10551558752997602,0.023065094419423504,0.00014772797917866388,,0.2111789030391307,0.0,3.686068233455386e-09,0.21103117508356067,3
284,661800,McCarthy,DEF,Hull City,Aston Villa,1,3,40,0.1,a,,,0.0,0.5764345848453744,0.10551558752997602,0.023065094419423504,0.00014772797917866388,,0.2111789030391307,0.0,3.686068233455386e-09,0.21103117508356067,3
638,496181,Norton-Cuffy,DEF,Hull City,Aston Villa,1,3,40,0.1,a,,,1.0,0.5764345848453744,0.10551558752997602,0.023065094419423504,0.00014772797917866388,,0.2111789030391307,0.0,3.686068233455386e-09,0.21103117508356067,3
176,173878,Dasilva,DEF,Coventry City,Man City,0,5,40,0.8,a,,,1.5,0.473317471168896,0.10551558752997602,0.011617515211776749,6.10974769033817e-05,,0.21109227253685542,0.0,3.686068233455386e-09,0.21103117507933736,3
182,539142,Amenda,DEF,Coventry City,Man City,0,5,40,0.8,a,,,1.0,0.473317471168896,0.10551558752997602,0.011617515211776749,6.10974769033817e-05,,0.21109227253685542,0.0,3.686068233455386e-09,0.21103117507933736,3
175,451284,van Ewijk,DEF,Coventry City,Man City,0,5,40,11.9,a,,,1.5,0.473317471168896,0.10551558752997602,0.011617515211776749,6.10974769033817e-05,,0.21109227253685542,0.0,3.686068233455386e-09,0.21103117507933736,3
178,80178,Bidwell,DEF,Coventry City,Man City,0,5,40,0.1,a,,,0.0,0.473317471168896,0.10551558752997602,0.011617515211776749,6.10974769033817e-05,,0.21109227253685542,0.0,3.686068233455386e-09,0.21103117507933736,3
179,204813,Latibeaudiere,DEF,Coventry City,Man City,0,5,40,0.0,a,,,0.0,0.473317471168896,0.10551558752997602,0.011617515211776749,6.10974769033817e-05,,0.21109227253685542,0.0,3.686068233455386e-09,0.21103117507933736,3
173,461102,Thomas,DEF,Coventry City,Man City,0,5,40,8.4,a,,,5.5,0.473317471168896,0.10551558752997602,0.011617515211776749,6.10974769033817e-05,,0.21109227253685542,0.0,3.686068233455386e-09,0.21103117507933736,3
603,643970,Lienou,DEF,Leeds,Brighton,0,3,40,0.1,a,,,0.0,0.5764345848453744,0.10551558752997602,0.007957983134847526,5.0969518939359155e-05,,0.21108214457889138,0.0,3.686068233455386e-09,0.21103117508356067,3
158,463936,Gittens,MID,Chelsea,Arsenal,0,5,59,0.0,a,,,0.0,12.084510575851871,0.024630541871921183,1.1648764756784609,0.15641068988774906,,0.20567177363159142,-1.2476363546710944e-09,3.5052964181004347,0.5199254352552911,3
438,519913,Fletcher,MID,Man Utd,Everton,0,3,45,0.3,a,,,0.0,12.560498133172693,0.0356020942408377,0.9322099647380792,0.13010023913130697,,0.20130442761298237,0.0,1.9478685911641336,0.3430508529592624,3
493,465680,Kalimuendo,FWD,Nott'm Forest,Spurs,1,3,55,0.0,a,,,0.5,12.470814844318467,0.010899182561307902,1.2863786415354088,0.1782465539808222,,0.200044919103438,0.0,2.422688998802103,0.3574973198940415,3
437,576620,Bendito Mantato,MID,Man Utd,Everton,0,3,45,0.2,a,,,0.0,10.285888160328337,0.0356020942408377,1.0226211192914163,0.116872960704681,,0.1880771491863564,0.0,2.538989503032399,0.3613793225754407,3
243,502697,Alcaraz,MID,Everton,Man Utd,1,4,50,0.1,a,,,0.5,9.48470582518563,0.02666666666666667,1.2246460388742355,0.12906008243001077,,0.1823934157633441,0.0,2.434846776430054,0.30993117115378427,3
169,567119,Mheuka,FWD,Chelsea,Arsenal,0,5,45,0.4,a,,,0.0,5.2213701984797565,0.07214428857715431,0.5867806871162558,0.034042213252803245,,0.17833079040711186,0.0,1.0998898798145398,0.20809893537734328,3
245,496661,Dibling,MID,Everton,Man Utd,1,4,54,0.0,a,,,0.0,11.255133072615472,0.024630541871921183,0.9719287081074153,0.12154652163160222,,0.1708076053754446,0.0,1.9972913650124462,0.2990364181660744,3
610,547686,De Fougerolles,DEF,Fulham,Crystal Palace,1,3,40,0.1,d,75.0,Unspecified injury - 75% chance of playing,0.0,0.4323259386340308,0.08398637825633486,0.01623363559394716,7.798024161773352e-05,,0.16805073675428744,0.0,2.76455117509154e-09,0.16797275652594956,3
272,631786,Kusi-Asare,FWD,Fulham,Crystal Palace,1,3,45,6.7,a,,,0.0,12.431605341189218,0.0356020942408377,0.6999086677975869,0.09667764814374567,,0.16788183662542105,0.0,1.0552947896644556,0.21697094785636203,3
134,556637,Oriola,MID,Brighton,Leeds,1,2,45,0.3,a,,,0.0,5.483652783486665,0.06451612903225806,0.5504293898804514,0.03353737395478671,,0.16256963201930283,0.0,1.185356797414614,0.20125542585971043,3
280,193278,Coyle,DEF,Hull City,Aston Villa,1,3,40,0.5,d,75.0,Unspecified injury - 75% chance of playing,2.2,0.4323259386340308,0.07913669064748201,0.017298820814567628,8.309698828799843e-05,,0.15835647828325203,0.0,2.76455117509154e-09,0.15827338130824387,3
51,577285,George Hemmings,MID,Aston Villa,Hull City,0,2,45,1.0,a,,,2.0,14.317431266101334,0.012345679012345678,0.8390633133487434,0.13348034796419866,,0.15817170598889002,0.0,1.776508142258724,0.3073028382520097,3
126,219249,O'Riley,MID,Brighton,Leeds,1,2,55,0.1,a,,,0.0,10.961592624237088,0.008,1.1594757766799906,0.1412189013515217,,0.15721890135152172,0.0,1.9506782262200786,0.2535837784088211,3
375,591386,Nyoni,MID,Liverpool,Ipswich Town,0,2,50,0.0,a,,,0.5,12.278355268942478,0.010899182561307902,0.9829598665188731,0.1341014495136778,,0.1558998146362936,0.0,1.9064738724213286,0.2818912930842335,3
441,596047,Obi,FWD,Man Utd,Everton,0,3,45,1.2,a,,,0.0,4.611500917445045,0.07214428857715431,0.14222352271166258,0.0072873767274122024,,0.15157595388172082,0.0,0.025177499298297202,0.1455786445000094,3
515,172780,Maddison,MID,Spurs,Nott'm Forest,0,3,64,0.6,d,75.0,Shoulder injury - 75% chance of playing,0.4,10.730213326786718,0.008174386920980926,1.1316789978924997,0.1349239673870082,,0.15127274122897005,0.0,2.992420734848062,0.3731189166021794,3
382,500058,Danns,FWD,Liverpool,Ipswich Town,0,2,45,0.0,a,100.0,,0.0,2.8374715654263065,0.07214428857715431,0.0946223034570234,0.002983201061271591,,0.1472717782155802,0.0,0.011391066453106046,0.14464770856720385,3
324,232457,Mehmeti,MID,Ipswich Town,Liverpool,1,4,49,0.0,a,,,0.0,1.1846260411258196,0.07214428857715431,0.08127369007029363,0.001069765885729542,,0.14535834304003817,0.0,0.02157068938780964,0.1445725016029068,3
619,218543,Palacios,MID,Ipswich Town,Liverpool,1,4,50,0.0,a,,,1.5,1.1846260411258196,0.07214428857715431,0.08127369007029363,0.001069765885729542,,0.14535834304003817,0.0,0.02157068938780964,0.1445725016029068,3
320,147675,Akpom,FWD,Ipswich Town,Liverpool,1,4,50,0.9,a,,,3.0,1.1846260411258196,0.07214428857715431,0.08127369007029363,0.001069765885729542,,0.14535834304003817,0.0,0.02157068938780964,0.1445725016029068,3
309,501390,Núñez,MID,Ipswich Town,Liverpool,1,4,50,0.1,a,,,3.0,1.1846260411258196,0.07214428857715431,0.08127369007029363,0.001069765885729542,,0.14535834304003817,0.0,0.02157068938780964,0.1445725016029068,3
621,616288,McAidoo,MID,Man City,Coventry City,1,2,45,0.1,a,,,1.0,1.6262287408452634,0.07214428857715431,0.050964234268840926,0.0009208833613684466,,0.14520946051567707,0.0,3.686068233455386e-09,0.14428857722091296,3
378,491501,McConnell,MID,Liverpool,Ipswich Town,0,2,45,0.2,a,,,0.0,1.6262287408452634,0.07214428857715431,0.0388774186315946,0.0007024841727619141,,0.14499106132707054,0.0,3.686068233455386e-09,0.14428857722091296,3
396,616222,Vitor Reis,DEF,Man City,Coventry City,1,2,45,0.0,a,,,0.5,1.376829683181881,0.07214428857715431,0.029830756835607923,0.0004563541275893976,,0.14474493128189803,0.0,3.686068233455386e-09,0.1442885772106985,3
605,611695,Yalcouyé,MID,Brighton,Leeds,1,2,45,1.7,a,,,4.5,1.330169918834376,0.07214428857715431,0.026816595405367044,0.00039634031704190425,,0.14468491747135054,0.0,3.686068233455386e-09,0.1442885772087875,3
614,512123,Hadjam,DEF,Brighton,Leeds,1,2,45,0.0,a,,,1.8,1.3024813034855989,0.07214428857715431,0.026816595405367044,0.000388090157095871,,0.1446766673114045,0.0,3.686068233455386e-09,0.14428857720765345,3
119,451490,Costinha,DEF,Brighton,Leeds,1,2,45,0.0,a,,,0.5,1.3024813034855989,0.07214428857715431,0.026816595405367044,0.000388090157095871,,0.1446766673114045,0.0,3.686068233455386e-09,0.14428857720765345,3
93,513086,Schuster,DEF,Brentford,Sunderland,1,2,45,0.2,a,,,0.0,1.3024813034855989,0.07214428857715431,0.024722366632113836,0.00035778244795827227,,0.1446463596022669,0.0,3.686068233455386e-09,0.14428857720765345,3
626,616069,Zepa,MID,Fulham,Crystal Palace,1,3,45,0.3,a,,,1.0,0.8792716326075225,0.07214428857715431,0.03411551567480818,0.0003332978351626235,,0.14462187498947124,0.0,3.686068233455386e-09,0.14428857719032034,3
650,442299,Affengruber,DEF,Fulham,Crystal Palace,1,3,45,0.0,a,,,1.8,0.8792716326075225,0.07214428857715431,0.03411551567480818,0.0003332978351626235,,0.14462187498947124,0.0,3.686068233455386e-09,0.14428857719032034,3
649,154043,Maitland-Niles,DEF,Everton,Man Utd,1,4,45,0.0,a,,,1.8,0.7761545189310439,0.07214428857715431,0.036334315483691676,0.00031334492394370547,,0.14460192207825232,0.0,3.686068233455386e-09,0.14428857718609706,3
593,463726,Dedić,DEF,Newcastle,Bournemouth,1,3,45,2.5,a,,,6.0,0.8792716326075225,0.07214428857715431,0.032021286901554966,0.00031283788013471234,,0.14460141503444335,0.0,3.686068233455386e-09,0.14428857719032034,3
573,494928,Sanchez,DEF,Bournemouth,Newcastle,0,3,45,0.2,a,,,0.0,0.8792716326075225,0.07214428857715431,0.0280194785623827,0.0002737414740039746,,0.1445623186283126,0.0,3.686068233455386e-09,0.14428857719032034,3
189,684268,Shepherd,MID,Coventry City,Man City,0,5,45,0.3,a,,,0.0,0.7761545189310439,0.07214428857715431,0.022205814025901376,0.00019150158780828567,,0.1444800787421169,0.0,3.686068233455386e-09,0.14428857718609706,3
641,437497,Bard,DEF,Leeds,Brighton,0,3,45,0.0,a,,,1.8,0.8792716326075225,0.07214428857715431,0.018546281948972145,0.0001811913289785796,,0.14446976848328721,0.0,3.686068233455386e-09,0.14428857719032034,3
604,592740,Cresswell,MID,Leeds,Brighton,0,3,45,0.1,a,,,0.0,0.8792716326075225,0.07214428857715431,0.018546281948972145,0.0001811913289785796,,0.14446976848328721,0.0,3.686068233455386e-09,0.14428857719032034,3
598,173774,Elvedi,DEF,Leeds,Brighton,0,3,45,0.0,a,,,0.5,0.8792716326075225,0.07214428857715431,0.018546281948972145,0.0001811913289785796,,0.14446976848328721,0.0,3.686068233455386e-09,0.14428857719032034,3
75,158499,Christie,MID,Bournemouth,Newcastle,0,3,50,0.0,a,100.0,,0.5,0.0,0.07214428857715431,0.4563624018614508,0.0,,0.14428857715430862,-3.495944001553523e-13,2.3432145233949555,0.14428857715430862,3
608,523700,Jebbison,FWD,Bournemouth,Newcastle,0,3,50,0.1,a,,,0.5,1.2340775763503917,0.06451612903225806,0.07517765295786813,0.0010308339528661862,,0.1300630920173823,0.0,0.02157068938780964,0.1293280347765152,3
566,483067,Silva,DEF,Bournemouth,Newcastle,0,3,50,0.4,a,,,3.0,1.2340775763503917,0.06451612903225806,0.07517765295786813,0.0010308339528661862,,0.1300630920173823,0.0,0.02157068938780964,0.1293280347765152,3
187,439668,Eccles,MID,Coventry City,Man City,0,5,49,0.0,a,,,0.0,1.130960462673914,0.06451612903225806,0.06936398842138679,0.0008716436493106624,,0.1299039017138268,0.0,0.02157068938780964,0.12930332025174093,3
185,501459,Sakamoto,MID,Coventry City,Man City,0,5,49,0.1,a,,,0.5,1.130960462673914,0.06451612903225806,0.06936398842138679,0.0008716436493106624,,0.1299039017138268,0.0,0.02157068938780964,0.12930332025174093,3
510,499716,Rowswell,DEF,Spurs,Nott'm Forest,0,3,40,0.1,a,,,0.0,6.024692813272824,0.04570383912248629,0.5034722509032278,0.033702951685544096,,0.12511062993051666,0.0,0.9715153630257891,0.15644191852947936,3
509,640419,Byfield,DEF,Spurs,Nott'm Forest,0,3,40,0.1,a,,,0.0,5.661244805031383,0.04570383912248629,0.46752235402216025,0.029408427754933304,,0.12081610599990589,0.0,1.072366080897849,0.15886242162913713,3
221,672492,Drakes-Thomas,MID,Crystal Palace,Fulham,0,3,45,0.1,a,,,0.0,6.521478136785331,0.0356020942408377,0.5960432727496822,0.04318981302016697,,0.11439400150184237,0.0,1.18949815405915,0.1573962574310449,3
107,593174,Furo,FWD,Brentford,Sunderland,1,2,45,1.1,a,,,0.0,6.23504895584779,0.037815126050420166,0.5334883465079138,0.03695917730945702,,0.11258942941029734,0.0,1.2463534352170507,0.16197552637714452,3
504,610799,Vuskovic,DEF,Brighton,Leeds,1,2,50,2.4,a,,,3.0,4.061902241101672,0.04570383912248629,0.23504829428895813,0.010608257703771605,,0.10201593594874418,0.0,1.1986389111771332,0.1455049457958844,3
627,482616,Barcola,MID,Liverpool,Ipswich Town,0,2,80,1.0,a,,,2.8,2.7253748120884373,0.04570383912248629,0.14775132034338598,0.004474196965740823,,0.0958818752107134,0.0,0.0381453436828418,0.09256279334354672,3
166,517052,N.Jackson,FWD,Aston Villa,Hull City,0,2,65,0.9,a,,,1.0,3.4804304713965046,0.04570383912248629,0.11122979338920126,0.004301417358210151,,0.09570909560318272,0.0,1.1118944315241015,0.13440624780555677,3
569,551466,Gonzalo,FWD,Fulham,Crystal Palace,1,3,60,4.6,a,,,4.0,2.383070640831352,0.04570383912248629,0.08758273750380939,0.002319065004321857,,0.09372674324929443,0.0,0.053230861479576674,0.0928171549469519,3
591,474120,Enciso,MID,Ipswich Town,Liverpool,1,4,55,0.7,a,100.0,,5.0,2.3248014390427816,0.04570383912248629,0.08758273750380939,0.0022623608242684696,,0.09367003906924104,0.0,0.5440312388649948,0.10546061832272333,3
364,214285,Tsimikas,DEF,Liverpool,Ipswich Town,0,2,50,0.1,a,,,0.5,2.0504125650926004,0.04570383912248629,0.09846699536296197,0.002243310717101467,,0.09365098896207405,0.0,1.1460378490142786,0.11751712719709007,3
570,571779,Palacios,MID,Fulham,Crystal Palace,1,3,55,0.2,a,,,1.5,2.2133997237472265,0.04570383912248629,0.08758273750380939,0.002153951188843973,,0.09356162943381655,0.0,0.053230861479576674,0.09271680240156949,3
81,561245,Rodríguez,FWD,Bournemouth,Newcastle,0,3,60,0.1,a,100.0,,0.5,2.329405062379447,0.04570383912248629,0.08148670039138392,0.0021090614712031886,,0.09351673971617576,0.0,0.0381453436828418,0.09239496665253942,3
315,531442,Fatawu,MID,Ipswich Town,Liverpool,1,4,55,0.2,a,,,3.0,2.1102826100707492,0.04570383912248629,0.08758273750380939,0.0020536036432964463,,0.09346128188826902,0.0,0.053230861479576674,0.09265581337052187,3
562,442967,Maeda,MID,Ipswich Town,Liverpool,1,4,55,0.3,a,,,2.0,2.1102826100707492,0.04570383912248629,0.08758273750380939,0.0020536036432964463,,0.09346128188826902,0.0,0.053230861479576674,0.09265581337052187,3
313,443261,Clarke,MID,Ipswich Town,Liverpool,1,4,55,0.3,a,,,3.5,2.1102826100707492,0.04570383912248629,0.08758273750380939,0.0020536036432964463,,0.09346128188826902,0.0,0.053230861479576674,0.09265581337052187,3
316,543968,Emersonn,FWD,Ipswich Town,Liverpool,1,4,55,1.6,a,100.0,,5.0,2.1102826100707492,0.04570383912248629,0.08758273750380939,0.0020536036432964463,,0.09346128188826902,0.0,0.053230861479576674,0.09265581337052187,3
92,570241,Ji-soo,DEF,Brentford,Sunderland,1,2,45,0.0,a,,,0.0,2.6944897765331532,0.04570383912248629,0.058454578481244336,0.0017500584901029746,,0.09315773673507555,0.0,3.686068233455386e-09,0.09140767835532894,3
186,241293,Mason-Clark,MID,Coventry City,Man City,0,5,55,0.1,a,100.0,,0.5,2.0566170316188437,0.04570383912248629,0.07567303585490258,0.0017292272708166229,,0.0931369055157892,0.0,0.053230861479576674,0.09262407264860192,3
584,196100,Hamer,MID,Coventry City,Man City,0,5,55,0.1,a,,,1.0,2.0566170316188437,0.04570383912248629,0.07567303585490258,0.0017292272708166229,,0.0931369055157892,0.0,0.053230861479576674,0.09262407264860192,3
188,226965,Torp,MID,Coventry City,Man City,0,5,55,0.1,a,,,1.0,2.0566170316188437,0.04570383912248629,0.07567303585490258,0.0017292272708166229,,0.0931369055157892,0.0,0.053230861479576674,0.09262407264860192,3
600,612855,Osman,MID,Brighton,Leeds,1,2,50,0.0,a,,,1.0,1.5442310706919604,0.04570383912248629,0.07397476980085242,0.0012692681997084625,,0.09267694644468104,0.0,0.02157068938780964,0.09177779078684925,3
120,454490,Svoboda,DEF,Brighton,Leeds,1,2,50,0.1,a,,,0.0,1.5442310706919604,0.04570383912248629,0.07397476980085242,0.0012692681997084625,,0.09267694644468104,0.0,0.02157068938780964,0.09177779078684925,3
135,700308,Yohanna,MID,Brighton,Leeds,1,2,50,0.1,a,,,0.5,1.5442310706919604,0.04570383912248629,0.07397476980085242,0.0012692681997084625,,0.09267694644468104,0.0,0.02157068938780964,0.09177779078684925,3
580,463210,Charles,MID,Fulham,Crystal Palace,1,3,50,0.1,a,,,1.0,1.2877431548022977,0.04570383912248629,0.08127369007029363,0.001162884867261601,,0.09257056311223417,0.0,0.02157068938780964,0.091716317218345,3
635,551050,Larsson,MID,Fulham,Crystal Palace,1,3,50,0.0,a,,,1.5,1.2877431548022977,0.04570383912248629,0.08127369007029363,0.001162884867261601,,0.09257056311223417,0.0,0.02157068938780964,0.091716317218345,3
636,500033,Ángel,MID,Fulham,Crystal Palace,1,3,50,0.0,a,,,1.5,1.2877431548022977,0.04570383912248629,0.08127369007029363,0.001162884867261601,,0.09257056311223417,0.0,0.02157068938780964,0.091716317218345,3
334,522047,Muharemović,DEF,Leeds,Brighton,0,3,50,3.2,a,,,5.0,1.2340775763503917,0.04570383912248629,0.06570445634445754,0.0009009377360109809,,0.09230861598098355,0.0,0.02157068938780964,0.09170345495697163,3
648,587982,Bahoya,MID,Leeds,Brighton,0,3,50,0.0,a,,,1.5,1.2340775763503917,0.04570383912248629,0.06570445634445754,0.0009009377360109809,,0.09230861598098355,0.0,0.02157068938780964,0.09170345495697163,3
195,218997,Simms,FWD,Coventry City,Man City,0,5,50,0.9,a,,,1.0,1.130960462673914,0.04570383912248629,0.06936398842138679,0.0008716436493106624,,0.09227932189428324,0.0,0.02157068938780964,0.09167874043219738,3
575,661888,Yirenkyi,MID,Coventry City,Man City,0,5,50,0.2,a,,,2.0,1.130960462673914,0.04570383912248629,0.06936398842138679,0.0008716436493106624,,0.09227932189428324,0.0,0.02157068938780964,0.09167874043219738,3
194,230730,Thomas-Asante,FWD,Coventry City,Man City,0,5,50,0.8,a,,,1.5,1.130960462673914,0.04570383912248629,0.06936398842138679,0.0008716436493106624,,0.09227932189428324,0.0,0.02157068938780964,0.09167874043219738,3
184,168144,Grimes,MID,Coventry City,Man City,0,5,50,0.2,a,,,2.0,1.130960462673914,0.04570383912248629,0.06936398842138679,0.0008716436493106624,,0.09227932189428324,0.0,0.02157068938780964,0.09167874043219738,3
183,480457,Rudoni,MID,Coventry City,Man City,0,5,50,0.1,a,100.0,,2.0,1.130960462673914,0.04570383912248629,0.06936398842138679,0.0008716436493106624,,0.09227932189428324,0.0,0.02157068938780964,0.09167874043219738,3
599,627221,Cherif,FWD,Coventry City,Man City,0,5,50,0.1,a,,,0.0,1.130960462673914,0.04570383912248629,0.06936398842138679,0.0008716436493106624,,0.09227932189428324,0.0,0.02157068938780964,0.09167874043219738,3
561,622758,Anselmino,DEF,Chelsea,Arsenal,0,5,45,0.0,a,100.0,,0.0,1.270690533890386,0.04570383912248629,0.03815998835216038,0.0005387726219161955,,0.09194645086688877,0.0,3.686068233455386e-09,0.09140767829701538,3
290,243413,Slater,MID,Hull City,Aston Villa,1,3,45,4.7,a,,,4.0,0.8792716326075225,0.04570383912248629,0.037253591173939594,0.0003639558436889229,,0.0917716340886615,0.0,3.686068233455386e-09,0.0914076782809843,3
288,171270,Dowell,MID,Hull City,Aston Villa,1,3,45,0.4,a,,,0.0,0.8792716326075225,0.04570383912248629,0.037253591173939594,0.0003639558436889229,,0.0917716340886615,0.0,3.686068233455386e-09,0.0914076782809843,3
630,245719,Harwood-Bellis,DEF,Aston Villa,Hull City,0,2,45,0.0,a,,,1.8,1.3491410678331037,0.04570383912248629,0.02059664422405101,0.0003087530953579412,,0.09171643134033051,0.0,3.686068233455386e-09,0.09140767830022842,3
596,487992,Ruggeri,DEF,Aston Villa,Hull City,0,2,45,0.1,a,,,0.5,1.3491410678331037,0.04570383912248629,0.02059664422405101,0.0003087530953579412,,0.09171643134033051,0.0,3.686068233455386e-09,0.09140767830022842,3
607,571380,Lynch,MID,Aston Villa,Hull City,0,2,45,0.1,a,,,0.0,1.3491410678331037,0.04570383912248629,0.02059664422405101,0.0003087530953579412,,0.09171643134033051,0.0,3.686068233455386e-09,0.09140767830022842,3
613,696104,Ahoka,MID,Sunderland,Brentford,0,3,45,0.2,a,,,1.0,0.8792716326075225,0.04570383912248629,0.024881403063251286,0.00024308346547767523,,0.09165076171045025,0.0,3.686068233455386e-09,0.0914076782809843,3
541,93605,Meunier,DEF,Sunderland,Brentford,0,3,45,0.3,a,100.0,,3.5,0.8792716326075225,0.04570383912248629,0.024881403063251286,0.00024308346547767523,,0.09165076171045025,0.0,3.686068233455386e-09,0.0914076782809843,3
612,638411,Methalie,DEF,Sunderland,Brentford,0,3,45,0.0,a,100.0,,1.8,0.8792716326075225,0.04570383912248629,0.024881403063251286,0.00024308346547767523,,0.09165076171045025,0.0,3.686068233455386e-09,0.0914076782809843,3
651,661313,J.Angulo,FWD,Sunderland,Brentford,0,3,45,0.1,a,,,1.0,0.8792716326075225,0.04570383912248629,0.024881403063251286,0.00024308346547767523,,0.09165076171045025,0.0,3.686068233455386e-09,0.0914076782809843,3
207,242313,Mingueza,DEF,Crystal Palace,Fulham,0,3,44,0.1,a,,,0.5,0.8792716326075225,0.04570383912248629,0.018546281948972145,0.0001811913289785796,,0.09158886957395115,0.0,3.686068233455386e-09,0.0914076782809843,3
577,223723,Tomiyasu,DEF,Crystal Palace,Fulham,0,3,45,0.3,a,,,1.0,0.8792716326075225,0.04570383912248629,0.018546281948972145,0.0001811913289785796,,0.09158886957395115,0.0,3.686068233455386e-09,0.0914076782809843,3
633,605972,Ahanor,DEF,Crystal Palace,Fulham,0,3,45,0.0,a,,,1.8,0.8792716326075225,0.04570383912248629,0.018546281948972145,0.0001811913289785796,,0.09158886957395115,0.0,3.686068233455386e-09,0.0914076782809843,3
643,172850,Chilwell,DEF,Crystal Palace,Fulham,0,3,45,0.0,a,,,1.8,0.8792716326075225,0.04570383912248629,0.018546281948972145,0.0001811913289785796,,0.09158886957395115,0.0,3.686068233455386e-09,0.0914076782809843,3
462,636852,Steur,MID,Newcastle,Bournemouth,1,3,50,0.1,a,,,1.0,1.2877431548022977,0.0425531914893617,0.07917946129704041,0.0011329201031799695,,0.08623930308190338,0.0,0.02157068938780964,0.08541502195209583,3
559,632794,Bamba,MID,Newcastle,Bournemouth,1,3,50,0.1,a,,,0.5,1.2877431548022977,0.0425531914893617,0.07917946129704041,0.0011329201031799695,,0.08623930308190338,0.0,0.02157068938780964,0.08541502195209583,3
628,624777,Allan,MID,Man City,Coventry City,1,2,60,0.0,a,,,2.2,2.6862183210685187,0.037815126050420166,0.08329797866460908,0.002486183959964972,,0.0781164360608053,0.0,0.0381453436828418,0.07676877122377705,3
594,538007,David,FWD,Brighton,Leeds,1,2,60,0.3,a,,,0.5,2.6395585567210134,0.037815126050420166,0.08028381723436818,0.002354598186080028,,0.07798485028692036,0.0,0.053230861479576674,0.07719142961084086,3
616,637238,Bouaddi,MID,Man City,Coventry City,1,2,55,0.1,a,,,2.0,2.516547403984393,0.037815126050420166,0.08329797866460908,0.0023291479107285483,,0.07795940001156888,0.0,0.0381453436828418,0.07669685838549753,3
634,613221,Fernandez-Pardo,FWD,Newcastle,Bournemouth,1,3,60,0.0,a,,,2.1,2.383070640831352,0.037815126050420166,0.08548850873055618,0.0022636128364915903,,0.07789386493733193,0.0,0.0381453436828418,0.07664028597434035,3
652,471551,Azeez,MID,Brighton,Leeds,1,2,55,0.0,a,,,2.0,2.469887639636888,0.037815126050420166,0.08028381723436818,0.0022032445316670325,,0.07783349663250737,0.0,0.053230861479576674,0.07709107706545844,3
639,592984,Andrés,MID,Brighton,Leeds,1,2,55,0.0,a,,,2.0,2.469887639636888,0.037815126050420166,0.08028381723436818,0.0022032445316670325,,0.07783349663250737,0.0,0.053230861479576674,0.07709107706545844,3
565,513545,M.Sangaré,MID,Brentford,Sunderland,1,2,57,13.8,a,,,9.0,2.469887639636888,0.037815126050420166,0.07818958846111497,0.0021457722009822545,,0.07777602430182258,0.0,0.0381453436828418,0.07667708224386202,3
247,244860,Hackney,MID,Everton,Man Utd,1,4,55,0.2,a,100.0,,2.0,2.1102826100707492,0.037815126050420166,0.08980153731269289,0.002105629139428837,,0.07773588124026917,0.0,0.0381453436828418,0.07652466827227447,3
461,611665,Touré,MID,Newcastle,Bournemouth,1,3,59,0.2,a,,,0.5,2.2133997237472265,0.037815126050420166,0.08548850873055618,0.002102447128975282,,0.07773269922981561,0.0,0.0381453436828418,0.07656837313606084,3
579,445087,Araujo,DEF,Liverpool,Ipswich Town,0,2,54,2.2,a,,,0.5,2.0076107269440584,0.037815126050420166,0.06775481861953639,0.001511392229585892,,0.07714164433042622,0.0,0.0381453436828418,0.07648115211373634,3
100,244858,Carvalho,MID,Brentford,Sunderland,1,2,50,0.0,a,100.0,,0.0,6.831028192200694,0.0012674271229404308,0.9808575295687357,0.07444739374462622,,0.07698224799050708,0.0,1.8022900851626087,0.13932923627109833,3
381,514514,Koumas,MID,Liverpool,Ipswich Town,0,2,50,0.0,a,,,0.5,1.5372252565875597,0.037815126050420166,0.06775481861953639,0.001157271315971782,,0.07678752341681211,0.0,0.02157068938780964,0.07599868552893974,3
362,606702,Jacquet,DEF,Liverpool,Ipswich Town,0,2,50,2.6,a,100.0,,2.0,1.5372252565875597,0.037815126050420166,0.06775481861953639,0.001157271315971782,,0.07678752341681211,0.0,0.02157068938780964,0.07599868552893974,3
558,204561,Schlager,MID,Nott'm Forest,Spurs,1,3,50,0.1,a,,,2.5,1.2877431548022977,0.037815126050420166,0.07730950846402544,0.0011061643369519895,,0.07673641643779232,0.0,0.02157068938780964,0.07593889107421276,3
217,536694,M.França,MID,Crystal Palace,Fulham,0,3,49,0.0,a,,,0.0,1.3381496305785971,0.037815126050420166,0.06570445634445754,0.000976915488718927,,0.07660716758955925,0.0,0.3257640090115763,0.08047381863766971,3
218,438464,Doucouré,MID,Crystal Palace,Fulham,0,3,49,0.1,a,,,0.0,1.2340775763503917,0.037815126050420166,0.06570445634445754,0.0009009377360109809,,0.07653118983685131,0.0,0.02157068938780964,0.07592602881283939,3
595,559152,Gozo,MID,Crystal Palace,Fulham,0,3,50,0.0,a,,,0.5,1.2340775763503917,0.037815126050420166,0.06570445634445754,0.0009009377360109809,,0.07653118983685131,0.0,0.02157068938780964,0.07592602881283939,3
588,570794,Khalaili,DEF,Crystal Palace,Fulham,0,3,50,0.1,a,,,1.5,1.2340775763503917,0.037815126050420166,0.06570445634445754,0.0009009377360109809,,0.07653118983685131,0.0,0.02157068938780964,0.07592602881283939,3
644,450063,Timber,MID,Crystal Palace,Fulham,0,3,50,0.0,a,,,1.5,1.2340775763503917,0.037815126050420166,0.06570445634445754,0.0009009377360109809,,0.07653118983685131,0.0,0.02157068938780964,0.07592602881283939,3
103,183656,Dasilva,MID,Brentford,Sunderland,1,2,50,0.0,a,,,0.0,6.1950549089686024,0.0031545741324921135,1.0053597443113609,0.06920287576972795,,0.07551202403471217,0.0,2.181178889016403,0.15644829252875925,3
429,176297,Rashford,MID,Man Utd,Everton,0,3,70,1.6,a,,,1.5,2.5878414418459035,0.0356020942408377,0.09479477107936875,0.0027257093007720663,,0.07392989778244746,0.0,0.9530346791323145,0.09860755112806335,3
557,439509,Tzolis,MID,Arsenal,Chelsea,1,4,65,21.1,a,,,3.0,2.2799535271548748,0.0356020942408377,0.09072081300294083,0.0022982137510268084,,0.0735024022327022,0.0,0.0381453436828418,0.07217051749138906,3
642,243951,Thomas,MID,Hull City,Aston Villa,1,3,55,0.0,a,,,2.0,2.2133997237472265,0.0356020942408377,0.09072081300294083,0.0022311269159870336,,0.07343531539766243,0.0,0.0381453436828418,0.0721423095168959,3
295,169432,McBurnie,FWD,Hull City,Aston Villa,1,3,55,2.1,a,,,3.0,2.2133997237472265,0.0356020942408377,0.09072081300294083,0.0022311269159870336,,0.07343531539766243,0.0,0.0381453436828418,0.0721423095168959,3
377,551499,Munoz,MID,Liverpool,Ipswich Town,0,2,65,1.2,a,,,5.0,2.6325527426166127,0.0356020942408377,0.07522654201799663,0.0022004204389671207,,0.07340460892064252,0.0,0.0381453436828418,0.07231996213867893,3
618,119090,Goretzka,MID,Aston Villa,Hull City,0,2,60,0.0,a,,,2.2,2.6325527426166127,0.0356020942408377,0.07406386605305218,0.0021664114856305774,,0.07337059996730597,0.0,0.0381453436828418,0.07231996213867893,3
631,638987,Mbaye,MID,Aston Villa,Hull City,0,2,60,0.0,a,,,2.2,2.6325527426166127,0.0356020942408377,0.07406386605305218,0.0021664114856305774,,0.07337059996730597,0.0,0.0381453436828418,0.07231996213867893,3
581,568420,Diomande,DEF,Nott'm Forest,Spurs,1,3,55,0.6,a,,,0.0,2.2133997237472265,0.0356020942408377,0.0836185558975412,0.002056458761375108,,0.07326064724305051,0.0,0.0381453436828418,0.0721423095168959,3
646,549940,Fofana,MID,Sunderland,Brentford,0,3,55,0.0,a,,,2.0,2.159734145295322,0.0356020942408377,0.07834862489225249,0.001880135560185919,,0.07308432404186131,0.0,0.053230861479576674,0.07248157191635236,3
647,533646,Osorio,MID,Crystal Palace,Fulham,0,3,55,0.0,a,,,2.0,2.159734145295322,0.0356020942408377,0.07201350377797333,0.0017281113670182518,,0.07293229984869365,0.0,0.0381453436828418,0.07211956405096272,3
568,543158,Barco,MID,Chelsea,Arsenal,0,5,55,0.1,a,,,0.5,2.0566170316188437,0.0356020942408377,0.0693503313096959,0.0015847452502214458,,0.07278893373189683,0.0,0.0381453436828418,0.07207585918717636,3
578,465920,Mudryk,MID,Spurs,Nott'm Forest,0,3,54,0.1,a,,,0.0,1.9189818756789234,0.0356020942408377,0.07318498650356166,0.0015604518074682383,,0.07276464028914363,0.0,0.5440312388649948,0.08280403389484291,3
219,450542,J.Rak-Sakyi,MID,Crystal Palace,Fulham,0,3,50,0.0,a,,,0.0,1.6982324702929776,0.0356020942408377,0.0802119734944017,0.0015135397543830295,,0.07271772823605843,0.0,0.9577933337284067,0.0892770300279836,3
340,462635,Gelhardt,MID,Hull City,Aston Villa,1,3,50,0.0,a,100.0,,0.0,1.5022619837743305,0.0356020942408377,0.08441176556942506,0.0014089842933135356,,0.07261317277498894,0.0,0.512371066773228,0.07975658376166783,3
632,626751,Ansah,FWD,Hull City,Aston Villa,1,3,50,0.0,a,,,1.4,1.2877431548022977,0.0356020942408377,0.08441176556942506,0.001207785258853371,,0.07241197374052877,0.0,0.02157068938780964,0.07151282745504782,3
617,490884,Cho,MID,Hull City,Aston Villa,1,3,50,0.0,a,,,1.5,1.2877431548022977,0.0356020942408377,0.08441176556942506,0.001207785258853371,,0.07241197374052877,0.0,0.02157068938780964,0.07151282745504782,3
292,208481,Ömür,MID,Hull City,Aston Villa,1,3,50,0.0,a,,,0.0,1.2877431548022977,0.0356020942408377,0.08441176556942506,0.001207785258853371,,0.07241197374052877,0.0,0.02157068938780964,0.07151282745504782,3
296,213292,Akintola,MID,Hull City,Aston Villa,1,3,50,0.0,a,,,0.0,1.2877431548022977,0.0356020942408377,0.08441176556942506,0.001207785258853371,,0.07241197374052877,0.0,0.02157068938780964,0.07151282745504782,3
286,540324,Belloumi,MID,Hull City,Aston Villa,1,3,50,0.8,a,,,4.5,1.2877431548022977,0.0356020942408377,0.08441176556942506,0.001207785258853371,,0.07241197374052877,0.0,0.02157068938780964,0.07151282745504782,3
589,469266,Gourna-Douath,MID,Hull City,Aston Villa,1,3,50,0.0,a,,,0.5,1.2877431548022977,0.0356020942408377,0.08441176556942506,0.001207785258853371,,0.07241197374052877,0.0,0.02157068938780964,0.07151282745504782,3
563,445028,Morita,MID,Hull City,Aston Villa,1,3,50,0.0,a,100.0,,0.5,1.2877431548022977,0.0356020942408377,0.08441176556942506,0.001207785258853371,,0.07241197374052877,0.0,0.02157068938780964,0.07151282745504782,3
645,647839,Mouzakitis,MID,Hull City,Aston Villa,1,3,50,0.0,a,,,1.5,1.2877431548022977,0.0356020942408377,0.08441176556942506,0.001207785258853371,,0.07241197374052877,0.0,0.02157068938780964,0.07151282745504782,3
576,608227,Stroud,MID,Hull City,Aston Villa,1,3,50,0.1,a,,,1.5,1.2877431548022977,0.0356020942408377,0.08441176556942506,0.001207785258853371,,0.07241197374052877,0.0,0.02157068938780964,0.07151282745504782,3
574,552946,Hjertø-Dahl,MID,Hull City,Aston Villa,1,3,50,0.1,a,,,0.0,1.2877431548022977,0.0356020942408377,0.08441176556942506,0.001207785258853371,,0.07241197374052877,0.0,0.02157068938780964,0.07151282745504782,3
637,631000,Vaz,FWD,Hull City,Aston Villa,1,3,50,0.0,a,,,1.4,1.2877431548022977,0.0356020942408377,0.08441176556942506,0.001207785258853371,,0.07241197374052877,0.0,0.02157068938780964,0.07151282745504782,3
164,593117,Quenda,MID,Chelsea,Arsenal,0,5,54,0.0,a,100.0,,0.5,1.6013459330304125,0.0356020942408377,0.06304128387618009,0.0011216767060904078,,0.0723258651877658,0.0,0.0381453436828418,0.07188289838134836,3
523,499721,Moore,MID,Spurs,Nott'm Forest,0,3,50,0.2,a,,,1.5,1.2340775763503917,0.0356020942408377,0.06779868511771076,0.0009296537445534207,,0.07213384222622882,0.0,0.02157068938780964,0.07149996519367445,3
583,498444,Chavarria,DEF,Chelsea,Arsenal,0,5,50,0.2,a,,,1.0,1.130960462673914,0.0356020942408377,0.06304128387618009,0.0007921911064462465,,0.07199637958812165,0.0,0.02157068938780964,0.0714752506689002,3
170,503037,Emegha,FWD,Chelsea,Arsenal,0,5,50,0.1,a,100.0,,0.0,1.130960462673914,0.0356020942408377,0.06304128387618009,0.0007921911064462465,,0.07199637958812165,0.0,0.02157068938780964,0.0714752506689002,3
601,611917,Williams-Barnett,MID,Spurs,Nott'm Forest,0,3,45,0.1,a,,,0.0,1.0937904615795568,0.0356020942408377,0.02064051072222536,0.00025084881944556297,,0.07145503730112096,0.0,3.686068233455386e-09,0.07120418852647302,3
289,101282,Crooks,MID,Hull City,Aston Villa,1,3,45,0.6,d,75.0,Thigh injury - 75% chance of playing,0.8,0.6594537244556419,0.034277879341864714,0.027940193380454698,0.00020472516207501913,,0.06876048384580445,0.0,2.76455117509154e-09,0.06855575870398603,3
152,620109,Palestra,DEF,Chelsea,Arsenal,0,5,54,1.4,d,75.0,Unspecified injury - 75% chance of playing,0.0,1.2010094497728094,0.026701570680628273,0.04728096290713507,0.0006309431471758545,,0.0540340845084324,0.0,0.02860900776213135,0.05378491567982258,3
344,486520,Gruev,MID,Leeds,Brighton,0,3,50,0.0,d,25.0,Knee injury - 25% chance of playing,0.0,5.930810466092883,0.010638297872340425,0.3039024811818382,0.02002653351183157,,0.041303129256512416,0.0,0.5828706583474307,0.05968654464362963,3
3,437495,Meslier,GK,Arsenal,Chelsea,1,4,50,0.0,a,,,0.0,3.7955540237598604,0.0,0.2767651516961412,0.0116719676128533,,0.0116719676128533,0.0,1.0522798849312227,0.04437761279302517,3
228,138001,King,GK,Everton,Man Utd,1,4,45,0.0,a,,,0.0,4.734849528063471,0.0,0.19282450884176644,0.01014438927431676,,0.01014438927431676,0.0,0.025177499298297202,0.0013245741185595652,3
386,122074,Bettinelli,GK,Man City,Coventry City,1,2,45,0.0,a,,,0.0,3.4984614854526193,0.0,0.15486686540352093,0.006019952933188808,,0.006019952933188808,0.0,0.09570138984573869,0.003720084738662258,3
227,229600,Travers,GK,Everton,Man Utd,1,4,50,0.0,a,,,0.0,2.654305245173322,0.0,0.16148358013138425,0.004762519041689996,,0.004762519041689996,0.0,0.9384961930872283,0.027678392976518053,3
443,81441,Gillespie,GK,Newcastle,Bournemouth,1,3,45,0.0,a,,,0.0,2.3489508366550247,0.0,0.09959804933617385,0.0025994546813045997,,0.0025994546813045997,0.0,1.0149808512098733e-05,2.6490445773758456e-07,3
587,106921,Rulli,GK,Man City,Coventry City,1,2,50,0.0,a,,,0.0,1.5908908350394653,0.0,0.07698893123109332,0.0013608998343892223,,0.0013608998343892223,0.0,0.02157068938780964,0.00038129568947277117,3
597,433969,Suzuki,GK,Aston Villa,Hull City,0,2,50,1.2,a,,,1.0,1.5372252565875597,0.0,0.06775481861953639,0.001157271315971782,,0.001157271315971782,0.0,0.02157068938780964,0.0003684334280994025,3
567,470551,Horníček,GK,Newcastle,Bournemouth,1,3,50,1.1,a,,,4.0,1.2877431548022977,0.0,0.07917946129704041,0.0011329201031799695,,0.0011329201031799695,0.0,0.02157068938780964,0.00030863897337242695,3
251,86873,Lecomte,GK,Fulham,Crystal Palace,1,3,40,1.2,a,,,0.0,1.5456588799623094,0.0,0.05941742947164505,0.0010204341943042489,,0.0010204341943042489,0.0,0.008027769876046755,0.00013786881994672884,3
495,214572,Austin,GK,Spurs,Nott'm Forest,0,3,40,1.0,a,,,0.0,1.5456588799623094,0.0,0.04337032917792325,0.0007448414935638391,,0.0007448414935638391,0.0,0.008027769876046755,0.00013786881994672884,3
111,49262,Steele,GK,Brighton,Leeds,1,2,40,4.2,a,,,0.0,1.9633439733018438,0.0,0.03351323500695666,0.0007310889775195193,,0.0007310889775195193,0.0,3.686068233455386e-09,8.041133168148896e-11,3
572,473284,Tzolakis,GK,Hull City,Aston Villa,1,3,46,7.4,a,,,10.0,0.8792716326075225,0.0,0.06758392016951967,0.0006602735980607782,,0.0006602735980607782,0.0,0.0,0.0,3
590,428971,Benda,GK,Nott'm Forest,Spurs,1,3,45,0.1,a,,,0.0,0.9833436868357278,0.0,0.03015133406854003,0.0003294347111774871,,0.0003294347111774871,0.0,3.686068233455386e-09,4.02741325179342e-11,3
444,554578,Jaouen,GK,Newcastle,Bournemouth,1,3,45,0.0,a,,,0.0,0.8792716326075225,0.0,0.032021286901554966,0.00031283788013471234,,0.00031283788013471234,0.0,3.686068233455386e-09,3.601172481703382e-11,3
300,108813,Walton,GK,Ipswich Town,Liverpool,1,4,45,0.4,a,,,0.0,0.7761545189310439,0.0,0.03411551567480818,0.0002942101295185026,,0.0002942101295185026,0.0,3.686068233455386e-09,3.1788427960939644e-11,3
564,240514,Scherpen,GK,Ipswich Town,Liverpool,1,4,45,0.6,a,,,2.0,0.7761545189310439,0.0,0.03411551567480818,0.0002942101295185026,,0.0002942101295185026,0.0,3.686068233455386e-09,3.1788427960939644e-11,3
625,97846,Cairns,GK,Leeds,Brighton,0,3,40,0.2,a,,,1.0,1.0508861853771114,0.0,0.02345789725799388,0.00027390644629357103,,0.00027390644629357103,0.0,3.686068233455386e-09,4.304042427661865e-11,3
555,169593,Matthews,GK,Crystal Palace,Fulham,0,3,40,1.8,a,,,0.0,1.0508861853771114,0.0,0.02345789725799388,0.00027390644629357103,,0.00027390644629357103,0.0,3.686068233455386e-09,4.304042427661865e-11,3
615,230650,Di Gregorio,GK,Bournemouth,Newcastle,0,3,45,0.0,a,,,2.0,0.8792716326075225,0.0,0.0280194785623827,0.0002737414740039746,,0.0002737414740039746,0.0,3.686068233455386e-09,3.601172481703382e-11,3
58,40383,Forster,GK,Bournemouth,Newcastle,0,3,40,3.4,a,,,0.0,0.7127583340220095,0.0,0.0250361085464462,0.0001982743890884354,,0.0001982743890884354,0.0,3.686068233455386e-09,2.919195392410125e-11,3
172,110690,Wilson,GK,Coventry City,Man City,0,5,45,0.4,a,,,0.0,0.7761545189310439,0.0,0.022205814025901376,0.00019150158780828567,,0.00019150158780828567,0.0,3.686068233455386e-09,3.1788427960939644e-11,3
110,472739,Rushworth,GK,Coventry City,Man City,0,5,45,1.0,a,,,1.5,0.7761545189310439,0.0,0.022205814025901376,0.00019150158780828567,,0.00019150158780828567,0.0,3.686068233455386e-09,3.1788427960939644e-11,3
273,167825,Phillips,GK,Hull City,Aston Villa,1,3,40,1.5,a,,,0.0,0.5764345848453744,0.0,0.023065094419423504,0.00014772797917866388,,0.00014772797917866388,0.0,3.686068233455386e-09,2.360863568737309e-11,3
560,549939,Penders,GK,Chelsea,Arsenal,0,5,45,0.1,a,,,0.0,0.7761545189310439,0.0,0.01588310948069469,0.00013697496886797431,,0.00013697496886797431,0.0,3.686068233455386e-09,3.1788427960939644e-11,3
302,50093,Button,GK,Ipswich Town,Liverpool,1,4,40,0.5,a,,,0.0,0.473317471168896,0.0,0.02164484745859621,0.00011383204958821405,,0.00011383204958821405,0.0,3.686068233455386e-09,1.9385338831278925e-11,3
301,112520,Palmer,GK,Ipswich Town,Liverpool,1,4,40,4.3,a,,,0.0,0.473317471168896,0.0,0.02164484745859621,0.00011383204958821405,,0.00011383204958821405,0.0,3.686068233455386e-09,1.9385338831278925e-11,3
355,464353,Davies,GK,Liverpool,Ipswich Town,0,2,40,0.2,a,,,0.0,0.9479421952570452,0.0,0.005305837493607022,5.588474712629977e-05,,5.588474712629977e-05,0.0,3.686068233455386e-09,3.882421792321063e-11,3
629,155465,Zetterer,GK,Leeds,Brighton,0,3,40,0.2,a,,,1.0,0.5764345848453744,0.0,0.007957983134847526,5.0969518939359155e-05,,5.0969518939359155e-05,0.0,3.686068233455386e-09,2.360863568737309e-11,3
349,565297,Mateo Joseph,FWD,Leeds,Brighton,0,3,45,0.1,i,0.0,Knee injury - Unknown return date,0.0,0.0,0.0,0.0,0.0,,0.0,0.0,0.0,0.0,3
342,221399,Harrison,MID,Leeds,Brighton,0,3,50,0.0,u,0.0,Has joined New England Revolution permanently,0.0,0.0,0.0,0.0,0.0,,0.0,0.0,0.0,0.0,3
341,492859,Gnonto,MID,Leeds,Brighton,0,3,50,0.0,u,0.0,Has joined ACF Fiorentina on loan for the rest of the season,0.0,0.0,0.0,0.0,0.0,,0.0,0.0,0.0,0.0,3
333,437738,Bornauw,DEF,Leeds,Brighton,0,3,45,0.0,u,0.0,Has joined Hamburg SV on loan for the rest of the season,0.0,0.0,0.0,0.0,0.0,,0.0,0.0,0.0,0.0,3
287,232905,Millar,MID,Hull City,Aston Villa,1,3,50,0.1,u,0.0,Has joined Birmingham on loan for the rest of the season,0.0,0.0,0.0,0.0,0.0,,0.0,0.0,0.0,0.0,3
329,214225,Rodon,DEF,Leeds,Brighton,0,3,45,2.8,i,0.0,Hamstring injury - Expected back 21 Nov,0.0,0.0,0.0,0.0,0.0,,0.0,0.0,0.0,0.0,3
354,432987,Jaros,GK,Liverpool,Ipswich Town,0,2,40,0.0,i,0.0,Knee injury - Unknown return date,0.0,0.0,0.0,0.0,0.0,,0.0,0.0,0.0,0.0,3
353,586268,Pecsi,GK,Liverpool,Ipswich Town,0,2,40,0.0,u,0.0,Has joined TSV Hartberg on loan for the rest of the season,0.0,0.0,0.0,0.0,0.0,,0.0,0.0,0.0,0.0,3
348,235826,Piroe,FWD,Leeds,Brighton,0,3,50,0.1,u,0.0,Has joined West Ham United on loan for the rest of the season,0.0,0.0,0.0,0.0,0.0,,0.0,0.0,0.0,0.0,3
48,449871,Onana,MID,Aston Villa,Hull City,0,2,50,0.0,i,0.0,Knee injury - Unknown return date,0.0,0.0,0.0,0.0,0.0,,0.0,0.0,0.0,0.0,3
216,606921,Esse,MID,Crystal Palace,Fulham,0,3,50,0.0,u,0.0,Has joined Millwall on loan for the rest of the season,0.0,0.0,0.0,0.0,0.0,,0.0,0.0,0.0,0.0,3
528,490145,Scarlett,FWD,Spurs,Nott'm Forest,0,3,45,1.8,u,0.0,Has joined Leyton Orient permanently,0.0,0.0,0.0,0.0,0.0,,0.0,0.0,0.0,0.0,3
30,101188,Digne,DEF,Aston Villa,Hull City,0,2,45,0.1,u,0.0,Has joined Paris Saint-Germain permanently,0.0,0.0,0.0,0.0,0.0,,0.0,0.0,0.0,0.0,3
49,469247,Iling Jr,MID,Aston Villa,Hull City,0,2,50,0.0,u,0.0,Has joined Bolton Wanderers on loan for the rest of the season,0.0,0.0,0.0,0.0,0.0,,0.0,0.0,0.0,0.0,3
53,614071,Manzambi,MID,Aston Villa,Hull City,0,2,59,0.1,i,0.0,Knee injury - Unknown return date,0.0,0.0,0.0,0.0,0.0,,0.0,0.0,0.0,0.0,3
54,448089,Gomes,MID,Aston Villa,Hull City,0,2,55,0.0,s,0.0,Suspended until 19 Sep,0.0,0.0,0.0,0.0,0.0,,0.0,0.0,0.0,0.0,3
208,232185,Sarr,MID,Crystal Palace,Fulham,0,3,63,1.3,i,0.0,Groin injury - Unknown return date,0.0,0.0,0.0,0.0,0.0,,0.0,-0.0,0.0,0.0,3
215,489706,Devenny,MID,Crystal Palace,Fulham,0,3,50,0.0,u,0.0,Has joined Stoke City permanently,0.0,0.0,0.0,0.0,0.0,,0.0,0.0,0.0,0.0,3
543,547027,Diarra,MID,Sunderland,Brentford,0,3,55,0.1,i,0.0,Hamstring injury - Unknown return date,0.0,0.0,0.0,0.0,0.0,,0.0,0.0,0.0,0.0,3
546,535818,Adingra,MID,Sunderland,Brentford,0,3,49,0.0,i,0.0,Ankle injury - Unknown return date,0.0,0.0,0.0,0.0,0.0,,0.0,-0.0,0.0,0.0,3
122,592031,Minteh,MID,Brighton,Leeds,1,2,59,0.0,i,0.0,Leg injury - Expected back 28 Nov,0.0,0.0,0.0,0.0,0.0,,0.0,0.0,0.0,0.0,3
275,494950,Cartwright,GK,Hull City,Aston Villa,1,3,40,0.0,u,0.0,Has joined Grimsby Town on loan for the rest of the season,0.0,0.0,0.0,0.0,0.0,,0.0,0.0,0.0,0.0,3
278,501902,Hughes,DEF,Hull City,Aston Villa,1,3,40,0.1,i,0.0,Groin injury - Unknown return date,0.0,0.0,0.0,0.0,0.0,,0.0,0.0,0.0,0.0,3
276,444307,Lo-Tutala,GK,Hull City,Aston Villa,1,3,40,0.0,u,0.0,Has joined Colchester United on loan for the rest of the season,0.0,0.0,0.0,0.0,0.0,,0.0,0.0,0.0,0.0,3
168,499309,Marc Guiu,FWD,Chelsea,Arsenal,0,5,50,0.4,u,0.0,Has joined RB Leipzig permanently,0.0,0.0,0.0,0.0,0.0,,0.0,0.0,0.0,0.0,3
131,535301,Baleba,MID,Man Utd,Everton,0,3,50,0.1,i,0.0,Ankle injury - Expected back 19 Sep,0.0,0.0,0.0,0.0,0.0,,0.0,0.0,0.0,0.0,3
171,484389,Dovin,GK,Coventry City,Man City,0,5,40,1.4,u,0.0,Has joined Leyton Orient on loan for the rest of the season,0.0,0.0,0.0,0.0,0.0,,0.0,0.0,0.0,0.0,3
132,597320,Howell,MID,Brighton,Leeds,1,2,45,0.0,u,0.0,Has joined Leicester City on loan for the rest of the season,0.0,0.0,0.0,0.0,0.0,,0.0,0.0,0.0,0.0,3
408,155405,Phillips,MID,Man City,Coventry City,1,2,50,0.0,u,0.0,Has joined Sheffield United on loan for the rest of the season,0.0,0.0,0.0,0.0,0.0,,0.0,0.0,0.0,0.0,3
407,575204,Echeverri,MID,Man City,Coventry City,1,2,49,0.0,u,0.0,Has joined Benfica on loan for the rest of the season,0.0,0.0,0.0,0.0,0.0,,0.0,0.0,0.0,0.0,3
402,220566,Rodrigo,MID,Man City,Coventry City,1,2,65,0.0,u,0.0,Has joined Barcelona permanently,0.0,0.0,0.0,0.0,0.0,,0.0,0.0,0.0,0.0,3
404,433036,Reijnders,MID,Man City,Coventry City,1,2,60,0.0,u,0.0,Has joined Al Qadsiah permanently,0.0,0.0,0.0,0.0,0.0,,0.0,0.0,0.0,0.0,3
400,248875,Doku,MID,Man City,Coventry City,1,2,74,0.9,i,0.0,Calf injury - Expected back 5 Sep,0.0,0.0,0.0,0.0,0.0,,0.0,0.0,0.0,0.0,3
394,494307,Alleyne,DEF,Man City,Coventry City,1,2,50,0.0,u,0.0,Has joined Burnley on loan for the rest of the season,0.0,0.0,0.0,0.0,0.0,,0.0,0.0,0.0,0.0,3
414,21205,Heaton,GK,Man Utd,Everton,0,3,40,0.1,i,0.0,Hamstring injury - Unknown return date,0.0,0.0,0.0,0.0,0.0,,0.0,0.0,0.0,0.0,3
413,451302,Bayindir,GK,Man Utd,Everton,0,3,45,0.0,u,0.0,Has joined Celta Vigo on loan for the rest of the season,0.0,0.0,0.0,0.0,0.0,,0.0,0.0,0.0,0.0,3
137,608181,Tzimas,FWD,Brighton,Leeds,1,2,55,0.0,i,0.0,Knee injury - Unknown return date,0.0,0.0,0.0,0.0,0.0,,0.0,0.0,0.0,0.0,3
409,590039,Mukasa,MID,Man City,Coventry City,1,2,45,0.2,u,0.0,has joined West Ham on loan for the rest of the seaon.,0.0,0.0,0.0,0.0,0.0,,0.0,0.0,0.0,0.0,3
410,649208,Monga,MID,Man City,Coventry City,1,2,49,0.0,u,0.0,Has joined Swansea City on loan for the rest of the season,0.0,0.0,0.0,0.0,0.0,,0.0,0.0,0.0,0.0,3
128,536916,Buonanotte,MID,Brighton,Leeds,1,2,50,0.0,u,0.0,Has joined Elche on loan for the rest of the season,0.0,0.0,0.0,0.0,0.0,,0.0,0.0,0.0,0.0,3
139,487117,Ferguson,FWD,Brighton,Leeds,1,2,50,0.0,i,0.0,Ankle injury - Expected back 10 Oct,0.0,0.0,0.0,0.0,0.0,,0.0,0.0,0.0,0.0,3
133,549074,Watson,MID,Brighton,Leeds,1,2,50,0.0,u,0.0,Has joined Leicester City on loan for the rest of the season,0.0,0.0,0.0,0.0,0.0,,0.0,0.0,0.0,0.0,3
365,489580,Ramsay,DEF,Liverpool,Ipswich Town,0,2,40,0.1,u,0.0,Has joined St Mirren on loan for the rest of the season,0.0,0.0,0.0,0.0,0.0,,0.0,0.0,0.0,0.0,3
370,223541,Chiesa,MID,Liverpool,Ipswich Town,0,2,54,0.1,i,0.0,Back injury - Unknown return date,0.0,0.0,0.0,0.0,0.0,,0.0,0.0,0.0,0.0,3
383,444884,Elliott,MID,Liverpool,Ipswich Town,0,2,54,0.1,u,0.0,Has joined Valencia on loan for the rest of the season,0.0,0.0,0.0,0.0,0.0,,0.0,0.0,0.0,0.0,3
359,171287,Gomez,DEF,Liverpool,Ipswich Town,0,2,50,0.0,i,0.0,Muscular injury - Unknown return date,0.0,0.0,0.0,0.0,0.0,,0.0,0.0,0.0,0.0,3
360,492777,Bradley,DEF,Liverpool,Ipswich Town,0,2,50,0.0,i,0.0,Knee injury - Unknown return date,0.0,0.0,0.0,0.0,0.0,,0.0,0.0,0.0,0.0,3
274,105666,Butland,GK,Hull City,Aston Villa,1,3,45,0.1,i,0.0,Arm injury - Unknown return date,0.0,0.0,0.0,0.0,0.0,,0.0,0.0,0.0,0.0,3
294,553783,Zambrano,MID,Hull City,Aston Villa,1,3,45,0.1,i,0.0,Thigh injury - Unknown return date,0.0,0.0,0.0,0.0,0.0,,0.0,0.0,0.0,0.0,3
293,490161,Kamara,MID,Hull City,Aston Villa,1,3,50,0.0,u,0.0,Has joined Portsmouth permanently,0.0,0.0,0.0,0.0,0.0,,0.0,0.0,0.0,0.0,3
291,465525,Matazo,MID,Hull City,Aston Villa,1,3,45,0.0,i,0.0,Knee injury - Unknown return date,0.0,0.0,0.0,0.0,0.0,,0.0,0.0,0.0,0.0,3
380,510663,Ekitiké,FWD,Liverpool,Ipswich Town,0,2,75,0.1,i,0.0,Achilles injury - Unknown return date,0.0,0.0,0.0,0.0,0.0,,0.0,0.0,0.0,0.0,3
143,180736,Chalobah,DEF,Chelsea,Arsenal,0,5,55,0.1,u,0.0,Has joined Como permanently,0.0,0.0,0.0,0.0,0.0,,0.0,0.0,0.0,0.0,3
283,449428,Jacob,DEF,Hull City,Aston Villa,1,3,40,0.0,u,0.0,Has joined Newport County on loan until January,0.0,0.0,0.0,0.0,0.0,,0.0,0.0,0.0,0.0,3
141,508479,Jörgensen,GK,Chelsea,Arsenal,0,5,50,0.0,u,0.0,Has joined RC Strasbourg on loan for the rest of the season,0.0,0.0,0.0,0.0,0.0,,0.0,0.0,0.0,0.0,3
281,433590,Drameh,DEF,Hull City,Aston Villa,1,3,40,0.1,u,0.0,Has joined Genoa permanently,0.0,0.0,0.0,0.0,0.0,,0.0,0.0,0.0,0.0,3
624,519324,Cozier-Duberry,MID,Brighton,Leeds,1,2,50,0.0,u,0.0,Has joined Middlesbrough on loan for the rest of the season,0.0,0.0,0.0,0.0,0.0,,0.0,0.0,0.0,0.0,3
140,215059,Sánchez,GK,Chelsea,Arsenal,0,5,49,1.5,u,0.0,Has joined Como on loan for the rest of the season,0.0,0.0,0.0,0.0,0.0,,0.0,0.0,0.0,0.0,3
376,535928,Bajcetic,MID,Liverpool,Ipswich Town,0,2,50,0.0,u,0.0,Has joined Celta Vigo permanently,0.0,0.0,0.0,0.0,0.0,,0.0,0.0,0.0,0.0,3
373,206915,C.Jones,MID,Liverpool,Ipswich Town,0,2,55,0.0,u,0.0,Has joined Internazionale permanently,0.0,0.0,0.0,0.0,0.0,,0.0,0.0,0.0,0.0,3
363,647681,Leoni,DEF,Liverpool,Ipswich Town,0,2,40,0.0,i,0.0,Knee injury - Unknown return date,0.0,0.0,0.0,0.0,0.0,,0.0,0.0,0.0,0.0,3
521,445044,Kulusevski,MID,Spurs,Nott'm Forest,0,3,65,0.0,i,0.0,Knee injury - Unknown return date,0.0,0.0,0.0,0.0,0.0,,0.0,0.0,0.0,0.0,3
530,232571,Patterson,GK,Sunderland,Brentford,0,3,40,0.1,u,0.0,Has joined Wrexham permanently,0.0,0.0,0.0,0.0,0.0,,0.0,0.0,0.0,0.0,3
191,492498,Borges Rodrigues,MID,Coventry City,Man City,0,5,45,0.2,u,0.0,Has joined Burton Albion on loan for the rest of the season,0.0,0.0,0.0,0.0,0.0,,0.0,0.0,0.0,0.0,3
206,515621,Chadi Riad,DEF,Crystal Palace,Fulham,0,3,44,0.0,i,0.0,Knee injury - Unknown return date,0.0,0.0,0.0,0.0,0.0,,0.0,-0.0,0.0,0.0,3
192,629397,Andrews,MID,Coventry City,Man City,0,5,45,0.5,u,0.0,Has joined Oxford United on loan for the rest of the season,0.0,0.0,0.0,0.0,0.0,,0.0,0.0,0.0,0.0,3
39,578545,Nedeljkovic,DEF,Aston Villa,Hull City,0,2,40,0.2,u,0.0,Has joined Rangers on loan for the rest of the season,0.0,0.0,0.0,0.0,0.0,,0.0,0.0,0.0,0.0,3
500,221632,Romero,DEF,Spurs,Nott'm Forest,0,3,50,0.1,u,0.0,Has joined Atletico Madrid permanently,0.0,0.0,0.0,0.0,0.0,,0.0,0.0,0.0,0.0,3
146,242880,B.Badiashile,DEF,Chelsea,Arsenal,0,5,45,0.0,u,0.0,Has joined Napoli on loan for the rest of the season,0.0,0.0,0.0,0.0,0.0,,0.0,0.0,0.0,0.0,3
150,574458,M.Sarr,DEF,Chelsea,Arsenal,0,5,45,0.0,u,0.0,Has joined Real Sociedad on loan for the rest of the season,0.0,0.0,0.0,0.0,0.0,,0.0,0.0,0.0,0.0,3
163,491007,D.Essugo,MID,Chelsea,Arsenal,0,5,45,0.2,u,0.0,Has joined RC Strasbourg on loan for the rest of the season,0.0,0.0,0.0,0.0,0.0,,0.0,0.0,0.0,0.0,3
310,241117,Matusiwa,MID,Ipswich Town,Liverpool,1,4,50,0.0,i,0.0,Muscular injury - Unknown return date,0.0,0.0,0.0,0.0,0.0,,0.0,0.0,0.0,0.0,3
5,445122,J.Timber,DEF,Arsenal,Chelsea,1,4,65,0.1,i,0.0,Groin injury - Unknown return date,0.0,0.0,0.0,0.0,0.0,,0.0,0.0,0.0,0.0,3
540,105717,Masuaku,DEF,Sunderland,Brentford,0,3,40,0.2,u,0.0,Has joined Konyaspor permanently,0.0,0.0,0.0,0.0,0.0,,0.0,0.0,0.0,0.0,3
205,218364,Sosa,DEF,Crystal Palace,Fulham,0,3,45,0.0,u,0.0,Has joined FC Cologne on loan for the rest of the season,0.0,0.0,0.0,0.0,0.0,,0.0,0.0,0.0,0.0,3
266,76357,Cairney,MID,Fulham,Crystal Palace,1,3,50,0.0,i,0.0,Knee injury - Expected back 10 Oct,0.0,0.0,0.0,0.0,0.0,,0.0,-0.0,0.0,0.0,3
425,547676,Fredricson,DEF,Man Utd,Everton,0,3,40,0.0,u,0.0,Has joined Lausanne-Sport permanently,0.0,0.0,0.0,0.0,0.0,,0.0,0.0,0.0,0.0,3
174,436761,Kitching,DEF,Coventry City,Man City,0,5,40,0.6,u,0.0,Has joined Sheffield United on loan for the rest of the season,0.0,0.0,0.0,0.0,0.0,,0.0,0.0,0.0,0.0,3
234,243571,Patterson,DEF,Everton,Man Utd,1,4,45,0.0,u,0.0,Has joined Torino permanently,0.0,0.0,0.0,0.0,0.0,,0.0,0.0,0.0,0.0,3
312,231899,Taylor,MID,Ipswich Town,Liverpool,1,4,45,0.0,i,0.0,Knee injury - Unknown return date,0.0,0.0,0.0,0.0,0.0,,0.0,0.0,0.0,0.0,3
326,201595,Perri,GK,Leeds,Brighton,0,3,45,0.5,u,0.0,Has joined Torino on loan for the rest of the season,0.0,0.0,0.0,0.0,0.0,,0.0,0.0,0.0,0.0,3
602,524180,Humphreys,MID,Ipswich Town,Liverpool,1,4,45,0.0,u,0.0,Has joined Huddersfield Town on loan for the rest of the season,0.0,0.0,0.0,0.0,0.0,,0.0,0.0,0.0,0.0,3
121,451340,Mitoma,MID,Brighton,Leeds,1,2,60,0.0,i,0.0,Hamstring injury - Unknown return date,0.0,0.0,0.0,0.0,0.0,,0.0,0.0,0.0,0.0,3
118,223434,Igor,DEF,Brighton,Leeds,1,2,45,0.1,u,0.0,Has joined Burnley permanently,0.0,0.0,0.0,0.0,0.0,,0.0,-0.0,0.0,0.0,3
465,538207,Osula,FWD,Newcastle,Bournemouth,1,3,59,0.6,i,0.0,Foot injury - Unknown return date,0.0,0.0,0.0,0.0,0.0,,0.0,0.0,0.0,0.0,3
463,470313,Woltemade,FWD,Newcastle,Bournemouth,1,3,59,1.2,u,0.0,Has joined Juventus on loan for the rest of the season,0.0,0.0,0.0,0.0,0.0,,0.0,0.0,0.0,0.0,3
470,485047,Morato,DEF,Nott'm Forest,Spurs,1,3,50,0.0,u,0.0,Has joined West Ham on loan for the rest of the season,0.0,0.0,0.0,0.0,0.0,,0.0,0.0,0.0,0.0,3
252,505079,McNally,GK,Fulham,Crystal Palace,1,3,40,0.2,u,0.0,Has joined York City on loan for the rest of the season,0.0,0.0,0.0,0.0,0.0,,0.0,0.0,0.0,0.0,3
63,620487,Milosavljević,DEF,Bournemouth,Newcastle,0,3,50,0.0,i,0.0,Unspecified injury - Unknown return date,0.0,0.0,0.0,0.0,0.0,,0.0,0.0,0.0,0.0,3
65,436893,J.Araujo,DEF,Bournemouth,Newcastle,0,3,45,0.0,i,0.0,Thigh injury - Unknown return date,0.0,0.0,0.0,0.0,0.0,,0.0,0.0,0.0,0.0,3
448,78916,Burn,DEF,Newcastle,Bournemouth,1,3,49,1.2,i,0.0,Ankle injury - Expected back 14 Sep,0.0,0.0,0.0,0.0,0.0,,0.0,0.0,0.0,0.0,3
475,500151,Savona,DEF,Nott'm Forest,Spurs,1,3,45,0.0,i,0.0,Knee injury - Unknown return date,0.0,0.0,0.0,0.0,0.0,,0.0,0.0,0.0,0.0,3
80,168636,Enes Ünal,FWD,Bournemouth,Newcastle,0,3,55,0.0,u,0.0,Has joined Getafe permanently,0.0,0.0,0.0,0.0,0.0,,0.0,0.0,0.0,0.0,3
78,560262,Kroupi.Jr,MID,Bournemouth,Newcastle,0,3,74,0.2,i,0.0,Foot injury - Unknown return date,0.0,0.0,0.0,0.0,0.0,,0.0,0.0,0.0,0.0,3
451,545477,A.Murphy,DEF,Newcastle,Bournemouth,1,3,40,0.1,u,0.0,Has joined FC Kaiserslautern on loan for the rest of the season,0.0,0.0,0.0,0.0,0.0,,0.0,0.0,0.0,0.0,3
77,489888,Adli,MID,Bournemouth,Newcastle,0,3,49,0.0,i,0.0,Unspecified injury - Unknown return date,0.0,0.0,0.0,0.0,0.0,,0.0,0.0,0.0,0.0,3
450,441191,Livramento,DEF,Newcastle,Bournemouth,1,3,49,0.0,i,0.0,Calf injury - Unknown return date,0.0,0.0,0.0,0.0,0.0,,0.0,0.0,0.0,0.0,3
181,577411,Brau,DEF,Coventry City,Man City,0,5,40,0.0,u,0.0,Has joined Academico de Viseu on loan for the rest of the season,0.0,0.0,0.0,0.0,0.0,,0.0,0.0,0.0,0.0,3
180,220583,Woolfenden,DEF,Coventry City,Man City,0,5,40,0.1,i,0.0,Knee injury - Unknown return date,0.0,0.0,0.0,0.0,0.0,,0.0,0.0,0.0,0.0,3
177,465390,Kesler-Hayden,DEF,Coventry City,Man City,0,5,40,0.0,i,0.0,Hamstring injury - Unknown return date,0.0,0.0,0.0,0.0,0.0,,0.0,0.0,0.0,0.0,3
99,543295,Milambo,MID,Brentford,Sunderland,1,2,50,0.0,i,0.0,Knee injury - Unknown return date,0.0,0.0,0.0,0.0,0.0,,0.0,0.0,0.0,0.0,3
85,444765,Van den Berg,DEF,Brentford,Sunderland,1,2,49,0.1,i,0.0,Groin injury - Unknown return date,0.0,0.0,0.0,0.0,0.0,,0.0,0.0,0.0,0.0,3
436,490881,Collyer,MID,Man Utd,Everton,0,3,50,0.0,u,0.0,Has joined West Brom permanently,0.0,0.0,0.0,0.0,0.0,,0.0,0.0,0.0,0.0,3
416,209365,De Ligt,DEF,Man Utd,Everton,0,3,50,0.0,i,0.0,Back injury - Unknown return date,0.0,0.0,0.0,0.0,0.0,,0.0,0.0,0.0,0.0,3
235,499300,Aznou,DEF,Everton,Man Utd,1,4,40,0.2,u,0.0,Has joined Malaga on loan for the rest of the season,0.0,0.0,0.0,0.0,0.0,,0.0,0.0,0.0,0.0,3
433,232112,Ugarte,MID,Man Utd,Everton,0,3,50,0.0,i,0.0,Knee injury - Unknown return date,0.0,0.0,0.0,0.0,0.0,,0.0,0.0,0.0,0.0,3
431,493250,Amad,MID,Man Utd,Everton,0,3,58,0.6,i,0.0,Unspecified injury - Unknown return date,0.0,0.0,0.0,0.0,0.0,,0.0,0.0,0.0,0.0,3
248,486385,Beto,FWD,Everton,Man Utd,1,4,54,1.8,u,0.0,Has joined Fiorentina permanently,0.0,0.0,0.0,0.0,0.0,,0.0,0.0,0.0,0.0,3
297,470294,Gyabi,MID,Hull City,Aston Villa,1,3,45,0.0,i,0.0,Thigh injury - Unknown return date,0.0,0.0,0.0,0.0,0.0,,0.0,0.0,0.0,0.0,3
298,500957,Destan,FWD,Hull City,Aston Villa,1,3,45,0.3,u,0.0,Has joined Konyaspor permanently,0.0,0.0,0.0,0.0,0.0,,0.0,0.0,0.0,0.0,3
299,534392,Burstow,FWD,Hull City,Aston Villa,1,3,45,0.0,u,0.0,Has joined Sheffield Wednesday on loan for the rest of the season,0.0,0.0,0.0,0.0,0.0,,0.0,0.0,0.0,0.0,3
311,149929,Burns,MID,Ipswich Town,Liverpool,1,4,50,0.0,u,0.0,Has joined Leicester City permanently,0.0,0.0,0.0,0.0,0.0,,0.0,0.0,0.0,0.0,3
21,128295,Nørgaard,MID,Everton,Man Utd,1,4,49,0.1,i,0.0,Groin injury - Unknown return date,0.0,0.0,0.0,0.0,0.0,,0.0,0.0,0.0,0.0,3
225,660392,Uche,FWD,Crystal Palace,Fulham,0,3,50,0.0,u,0.0,has returned to Getafe CF,0.0,0.0,0.0,0.0,0.0,,0.0,0.0,0.0,0.0,3
477,549067,Abbott,DEF,Nott'm Forest,Spurs,1,3,40,0.2,u,0.0,Has joined Southampton on loan for the rest of the season,0.0,0.0,0.0,0.0,0.0,,0.0,0.0,0.0,0.0,3
479,538638,Bindon,DEF,Nott'm Forest,Spurs,1,3,40,0.2,u,0.0,Has joined Charlton Athletic on loan for the rest of the season,0.0,0.0,0.0,0.0,0.0,,0.0,0.0,0.0,0.0,3
582,690838,Madjo,FWD,Aston Villa,Hull City,0,2,55,0.3,i,0.0,Unspecified injury - Unknown return date,0.0,0.0,0.0,0.0,0.0,,0.0,0.0,0.0,0.0,3
59,444172,Dennis,GK,Bournemouth,Newcastle,0,3,40,0.2,u,0.0,Has joined MK Dons permanently,0.0,0.0,0.0,0.0,0.0,,0.0,0.0,0.0,0.0,3
494,184254,Vicario,GK,Spurs,Nott'm Forest,0,3,45,0.2,u,0.0,Has joined Juventus on loan for the rest of the season,0.0,0.0,0.0,0.0,0.0,,0.0,0.0,0.0,0.0,3
488,210462,I.Sangaré,MID,Nott'm Forest,Spurs,1,3,49,0.6,i,0.0,Calf injury - Unknown return date,0.0,0.0,0.0,0.0,0.0,,0.0,0.0,0.0,0.0,3
485,476887,Bakwa,MID,Nott'm Forest,Spurs,1,3,55,0.0,u,0.0,Has joined Lille on loan for the rest of the season,0.0,0.0,0.0,0.0,0.0,,0.0,0.0,0.0,0.0,3
484,503301,Hutchinson,MID,Nott'm Forest,Spurs,1,3,54,0.1,u,0.0,Has joined AC Milan on loan for the rest of the season,0.0,0.0,0.0,0.0,0.0,,0.0,0.0,0.0,0.0,3
458,180974,Joelinton,MID,Newcastle,Bournemouth,1,3,54,0.0,i,0.0,Unspecified injury - Unknown return date,0.0,0.0,0.0,0.0,0.0,,0.0,0.0,0.0,0.0,3
55,178301,Watkins,FWD,Aston Villa,Hull City,0,2,78,4.9,u,0.0,Has joined Al Hilal permanently,0.0,0.0,0.0,0.0,0.0,,0.0,0.0,0.0,0.0,3
220,590014,Cardines,DEF,Crystal Palace,Fulham,0,3,45,0.0,u,0.0,Has joined Bristol City on loan for the rest of the season,0.0,0.0,0.0,0.0,0.0,,0.0,0.0,0.0,0.0,3
223,231747,Mateta,FWD,Crystal Palace,Fulham,0,3,64,2.8,i,0.0,Hamstring injury - Expected back 11 Oct,0.0,0.0,0.0,0.0,0.0,,0.0,-0.0,0.0,0.0,3
507,548308,Phillips,DEF,Spurs,Nott'm Forest,0,3,45,0.0,u,0.0,Has joined Middlesbrough permanently,0.0,0.0,0.0,0.0,0.0,,0.0,0.0,0.0,0.0,3
317,222625,Hirst,FWD,Ipswich Town,Liverpool,1,4,50,0.1,u,0.0,Has joined Stoke City permanently,0.0,0.0,0.0,0.0,0.0,,0.0,0.0,0.0,0.0,3
318,481624,Philogene,MID,Ipswich Town,Liverpool,1,4,54,0.1,i,0.0,Ankle injury - Unknown return date,0.0,0.0,0.0,0.0,0.0,,0.0,0.0,0.0,0.0,3
554,546600,Van Oevelen,GK,Ipswich Town,Liverpool,1,4,45,0.0,u,0.0,Has joined Valencia on loan for the rest of the season,0.0,0.0,0.0,0.0,0.0,,0.0,0.0,0.0,0.0,3
319,172453,Szmodics,MID,Ipswich Town,Liverpool,1,4,50,0.0,u,0.0,Has joined Derby County on loan for the rest of the season,0.0,0.0,0.0,0.0,0.0,,0.0,0.0,0.0,0.0,3
322,462387,Al-Hamadi,FWD,Ipswich Town,Liverpool,1,4,50,0.1,u,0.0,Has joined Sheffield Wednesday on loan for the rest of the season,0.0,0.0,0.0,0.0,0.0,,0.0,0.0,0.0,0.0,3
23,438098,Fábio Vieira,MID,Arsenal,Chelsea,1,4,55,0.0,u,0.0,Has joined Hamburger SV permanently,0.0,0.0,0.0,0.0,0.0,,0.0,0.0,0.0,0.0,3
24,200641,Nelson,MID,Arsenal,Chelsea,1,4,55,0.0,u,0.0,has departed the club as a free agent.,0.0,0.0,0.0,0.0,0.0,,0.0,0.0,0.0,0.0,3
27,205651,G.Jesus,FWD,Arsenal,Chelsea,1,4,59,0.3,u,0.0,Has joined FC Barcelona permanently,0.0,0.0,0.0,0.0,0.0,,0.0,0.0,0.0,0.0,3
505,232859,Spence,DEF,Spurs,Nott'm Forest,0,3,45,0.3,u,0.0,Has joined Internazionale permanently,0.0,0.0,0.0,0.0,0.0,,0.0,-0.0,0.0,0.0,3
314,229164,Ogbene,MID,Ipswich Town,Liverpool,1,4,49,0.0,u,0.0,Has joined Lincoln City on loan until January,0.0,0.0,0.0,0.0,0.0,,0.0,0.0,0.0,0.0,3
517,550839,Odobert,MID,Spurs,Nott'm Forest,0,3,55,0.0,i,0.0,Knee injury - Unknown return date,0.0,0.0,0.0,0.0,0.0,,0.0,0.0,0.0,0.0,3
513,493362,Xavi,MID,Spurs,Nott'm Forest,0,3,60,0.0,i,0.0,Knee injury - Unknown return date,0.0,0.0,0.0,0.0,0.0,,0.0,0.0,0.0,0.0,3
22,499175,Nwaneri,MID,Arsenal,Chelsea,1,4,54,0.0,u,0.0,Has joined Borussia Dortmund on loan for the rest of the season,0.0,0.0,0.0,0.0,0.0,,0.0,0.0,0.0,0.0,3
511,616221,Souza,DEF,Spurs,Nott'm Forest,0,3,40,0.3,u,0.0,Has joined FC Porto on loan for the rest of the season,0.0,0.0,0.0,0.0,0.0,,0.0,0.0,0.0,0.0,3
518,482442,P.M.Sarr,MID,Spurs,Nott'm Forest,0,3,49,0.2,u,0.0,Has joined Juventus on loan for the rest of the season,0.0,0.0,0.0,0.0,0.0,,0.0,0.0,0.0,0.0,3
538,477547,Hjelde,DEF,Sunderland,Brentford,0,3,40,0.0,u,0.0,Has joined KV Mechelen on loan for the rest of the season,0.0,0.0,0.0,0.0,0.0,,0.0,0.0,0.0,0.0,3
197,549653,Bassette,FWD,Coventry City,Man City,0,5,45,0.0,u,0.0,Has joined KVC Westerlo on loan for the rest of the season,0.0,0.0,0.0,0.0,0.0,,0.0,0.0,0.0,0.0,3
196,551262,Markelo,FWD,Coventry City,Man City,0,5,50,0.0,u,0.0,Has joined Shabab Al-Ahli Dubai permanently,0.0,0.0,0.0,0.0,0.0,,0.0,0.0,0.0,0.0,3
537,519634,Seelt,DEF,Sunderland,Brentford,0,3,45,0.0,u,0.0,Has joined Swansea City on loan for the rest of the season,0.0,0.0,0.0,0.0,0.0,,0.0,0.0,0.0,0.0,3
6,462424,Saliba,DEF,Arsenal,Chelsea,1,4,60,0.2,i,0.0,Back injury - Unknown return date,0.0,0.0,0.0,0.0,0.0,,0.0,0.0,0.0,0.0,3
193,176412,Wright,FWD,Coventry City,Man City,0,5,54,0.1,i,0.0,Thigh injury - Unknown return date,0.0,0.0,0.0,0.0,0.0,,0.0,0.0,0.0,0.0,3
