id,player_code,web_name,position,team_name,opponent_name,was_home,fdr,now_cost,selected_by_percent,status,chance_of_playing_next_round,news,ep_next,pred_minutes,pred_defcon,pred_points,pred_points_decomposed,pred_points_tabfm,e_points_final,pred_points_p10,pred_points_p90,e_points_p90,event
426,141746,B.Fernandes,MID,Man Utd,Man City,1,4,120,45.0,a,,,9.0,90.0,0.025380710659898477,7.0646564516835975,7.0646564516835975,,7.115417873003395,0.6765415905849322,13.478735347884259,13.529496769204055,4
155,448047,Enzo,MID,Man City,Man Utd,0,4,69,3.2,a,,,1.3,86.5,0.0356020942408377,6.854121784864445,6.587572604341939,,6.658776792823614,0.6240629648925371,10.834525271759247,10.484386810783619,4
397,437730,Semenyo,MID,Man City,Man Utd,0,4,84,17.4,a,,,4.3,86.48648648648648,0.010899182561307902,6.335100077728526,6.087783858477862,,6.109582223600478,0.07780624692456942,14.818868015956683,14.262152014089999,4
368,424876,Szoboszlai,MID,Liverpool,Fulham,1,2,70,38.4,a,,,5.0,89.77777777777777,0.02666666666666667,6.039318057649893,6.0244061612112505,,6.077739494544584,0.7430894103715425,10.195039408260966,10.223199804783777,4
411,223094,Haaland,FWD,Man City,Man Utd,0,4,155,71.3,a,,,8.0,86.92549823539993,0.0012674271229404308,6.1537159505274674,5.943498055541419,,5.9460329097873,0.6765415905849322,12.953189646739338,12.513228896250778,4
452,208706,Bruno G.,MID,Arsenal,Sunderland,0,3,68,1.8,a,100.0,,0.3,84.6896551724138,0.07214428857715431,5.820145740949887,5.476734842824874,,5.621023419979183,0.8604512225232961,12.086838651563268,11.517957438548708,4
237,440993,Ndiaye,MID,Man City,Man Utd,0,4,59,9.7,a,,,5.3,86.90625,0.037815126050420166,5.282525170707547,5.100938367964475,,5.176568620065315,0.08385024398014453,9.920071126860341,9.654698933975356,4
427,446008,Mbeumo,MID,Man Utd,Man City,1,4,79,24.9,a,,,7.0,79.12121212121212,0.0012674271229404308,5.882452570806386,5.171408640530463,,5.173943494776344,0.8013897174315376,12.276085491264357,10.79474334505101,4
481,215379,Anderson,MID,Man City,Man Utd,0,4,63,4.5,a,100.0,,2.7,87.6842105263158,0.10576923076923077,5.069083986317337,4.938651415909172,,5.150189877447634,0.8430111454058422,13.183283895928232,13.055603356635793,4
388,209036,Guéhi,DEF,Man City,Man Utd,0,4,60,18.6,a,,,6.7,90.0,0.18518518518518517,4.323453278248421,4.323453278248421,,4.693823648618792,0.07744841196093198,9.140787075156716,9.511157445527086,4
226,111234,Pickford,GK,Everton,Spurs,0,3,55,8.6,a,,,3.7,90.0,0.0,4.6876977278899945,4.6876977278899945,,4.6876977278899945,0.07573923202345673,7.194259806534184,7.194259806534184,4
346,177815,Calvert-Lewin,FWD,Leeds,Newcastle,1,2,60,23.3,a,,,3.3,77.74285714285715,0.010899182561307902,5.3495725305284445,4.621011700180285,,4.642810065302901,0.6890589889439269,9.895310530833566,8.569461842709323,4
471,227444,Milenković,DEF,Nott'm Forest,Aston Villa,0,4,55,1.6,a,,,4.0,88.8157894736842,0.25784753363228696,4.166738960049719,4.111913447417486,,4.627608514682059,0.07632403035849859,8.15521949295938,8.56360904057975,4
106,502500,Thiago,FWD,Brentford,Bournemouth,0,3,79,11.6,a,,,1.3,86.95270756570422,0.03258145363408521,4.669086580895386,4.510996889639447,,4.576159796907618,0.4740155300591583,9.91371349189011,9.643209908940362,4
384,204936,Donnarumma,GK,Man City,Man Utd,0,4,55,7.7,a,,,3.3,90.0,0.0,4.443124690600904,4.443124690600904,,4.443124690600904,0.0002045026409932001,8.356789075397122,8.356789075397122,4
79,444102,Evanilson,FWD,Bournemouth,Brentford,1,3,60,3.2,a,,,3.7,76.13888888888889,0.012345679012345678,5.196289325605021,4.395996617741779,,4.42068797576647,0.09124685706382843,9.92524658351068,8.421327433766288,4
229,17761,Tarkowski,DEF,Everton,Spurs,0,3,60,11.4,a,,,7.0,90.0,0.18518518518518517,3.9822387419066003,3.9822387419066003,,4.352609112276971,0.7391211098207475,8.79455740636615,9.164927776736521,4
154,244851,Palmer,MID,Chelsea,Hull City,1,2,96,23.9,a,100.0,,7.0,82.84634816190982,0.012195121951219513,4.616119958491842,4.249207569315065,,4.273597813217504,0.4569914286084809,9.281309622602286,8.567974781597915,4
472,575476,Murillo,DEF,Nott'm Forest,Aston Villa,0,4,55,1.6,a,100.0,,4.3,85.2,0.1552511415525114,4.150900642455069,3.929519274857465,,4.240021557962488,3.8571146144153075e-10,12.924651422957332,12.54583896350463,4
499,441164,Pedro Porro,DEF,Spurs,Everton,1,3,55,11.4,a,100.0,,2.7,82.20369815503035,0.18518518518518517,4.00687384265195,3.6597760878516388,,4.030146458222009,0.6765415651362426,8.98946438920042,8.581117228428432,4
61,494521,Truffert,DEF,Bournemouth,Brentford,1,3,55,3.5,a,,,1.7,88.89473684210526,0.08021793393728328,3.909696953372958,3.861683131138553,,4.02211899901312,0.6898944212152678,8.869619317018158,8.921130035385483,4
261,153133,Iwobi,MID,Fulham,Liverpool,0,4,55,0.8,a,,,2.0,83.44827586206897,0.0356020942408377,4.161578347550821,3.8586281996448224,,3.929832388126498,0.7291342418187073,8.494057417229271,7.94692026116169,4
335,466525,Stach,MID,Leeds,Newcastle,1,2,60,2.8,a,,,6.3,81.6896551724138,0.1552511415525114,3.9867402695990823,3.6186159765058337,,3.9291182596108563,0.7554110069562984,8.83964365413957,8.33391830481255,4
31,199798,Konsa,DEF,Arsenal,Sunderland,0,3,44,14.3,a,,,1.7,89.26470588235294,0.34408602150537637,3.2585364595387434,3.2319144296405513,,3.9200864726513043,8.208652023103761e-05,6.844417535173288,7.4766711342692265,4
1,154561,Raya,GK,Arsenal,Sunderland,0,3,60,39.0,a,,,5.0,90.0,0.0,3.859108670173979,3.859108670173979,,3.859108670173979,0.08686771245988678,7.700098517729875,7.700098517729875,4
469,215136,N.Williams,DEF,Nott'm Forest,Aston Villa,0,4,50,8.2,a,,,5.0,86.56756756756756,0.10551558752997602,3.7786670114418,3.634555686981407,,3.845586862041359,0.10648287674400912,8.000685205927974,7.906585143404486,4
201,247348,Muñoz,DEF,Nott'm Forest,Aston Villa,0,4,54,5.8,a,,,0.3,82.75862068965517,0.04570383912248629,4.036249845314797,3.7114941106342956,,3.802901788879268,-5.633650927532468e-13,13.846291238573945,12.823629506818715,4
338,199598,Ampadu,MID,Leeds,Newcastle,1,2,55,1.0,a,,,3.0,89.11428571428571,0.18518518518518517,3.4653190537555774,3.431215913861475,,3.801586284231845,0.0775299005466698,7.674181740356892,7.969028417409464,4
412,465247,Lammens,GK,Man Utd,Man City,1,4,50,12.0,a,,,1.7,90.0,0.0,3.7612342628185957,3.7612342628185957,,3.7612342628185957,0.07541972670676608,7.62842360703211,7.62842360703211,4
498,221466,Senesi,DEF,Spurs,Everton,1,3,59,4.7,a,,,1.0,88.86486486486487,0.18518518518518517,3.4040242709662456,3.361090631512617,,3.7314610018829875,0.07625968027164393,7.803551299609636,8.075498500435382,4
428,430871,Cunha,MID,Man Utd,Man City,1,4,79,6.8,a,,,4.7,78.69694136372708,0.037815126050420166,4.176071223719515,3.651600358042252,,3.7272306101430925,0.6765415905849322,9.968938688996035,8.792574512839854,4
512,460842,Kudus,MID,Spurs,Everton,1,3,65,0.1,a,100.0,,0.7,80.78947368421052,0.012195121951219513,4.118775456446536,3.6972633483306625,,3.7216535922331015,0.0,13.273202666778175,11.939224216712086,4
12,223340,Saka,MID,Arsenal,Sunderland,0,3,95,11.4,a,,,7.3,71.54838709677419,0.0356020942408377,4.589341297206835,3.6484440850196274,,3.719648273501303,0.7247095346744145,10.773399677697375,8.635863860572275,4
200,437499,Lacroix,DEF,Chelsea,Hull City,1,2,60,8.1,a,,,3.0,88.14285714285714,0.25784753363228696,3.265223404937554,3.197845779121382,,3.713540846385956,0.036435443406867135,9.280023840657748,9.604226352480177,4
112,469142,Van Hecke,DEF,Spurs,Everton,1,3,49,6.9,a,,,3.3,89.16666666666667,0.1552511415525114,3.4341410246509496,3.4023434225708487,,3.7128457056758712,8.283196316433835e-05,7.29018694447903,7.533187496616655,4
67,499604,Rayan,MID,Bournemouth,Brentford,1,3,64,2.0,a,,,2.0,74.0,0.037815126050420166,4.421997127662387,3.635864304966851,,3.7114945570676916,0.6031724324077908,11.138214576900724,9.233717793108102,4
423,106760,Shaw,DEF,Man Utd,Man City,1,4,44,13.5,a,,,2.3,84.73684210526316,0.07214428857715431,3.7795135933965898,3.5584894066482518,,3.7027779838025605,8.504929289139943e-05,7.565199192294208,7.267078459957628,4
468,221389,John,GK,Nott'm Forest,Aston Villa,0,4,45,0.1,a,,,0.0,87.4,0.0,3.8076069310006955,3.697609397438453,,3.697609397438453,-8.967771925196457e-09,8.120875627017545,7.8862725533481495,4
69,503139,Scott,MID,Bournemouth,Brentford,1,3,60,4.9,a,,,8.0,87.41187734871085,0.1552511415525114,3.486054392586514,3.3858062110634117,,3.6963084941684343,0.07324557379563096,7.762348686394523,7.849629742138854,4
356,97032,Virgil,DEF,Liverpool,Fulham,1,2,65,17.2,a,,,3.0,90.0,0.10576923076923077,3.482129796517602,3.482129796517602,,3.693668258056064,0.7033676652727932,8.736745261988908,8.94828372352737,4
94,513418,Schade,MID,Brentford,Bournemouth,0,3,60,3.8,a,,,5.0,79.37844149955392,0.010899182561307902,4.12607541596045,3.6391270669840465,,3.660925432106662,0.07324559666461578,7.95378127518,7.036895716812871,4
496,485055,Kinsky,GK,Spurs,Everton,1,3,45,18.5,a,,,3.0,90.0,0.0,3.628576151867193,3.628576151867193,,3.628576151867193,0.00012486638111092473,7.400212474868915,7.400212474868915,4
385,432720,Trafford,GK,Leeds,Newcastle,1,2,50,5.4,a,,,5.0,90.0,0.0,3.5498942621644227,3.5498942621644227,,3.5498942621644227,0.07736355671568673,7.0557144343571,7.0557144343571,4
432,516895,Mainoo,MID,Man Utd,Man City,1,4,55,1.3,a,,,4.7,84.47740932875237,0.1552511415525114,3.434163480868058,3.2234359341682666,,3.533938217273289,0.45691239785425974,7.968971991649769,7.790481270526807,4
13,204480,Rice,MID,Arsenal,Sunderland,0,3,74,13.4,a,,,4.3,85.91666666666667,0.10576923076923077,3.4705273589793033,3.313068247321909,,3.5246067088603708,0.07733112173411073,8.388318540989069,8.219275883538213,4
250,80201,Leno,GK,Fulham,Liverpool,0,4,45,3.0,a,,,2.0,90.0,0.0,3.523739267637612,3.523739267637612,,3.523739267637612,0.00019772860544838662,7.046415541946448,7.046415541946448,4
525,551226,Fernandes,MID,Spurs,Everton,1,3,58,1.0,a,,,1.0,83.80555555555556,0.25784753363228696,3.2120201272790165,2.990945902469381,,3.506640969733955,0.6768887290508948,8.303800886285309,8.24796891724074,4
503,491279,Van de Ven,DEF,Spurs,Everton,1,3,50,3.8,a,100.0,,3.0,86.88571428571429,0.25784753363228696,3.0891671100592073,2.982272121171444,,3.497967188436018,0.07449807008015355,7.0078634496252254,7.281064194347213,4
68,201658,Tavernier,MID,Bournemouth,Brentford,1,3,60,3.3,a,,,7.0,81.40057382313086,0.04570383912248629,3.7634483475351836,3.403853944923084,,3.4952616231680564,0.6765415905849322,10.29662091195321,9.404194907936532,4
40,244850,Rogers,MID,Chelsea,Hull City,1,2,76,30.3,a,,,6.3,89.44794600852222,0.04570383912248629,3.40891408245266,3.388004031054629,,3.4794117092996015,0.6927145110364601,8.2925858280017,8.333127338402003,4
491,482973,Igor Jesus,FWD,Nott'm Forest,Aston Villa,0,4,59,2.6,a,,,1.3,75.91899552940778,0.0356020942408377,3.983530776033668,3.3602850575217595,,3.431489246003435,0.5294735390561134,8.217786575385466,7.00327199157408,4
535,201895,Alderete,DEF,Sunderland,Arsenal,1,4,49,0.3,a,100.0,,0.3,84.75757575757575,0.18518518518518517,3.2448148310941356,3.0558070985085175,,3.4261774688788877,0.0,11.750428400708513,11.436346207670608,4
372,243016,Mac Allister,MID,Liverpool,Fulham,1,2,54,1.4,a,,,1.7,85.64899477998306,0.0356020942408377,3.518128320619619,3.3480461574228926,,3.419250345904568,0.44403933654434735,7.376731275466901,7.091311060768368,4
445,465642,Thiaw,DEF,Newcastle,Leeds,0,3,50,2.1,a,,,2.7,84.65714285714286,0.1552511415525114,3.285502885046181,3.090458745521217,,3.4009610286262397,8.178900330091363e-05,6.725350217645636,6.636601551322172,4
331,243526,Gudmundsson,DEF,Leeds,Newcastle,1,2,45,0.1,a,100.0,,0.7,82.40625,0.10551558752997602,3.446812407942591,3.155987611022435,,3.367018786082387,-1.4425085862327579e-08,7.37354346282705,6.96243190821097,4
398,209244,Foden,MID,Man City,Man Utd,0,4,70,4.5,a,,,3.7,62.96969696969697,0.025380710659898477,4.718247740711957,3.3011847828954366,,3.3519462042152335,0.6801921865353667,8.973470472942394,6.329169381849862,4
325,59735,Darlow,GK,Man Utd,Man City,1,4,45,0.0,a,100.0,,0.0,90.0,0.0,3.3366848982907737,3.3366848982907737,,3.3366848982907737,0.00012402230473858715,7.604763227033043,7.604763227033043,4
236,215413,Dewsbury-Hall,MID,Everton,Spurs,0,3,65,4.5,a,,,5.0,84.80645161290323,0.10551558752997602,3.3151077684873904,3.123805850664283,,3.334837025724235,0.552488726850088,8.103175519723482,7.846604093107635,4
57,457569,Petrović,GK,Bournemouth,Brentford,1,3,45,3.3,a,,,2.0,90.0,0.0,3.298152713650715,3.298152713650715,,3.298152713650715,0.00019939096999074373,7.19242807422087,7.19242807422087,4
28,98980,Martinez,GK,Chelsea,Hull City,1,2,50,5.0,a,,,1.7,88.59375,0.0,3.3451954815819938,3.2929268021822753,,3.2929268021822753,0.07643024424171625,6.328468325921408,6.229586008328886,4
328,222694,Struijk,DEF,Brighton,Coventry City,0,2,50,0.2,a,100.0,,0.3,86.32352941176471,0.18518518518518517,3.0387691792201803,2.914636451310859,,3.2850068216812294,8.636517223044607e-05,7.036863267510502,7.119780073031587,4
473,159506,Aina,DEF,Nott'm Forest,Aston Villa,0,4,45,2.8,a,,,2.0,88.16666666666667,0.10576923076923077,3.1055335255974983,3.0422726574834753,,3.253811119021937,-4.1157413167920785e-14,7.834517955135462,7.886464384254498,4
526,154566,Solanke,FWD,Spurs,Everton,1,3,59,1.0,a,,,1.0,66.46666666666667,0.012195121951219513,4.37157593321955,3.2284897817925122,,3.2528800256949513,3.899902689364171e-10,15.685132296147719,11.608150910020422,4
351,449027,Mamardashvili,GK,Liverpool,Fulham,1,2,49,0.1,a,,,0.0,86.7,0.0,3.373414310073777,3.2497224520377386,,3.2497224520377386,0.00014884471261859413,7.77326851050434,7.4882486651191815,4
60,463981,Hill,DEF,Bournemouth,Brentford,1,3,55,0.8,a,,,2.0,82.83024970243804,0.18518518518518517,3.125349319062418,2.876371827836498,,3.246742198206868,0.07324557392601704,7.149480038006004,6.950295001377409,4
611,214590,Wan-Bissaka,DEF,Aston Villa,Nott'm Forest,1,3,45,0.2,a,,,1.0,83.2,0.04570383912248629,3.399479700193483,3.142630122845531,,3.2340378010905035,1.1584583697589628e-09,8.621450585543828,8.061459775103268,4
529,498016,Roefs,GK,Sunderland,Arsenal,1,4,50,3.0,a,,,3.0,90.0,0.0,3.2254941579026255,3.2254941579026255,,3.2254941579026255,0.07729176724896726,7.55969090092869,7.55969090092869,4
418,95658,Maguire,DEF,Man Utd,Man City,1,4,49,11.9,a,,,2.3,81.91844745064994,0.25784753363228696,2.9568799454277994,2.691366826971198,,3.207061894235772,0.45699140190843623,7.051055728332828,6.933601046742762,4
330,226182,Bogle,DEF,Leeds,Newcastle,1,2,45,1.7,a,,,7.3,82.20588235294117,0.0356020942408377,3.425275145981847,3.128641840855968,,3.1998460293376434,9.255541299137954e-05,7.447503594079854,6.873744236015398,4
350,116535,A.Becker,GK,Liverpool,Fulham,1,2,55,3.9,a,,,3.3,90.0,0.0,3.1909161463420004,3.1909161463420004,,3.1909161463420004,0.07620189776583233,7.178967141838836,7.178967141838836,4
544,84450,Xhaka,MID,Sunderland,Arsenal,1,4,55,4.3,a,,,6.0,85.32352941176471,0.18518518518518517,2.9713961194707763,2.8170000465963145,,3.1873704169666848,8.336687403172417e-05,7.664550994003854,7.63666528331324,4
198,172649,Henderson,GK,Crystal Palace,Ipswich Town,1,2,50,2.0,a,100.0,,1.7,90.0,0.0,3.1633204396372614,3.1633204396372614,,3.1633204396372614,0.04839207083405658,6.5491145981006875,6.5491145981006875,4
390,171314,Rúben,DEF,Man City,Man Utd,0,4,55,1.8,a,,,3.3,82.26923076923077,0.10551558752997602,3.2193104364957237,2.942779924642886,,3.153811099702838,8.31756854670166e-05,8.376584006970113,7.868088094251863,4
393,578153,Khusanov,DEF,Man City,Man Utd,0,4,55,1.6,a,,,3.0,74.04929463849763,0.1552511415525114,3.437403670729706,2.8281924133924146,,3.1386946964974376,0.07316659519014415,7.557823763290824,6.528852490591258,4
467,85633,Sels,GK,Nott'm Forest,Aston Villa,0,4,50,1.4,a,,,3.0,86.03225806451613,0.0,3.2436948964001537,3.1006932934405773,,3.1006932934405773,0.07342195637235407,7.2213636230704354,6.90300243108561,4
533,200834,Mukiele,DEF,Sunderland,Arsenal,1,4,55,2.3,a,100.0,,4.3,87.0,0.125,2.940135467668638,2.8421309520796836,,3.0921309520796836,0.4933977251185164,8.404583881409277,8.374431085362302,4
82,200720,Kelleher,GK,Brentford,Bournemouth,0,3,50,6.7,a,,,3.7,90.0,0.0,3.0914860296629834,3.0914860296629834,,3.0914860296629834,0.07426519578491335,6.932047166321224,6.932047166321224,4
371,441266,Gravenberch,MID,Liverpool,Fulham,1,2,59,1.4,a,,,2.3,83.08333333333333,0.037815126050420166,3.2477135995094844,2.9981207951027367,,3.073751047203577,0.11287449913690599,8.557463983010177,7.9754372808611596,4
332,220627,Justin,DEF,Leeds,Newcastle,1,2,45,1.5,a,,,5.3,79.70992273052892,0.10551558752997602,3.1944862608355713,2.829247255721551,,3.040278430781503,7.896441995326102e-05,6.950518185345455,6.366867480515754,4
497,67089,Dubravka,GK,Spurs,Everton,1,3,40,17.9,a,,,0.0,90.0,0.0,3.031818583395163,3.031818583395163,,3.031818583395163,0.00023387250589905828,7.394937844758851,7.394937844758851,4
259,219924,Diop,DEF,Ipswich Town,Crystal Palace,0,3,40,14.6,a,,,2.3,62.46153846153846,0.18518518518518517,3.8145295564347537,2.6473487177991624,,3.0177190881695326,-2.664770057898889e-09,5.729009901367775,4.346401173712792,4
389,465351,Matheus N.,DEF,Man City,Man Utd,0,4,59,1.0,a,100.0,,0.3,84.1470588235294,0.07214428857715431,3.0261043876930964,2.8293087101927936,,2.9735972873471024,0.07679155150107243,8.203399580524177,7.814199099990802,4
257,232892,Bassey,DEF,Fulham,Liverpool,0,4,45,0.7,a,,,1.0,84.4,0.10551558752997602,2.945303698038751,2.762040356827451,,2.973071531887403,7.986180427459427e-05,6.409815540741217,6.222013748821715,4
41,195546,Buendía,MID,Aston Villa,Nott'm Forest,1,3,59,1.0,a,,,2.3,73.82042539430184,0.1552511415525114,3.2358518757519428,2.654132910899533,,2.964635194004556,0.631077455219603,8.259803620176791,7.085415804381079,4
531,515046,Ellborg,GK,Sunderland,Arsenal,1,4,45,0.1,a,,,0.0,90.0,0.0,2.9610943938695224,2.9610943938695224,,2.9610943938695224,0.00014365789862456752,6.9708852875634815,6.9708852875634815,4
442,98747,Pope,GK,Newcastle,Leeds,0,3,49,1.0,a,,,0.0,89.48148148148148,0.0,2.9756366573637485,2.9584930716834634,,2.9584930716834634,0.07572531546075821,6.839418973594315,6.800014913664142,4
156,247632,Neto,MID,Chelsea,Hull City,1,2,65,1.4,a,,,3.3,77.32352941176471,0.02666666666666667,3.3756756337235028,2.9002128238755196,,2.953546157208853,0.6458325493784755,10.038910679171403,8.67826672403321,4
47,226944,Kamara,MID,Aston Villa,Nott'm Forest,1,3,50,0.3,a,100.0,,2.3,78.33333333333333,0.10551558752997602,3.134662325116025,2.728317208897281,,2.939348383957233,0.10689643208126855,6.6203195200327425,5.973161127681042,4
238,114283,Grealish,MID,Everton,Spurs,0,3,65,0.4,a,100.0,,0.7,81.35,0.125,2.9612630221953,2.6766527428398628,,2.9266527428398628,0.6967559482713309,7.496202575095116,7.025734216488751,4
124,60307,Groß,MID,Brighton,Coventry City,0,2,56,16.3,a,,,5.3,86.10526315789474,0.07214428857715431,2.9046617360216307,2.778962924053443,,2.923251501207752,0.6806889294948356,6.899355383045054,6.745075364675776,4
254,169528,Robinson,DEF,Fulham,Liverpool,0,4,45,1.4,a,,,1.3,74.67810897438758,0.10551558752997602,3.265149143346115,2.709279594938105,,2.920310769998057,0.0270180043830934,6.654197274320051,5.732396388268236,4
459,547719,L.Miley,MID,Newcastle,Leeds,0,3,55,0.1,a,100.0,,2.7,82.92877805104382,0.1552511415525114,2.825338980610417,2.6033545471333746,,2.913856830238397,0.07316659516906462,6.530350021503316,6.32776836675922,4
232,512462,O'Brien,DEF,Everton,Spurs,0,3,49,0.3,a,,,0.0,84.27027027027027,0.04570383912248629,2.990142360652351,2.799778943097307,,2.891186621342279,6.827891420654797e-11,9.373889796831937,8.868521307831154,4
136,50175,Welbeck,FWD,Chelsea,Hull City,1,2,59,0.8,a,100.0,,0.3,60.78378378378378,0.0012674271229404308,4.270806201096991,2.8843973412213613,,2.8869321954672422,9.14387944310751e-11,9.956260844625787,6.726748259520174,4
231,106611,Keane,DEF,Everton,Spurs,0,3,49,0.9,a,,,0.0,83.48518313346727,0.25784753363228696,2.5457639318725205,2.361484089632812,,2.877179156897386,0.1002636036063729,6.396853650643734,6.449500606175471,4
165,475168,João Pedro,FWD,Chelsea,Hull City,1,2,77,72.7,a,,,7.0,81.63881643466227,0.0031545741324921135,3.1581381661764936,2.864740689153152,,2.8710498374181364,0.04034619396294718,7.990919844466969,7.2548562407820825,4
91,231065,Pinnock,DEF,Coventry City,Brighton,1,2,45,0.1,a,,,1.3,79.5,0.34408602150537637,2.464551873650578,2.177020821724677,,2.8651928647354294,-1.3405077696384722e-09,6.051242031547657,6.033435837544516,4
2,109745,Arrizabalaga,GK,Arsenal,Sunderland,0,3,49,0.1,a,,,0.0,90.0,0.0,2.8347202436059984,2.8347202436059984,,2.8347202436059984,0.07964360461770931,6.586272922969163,6.586272922969163,4
109,489639,Verbruggen,GK,Brighton,Coventry City,0,2,45,22.2,a,,,3.0,90.0,0.0,2.8174993180669055,2.8174993180669055,,2.8174993180669055,0.0002131854555218477,6.972471945944258,6.972471945944258,4
514,511499,Tel,MID,Spurs,Everton,1,3,58,0.3,a,,,2.3,66.19370432487634,0.0356020942408377,3.722462947222074,2.7378179076525075,,2.809022096134183,0.676462611952844,8.55879143881363,6.3660720760273675,4
640,431639,Flemming,FWD,Ipswich Town,Crystal Palace,0,3,55,0.0,a,,,1.8,72.31942343415827,0.010899182561307902,3.44321350356965,2.7667912815429463,,2.788589646665562,0.1002636036063729,7.948884815346245,6.409117996126795,4
450,441191,Livramento,DEF,Newcastle,Leeds,0,3,49,0.1,a,100.0,,0.3,78.0,0.0356020942408377,3.1320701351239797,2.7144607837741157,,2.785664972255791,0.10134401869777174,8.3768976004693,7.331182108888402,4
19,481655,Zubimendi,MID,Arsenal,Sunderland,0,3,54,0.7,a,,,1.0,78.71052631578948,0.10416666666666667,2.9271348307811023,2.5599591458673325,,2.768292479200666,0.05211034370434518,7.195769336858819,6.501475463901968,4
480,222531,Gibbs-White,MID,Nott'm Forest,Aston Villa,0,4,79,9.4,a,100.0,,6.0,83.8108108108108,0.024630541871921183,2.9191166528416894,2.718372594733357,,2.7676336784771993,0.7157864101129566,10.67152869609555,9.986921890528315,4
256,167074,Tete,DEF,Fulham,Liverpool,0,4,44,0.2,a,,,0.0,81.4090909090909,0.10576923076923077,2.813237957875676,2.54470160735118,,2.7562400688896416,-4.0818415523133795e-14,6.4441144094906955,6.040532859214136,4
337,427637,Aaronson,MID,Leeds,Newcastle,1,2,54,0.6,a,,,1.7,69.77409884652819,0.0356020942408377,3.4372029618450153,2.664752657948373,,2.7359568464300486,7.849465283329165e-05,7.092896848272956,5.5700984751441815,4
33,149484,Mings,DEF,Aston Villa,Nott'm Forest,1,3,45,0.4,a,,,2.3,80.86818721401833,0.25784753363228696,2.445584283203162,2.197444085130379,,2.713139152394953,2.5427571696084453e-08,6.304485916032267,6.180498926662787,4
88,607464,Kayode,DEF,Brentford,Bournemouth,0,3,46,9.0,a,,,5.3,88.05405405405405,0.10551558752997602,2.5478918355243505,2.492802282323824,,2.703833457383776,9.015226076513579e-05,7.525959713437132,7.574267435233578,4
620,613804,Diouf,DEF,Brentford,Bournemouth,0,3,45,0.1,a,,,0.0,84.5625,0.07214428857715431,2.7072014132990048,2.54364132791219,,2.6879299050664986,0.10542119664123314,6.72064448956805,6.458894128810956,4
83,507433,Valdimarsson,GK,Brentford,Bournemouth,0,3,45,0.1,a,,,0.0,90.0,0.0,2.6823950107728516,2.6823950107728516,,2.6823950107728516,0.0,7.267137589875562,7.267137589875562,4
542,484420,E.Le Fée,MID,Sunderland,Arsenal,1,4,59,4.9,a,,,4.3,81.38888888888889,0.07214428857715431,2.800801927454066,2.5328239652593867,,2.6771125424136955,0.6868287674493504,9.094947275405683,8.369040279913152,4
417,216051,Dalot,DEF,Man Utd,Man City,1,4,49,1.9,a,,,1.3,77.77583276588254,0.07214428857715431,2.918236881031532,2.521870040337101,,2.66615861749141,7.84554461605852e-05,7.446037942778286,6.578975263886976,4
519,232787,Gallagher,MID,Spurs,Everton,1,3,54,0.2,a,,,1.0,73.98229764807996,0.10576923076923077,2.9850100364337315,2.4537544555327373,,2.665292917071199,0.07316662063883378,6.972466972842419,5.943084316274405,4
347,174594,Nmecha,FWD,Leeds,Newcastle,1,2,54,0.5,a,,,1.7,62.747312420818844,0.008,3.7965458443208204,2.646922757928444,,2.662922757928444,0.047499513874074195,7.275432260061773,5.088375789095558,4
86,249231,Lewis-Potter,MID,Brentford,Bournemouth,0,3,55,2.1,a,,,6.0,78.163647754361,0.04570383912248629,2.9599429036483085,2.570665938819854,,2.6620736170648263,0.45699140190843623,7.300023993329834,6.431368833945159,4
4,226597,Gabriel,DEF,Arsenal,Sunderland,0,3,80,24.5,a,,,5.0,73.51567906794901,0.15789473684210525,2.8645386979209424,2.33987230660085,,2.655661780285061,0.0,7.663771404739083,6.575871240805579,4
415,596777,Dorgu,MID,Man Utd,Man City,1,4,58,0.6,a,,,0.7,50.08258153468342,0.0031545741324921135,4.741981170967494,2.6387850958990344,,2.6450942441640186,-2.8394058497912524e-09,8.435497972861684,4.7004370928372285,4
327,434752,Bijol,DEF,Leeds,Newcastle,1,2,50,0.9,a,,,4.0,75.52,0.18518518518518517,2.6846968757795433,2.252758978431901,,2.623129348802271,9.425631296749816e-05,7.683211989585649,6.817438919853794,4
265,207189,Berge,MID,Fulham,Liverpool,0,4,50,0.3,a,,,1.7,82.97142857142858,0.07214428857715431,2.6823435166554512,2.4728652610690256,,2.6171538382233344,0.08002710137130938,5.513534847256714,5.227242607768117,4
105,444180,Anthony,MID,Brentford,Bournemouth,0,3,60,0.1,a,,,1.3,73.43243243243244,0.0356020942408377,3.1075341390012117,2.535486563263151,,2.6066907517448263,0.5088796223339916,8.159701873598081,6.728834816279269,4
258,166477,Castagne,DEF,Fulham,Liverpool,0,4,45,0.8,a,,,4.3,81.98606766256016,0.07214428857715431,2.6880433654325953,2.4486900582028075,,2.5929786353571163,0.027018029831783034,6.2229781570323865,5.813149779877544,4
29,72147,M.Bizot,GK,Aston Villa,Nott'm Forest,1,3,45,0.1,a,,,0.3,83.57142857142857,0.0,2.791217960922296,2.5918452494278466,,2.5918452494278466,0.0001325412582770737,6.779281014325247,6.295046656159158,4
8,466075,Calafiori,DEF,Arsenal,Sunderland,0,3,57,48.2,a,,,7.3,65.26923076923077,0.02666666666666667,3.5001803718304023,2.5383786713658947,,2.591712004699228,-4.635724019238862e-13,11.256679531464417,8.216831267049196,4
267,212314,Lukić,MID,Ipswich Town,Crystal Palace,0,3,50,0.1,a,,,2.7,82.61148360073794,0.18518518518518517,2.414923619277287,2.2166713663440034,,2.5870417367143737,0.07316662063883378,5.24916165730117,5.188604061145459,4
233,224967,Mykolenko,DEF,Everton,Spurs,0,3,45,1.9,a,,,3.7,89.66666666666667,0.18518518518518517,2.213060432489916,2.204863912369583,,2.5752342827399533,0.0,6.123772171114515,6.471461903814092,4
516,202993,Bentancur,MID,Spurs,Everton,1,3,55,0.2,a,,,2.7,73.38974816090561,0.10551558752997602,2.882799341383968,2.3507546406954885,,2.5617858157554405,0.07324557379563096,6.659772020919393,5.64168663533017,4
203,651426,Canvot,DEF,Crystal Palace,Ipswich Town,1,2,49,0.2,a,,,0.7,79.47091502069682,0.25784753363228696,2.313417925316558,2.0427715483354323,,2.558466615600006,0.07316659516906462,5.599754178418517,5.460334938930018,4
116,83299,Dunk,DEF,Brighton,Coventry City,0,2,45,1.3,a,,,3.3,85.96969696969697,0.1552511415525114,2.3327031575944286,2.2282420397627587,,2.5387443228677817,0.028946770119705974,6.203269518520239,6.235982291199944,4
447,220237,Botman,DEF,Newcastle,Leeds,0,3,50,0.7,a,,,3.0,76.84087531487246,0.25784753363228696,2.358685108737817,2.013815870528544,,2.529510937793118,0.07324557377455143,6.251531921173625,5.8531748992851025,4
501,135720,Danso,DEF,Sunderland,Arsenal,1,4,50,0.2,a,,,0.7,79.44912452757126,0.25784753363228696,2.2752202436618756,2.0084917385149264,,2.5241868057795003,0.07316662063883378,6.140564445012225,5.936389170168493,4
421,606745,Heaven,DEF,Man Utd,Man City,1,4,44,0.3,a,,,0.3,69.86819639173426,0.1552511415525114,2.851212121614476,2.2134338718605946,,2.523936154965617,-1.4185533550502055e-08,6.877894647149362,5.649903327201572,4
419,221820,Martinez,DEF,Man Utd,Man City,1,4,50,1.2,a,100.0,,1.3,78.12043272525436,0.1552511415525114,2.5379444833139178,2.202948014101726,,2.5134502972067487,0.07316659519014415,6.100306027330932,5.605597245455797,4
545,577669,Sadiki,MID,Sunderland,Arsenal,1,4,49,0.3,a,,,2.0,87.60606060606061,0.18518518518518517,2.19947027772877,2.140965849465951,,2.511336219836321,-6.191766200426929e-07,5.590888047627448,5.812544560838705,4
16,248857,Madueke,MID,Arsenal,Sunderland,0,3,63,0.2,a,,,0.7,64.11592066084299,0.0356020942408377,3.421481291826629,2.437460256103497,,2.5086644445851722,0.6223555006219424,8.166374528834456,5.888922203786998,4
153,220362,Disasi,DEF,Crystal Palace,Ipswich Town,1,2,45,0.1,a,,,1.3,89.57142857142857,0.25784753363228696,2.000882981032899,1.9913549668375046,,2.5070500341020785,-3.187719858651144e-10,6.068467173161872,6.5552647776971025,4
488,210462,I.Sangaré,MID,Nott'm Forest,Aston Villa,0,4,49,0.5,a,100.0,,0.7,74.03571428571429,0.1552511415525114,2.666936527724354,2.1938727864970584,,2.504375069602081,0.0001187702782112477,5.512958999537906,4.845567364867753,4
571,216055,Florentino,MID,Ipswich Town,Crystal Palace,0,3,49,0.1,a,100.0,,0.0,75.93023175850517,0.18518518518518517,2.516698495656471,2.1232611115719684,,2.4936314819423386,0.07324557377455143,4.846384696001314,4.45911607212873,4
482,209046,Hudson-Odoi,MID,Nott'm Forest,Aston Villa,0,4,59,0.2,a,100.0,,0.3,70.00756835773547,0.037815126050420166,3.093860424558363,2.4065960573506895,,2.48222630945153,0.6481015579427148,7.096658629824852,5.5958504092005805,4
449,487838,Hall,DEF,Newcastle,Leeds,0,3,51,12.4,a,,,6.0,72.53333333333333,0.07214428857715431,2.9001341133396834,2.3372932706026486,,2.4815818477569573,0.029044398885897844,7.137887467230025,5.896897143336729,4
534,487676,Hume,DEF,Sunderland,Arsenal,1,4,45,4.3,a,,,3.0,79.78947368421052,0.0356020942408377,2.7029765935026453,2.3963231086257366,,2.467527297107412,0.10510229123969556,6.342663246901229,5.6942904354420625,4
455,432422,Tonali,MID,Spurs,Everton,1,3,54,2.6,a,,,3.0,72.4,0.10576923076923077,2.744702936823239,2.207961029177806,,2.4194994907162677,-1.7919880020185856e-08,8.300375428746648,6.888729361996877,4
446,119471,Schär,DEF,Newcastle,Leeds,0,3,50,0.2,a,100.0,,0.3,72.26670340247085,0.125,2.697079285790875,2.1656558755466344,,2.4156558755466344,0.6480226076194956,6.446977925044178,5.426687128349384,4
239,232928,Garner,MID,Everton,Spurs,0,3,60,0.1,d,75.0,Unspecified injury - 75% chance of playing,1.0,64.33946976546903,0.1388888888888889,2.953917046565899,2.111705072302558,,2.3894828500803356,0.5195358641908279,5.647849248582453,4.315329177434419,4
36,441302,Maatsen,DEF,Aston Villa,Nott'm Forest,1,3,45,0.8,a,,,2.7,66.8866190400023,0.10551558752997602,2.8899340912254474,2.1477546734501307,,2.3587858485100828,-2.6008227463706067e-09,6.495523952762885,5.038404909433963,4
113,231416,F.Kadıoğlu,DEF,Brighton,Coventry City,0,2,44,1.8,a,100.0,,0.7,84.5945945945946,0.10551558752997602,2.275608890058956,2.1389356834488087,,2.3499668585087607,0.07557256562215647,5.947711749765721,5.801522999914818,4
336,435997,Okafor,MID,Leeds,Newcastle,1,2,59,0.3,a,,,2.0,65.81501136946058,0.024630541871921183,3.1251565761326776,2.2853579509946296,,2.334619034738472,0.6290415880052275,9.211699767610328,6.785573583047522,4
15,184029,Ødegaard,MID,Arsenal,Sunderland,0,3,66,15.4,a,,,8.0,67.78827233315913,0.04570383912248629,2.9609771458180902,2.230216945921966,,2.3216246241669385,0.5009545278084093,7.359992081757662,5.634975985001453,4
552,441264,Brobbey,FWD,Sunderland,Arsenal,1,4,59,7.6,a,,,2.0,61.935483870967744,0.008,3.348761234855603,2.3045238605457916,,2.3205238605457916,0.035077249893467395,10.074104012741438,6.948716739951098,4
190,469272,Tchaouna,MID,Coventry City,Brighton,1,2,55,0.1,a,,,1.3,69.57615061095537,0.07214428857715431,2.7973575089990264,2.1625485262089246,,2.3068371033632333,0.5171274762617301,6.080447429727602,4.844889978851244,4
127,514254,Gomez,MID,Brighton,Coventry City,0,2,50,4.8,a,,,4.3,66.15625,0.02666666666666667,3.045814545405018,2.2388852057716746,,2.292218539105008,-3.6909075169744386e-09,8.161994298984032,6.052965948246249,4
102,508395,Yarmoliuk,MID,Brentford,Bournemouth,0,3,49,0.8,a,,,0.7,75.09661094510366,0.25784753363228696,2.1145095698971947,1.764361139002979,,2.280056206267553,0.07324557379563096,5.415596445268676,5.034505503775998,4
222,247412,Strand Larsen,FWD,Crystal Palace,Ipswich Town,1,2,60,0.5,a,,,1.3,63.916666666666664,0.03258145363408521,3.1092659781677177,2.2081546344950365,,2.2733175417632068,0.08009636000900923,7.240443453706668,5.207218582261702,4
9,448104,Hincapie,DEF,Arsenal,Sunderland,0,3,53,1.1,a,,,0.7,73.04515834597919,0.1552511415525114,2.4136179656414782,1.9589234054109104,,2.269425688515933,0.07324557121592615,6.183848965711412,5.329393692971797,4
95,533463,O.Dango,MID,Brentford,Bournemouth,0,3,64,0.7,a,,,1.7,72.18998218193764,0.010899182561307902,2.7943001329345036,2.241338631194753,,2.263136996317369,0.6765415880132134,8.408475312329887,6.766328175948805,4
536,434399,Reinildo,DEF,Sunderland,Arsenal,1,4,45,0.4,a,,,3.0,78.64,0.10576923076923077,2.337605064641655,2.042547358704664,,2.2540858202431258,-3.90916554733398e-14,6.715267494846762,6.0791899703690095,4
387,472769,O'Reilly,DEF,Man City,Man Utd,0,4,65,14.3,d,75.0,Back injury - 75% chance of playing,1.0,63.49468242758033,0.034277879341864714,3.052264742936978,2.1533620059742615,,2.221917764657991,0.39710515429208504,7.2430050267395085,5.178470247508097,4
502,122798,Robertson,DEF,Spurs,Everton,1,3,45,2.8,a,,,2.0,67.430029053882,0.0356020942408377,2.8427220670153965,2.1298314618995517,,2.201035650381227,0.02701802731569995,6.935135716870517,5.267164220494939,4
456,232653,J.Ramsey,MID,Newcastle,Leeds,0,3,49,0.4,a,,,2.3,74.63190288302614,0.10551558752997602,2.394345479512031,1.9854951032817174,,2.1965262783416692,0.10018459697249166,5.9386440381147265,5.135612342942624,4
395,477064,Lewis,DEF,Man City,Man Utd,0,4,45,0.2,a,,,0.3,64.55890059770273,0.03258145363408521,2.967959069354686,2.128979717072439,,2.1941426243406092,0.0,6.479502738347539,4.713047054018409,4
162,532605,Andrey Santos,MID,Man Utd,Man City,1,4,49,0.7,a,,,1.3,72.87288747380858,0.0356020942408377,2.599936398579748,2.105165251252901,,2.1763694397345765,0.07316659258935981,6.372153301185268,5.230728749405363,4
422,230001,Mazraoui,DEF,Man Utd,Man City,1,4,44,0.6,a,,,1.0,67.32374647837321,0.07214428857715431,2.7067126972937623,2.0247337713599887,,2.1690223485142974,-2.5797432336399634e-09,6.323523824371322,4.874547630509063,4
460,200089,Willock,MID,Newcastle,Leeds,0,3,50,0.5,a,,,3.7,70.05592135366628,0.04570383912248629,2.6317592735817446,2.048559118798051,,2.1399667970430234,0.6480226047648383,5.584185076100242,4.438132461751589,4
367,243298,Gakpo,MID,Liverpool,Fulham,1,2,72,13.8,d,75.0,Thigh injury - 75% chance of playing,7.0,58.25953349967989,0.002365930599369085,3.2943444709829257,2.1325219118523884,,2.1372537730511265,0.05493419863594444,6.169445019302135,3.9983872920483594,4
623,79602,Bentley,GK,Coventry City,Brighton,1,2,40,0.4,a,,,0.0,90.0,0.0,2.1320523327809733,2.1320523327809733,,2.1320523327809733,0.0001394926506965091,6.5423488433745876,6.5423488433745876,4
269,184349,Sessegnon,DEF,Fulham,Liverpool,0,4,45,0.3,a,,,1.0,67.25925925925925,0.07214428857715431,2.6484399728060866,1.9792456751505567,,2.1235342523048653,8.36806595948565e-05,6.940690718515651,5.331240982431848,4
403,510281,Sávio,MID,Spurs,Everton,1,3,65,0.7,a,100.0,,1.0,64.41429299545693,0.0031545741324921135,2.9462624190083706,2.1086823411056543,,2.1149914893706385,0.24725267397906592,7.664342729438196,5.491789350394229,4
149,460028,Colwill,DEF,Chelsea,Hull City,1,2,49,1.1,a,,,0.3,75.0,0.25784753363228696,1.8825202130145915,1.5687668441788263,,2.0844619114434,0.0772999197719548,5.164427384225531,4.819384554119184,4
439,485711,Šeško,FWD,Man Utd,Man City,1,4,70,1.6,a,100.0,,2.3,51.5244814501109,0.0012674271229404308,3.610891617305545,2.067214646158005,,2.069749500403886,0.02566710322186569,9.102058854102978,5.213411105201954,4
87,191866,Ajer,DEF,Brentford,Bournemouth,0,3,45,4.8,a,,,4.3,66.85185185185185,0.25784753363228696,2.061418824081125,1.5312185092454447,,2.0469135765100184,-2.9306015083026586e-09,6.500314720203692,5.344118141325341,4
64,54469,Smith,DEF,Bournemouth,Brentford,1,3,45,0.1,a,,,0.7,66.55167393161653,0.0356020942408377,2.6494575567513166,1.959175949028567,,2.0303801375102424,-3.8424976113534814e-14,6.203938144667049,4.658787171768336,4
345,248056,Tanaka,MID,Leeds,Newcastle,1,2,49,0.2,a,,,2.0,65.59122920133926,0.1552511415525114,2.350753211760701,1.7132088078708951,,2.023711090975918,0.07316659265298153,5.758645870708063,4.507354074160117,4
230,480455,Branthwaite,DEF,Everton,Spurs,0,3,55,1.9,a,,,4.3,68.30276202828374,0.18518518518518517,2.1354195985040567,1.6206117407461755,,1.990982111116546,0.07316661805912897,6.107951008437721,5.0058139727007855,4
199,121709,Benitez,GK,Crystal Palace,Ipswich Town,1,2,45,0.1,a,,,0.0,90.0,0.0,1.9821903151350135,1.9821903151350135,,1.9821903151350135,0.00012764611647325978,6.491727454083748,6.491727454083748,4
213,152551,Lerma,MID,Crystal Palace,Ipswich Town,1,2,49,0.1,a,,,0.0,74.59564257877844,0.1552511415525114,2.0156419641399723,1.6706456391530258,,1.9811479222580486,0.07316659258935981,4.397310769604541,3.9551714217409506,4
73,200785,Adams,MID,Bournemouth,Brentford,1,3,50,0.3,a,100.0,,2.0,70.76,0.10416666666666667,2.249071092404537,1.7682696722060562,,1.9766030055393895,0.07338539160491463,5.7647126806201285,4.740678547563114,4
539,167512,O'Nien,DEF,Sunderland,Arsenal,1,4,40,2.7,a,,,0.3,72.65654068732266,0.25784753363228696,1.7986914140368924,1.452074398976771,,1.967769466241345,-2.663996157753744e-11,5.505806176969724,4.960504295192498,4
114,204120,Boscagli,DEF,Brighton,Coventry City,0,2,45,0.3,a,,,2.3,74.22006121763832,0.1552511415525114,2.007442833750823,1.655472555687727,,1.9659748387927498,-1.4185533550502055e-08,6.151647666475471,5.383565243051149,4
144,482609,Gusto,DEF,Chelsea,Hull City,1,2,50,1.1,a,,,1.0,70.0202149568061,0.10551558752997602,2.232077391406078,1.7365615416275624,,1.9475927166875144,0.0,6.165149614046338,5.007532299686559,4
506,487053,Udogie,DEF,Spurs,Everton,1,3,45,0.4,a,,,2.3,69.07212948528314,0.07214428857715431,2.342754154387083,1.7979890922667734,,1.942277669421082,-2.663996157753744e-11,6.241060205366784,4.934103228604779,4
46,88894,Barkley,MID,Aston Villa,Nott'm Forest,1,3,50,0.3,a,,,2.3,63.76398593922067,0.02666666666666667,2.648009774642789,1.8760850893026855,,1.9294184226360187,0.24725267395000047,6.2370377478319945,4.472204302834976,4
260,153682,Wilson,MID,Leeds,Newcastle,1,2,63,3.1,a,,,1.3,54.05291684122416,0.012195121951219513,3.1204881765042995,1.8741276434290013,,1.8985178873314403,-3.742683774126279e-13,7.779491597561687,4.6966592704580385,4
7,499169,Lewis-Skelly,MID,Arsenal,Sunderland,0,3,55,0.7,a,,,2.7,62.16723154574433,0.037815126050420166,2.622968974060239,1.8118079949745147,,1.887438247075355,0.07316659231627488,6.464947783099022,4.541273649468211,4
366,494595,Wirtz,MID,Liverpool,Fulham,1,2,74,8.2,a,,,3.0,49.54305520743002,0.012345679012345678,3.3337870554895863,1.8351777348881795,,1.859869092912871,0.0,7.907109569443529,4.377384312804014,4
405,465694,N.Gonzalez,MID,Newcastle,Leeds,0,3,55,0.3,a,,,1.3,68.88596203766579,0.07214428857715431,2.2102246983600145,1.6917050518437697,,1.8359936289980783,0.07316659258935981,5.752387602632875,4.547163621831059,4
26,219847,Havertz,FWD,Arsenal,Sunderland,0,3,75,7.7,a,,,5.3,51.25342765167854,0.012195121951219513,3.0573437980482723,1.7411038795508358,,1.7654941234532748,0.028440003674606987,7.531907079694986,4.3136797393281325,4
369,611922,Ngumoha,MID,Liverpool,Fulham,1,2,58,0.6,a,,,1.0,52.271028895448715,0.03258145363408521,2.9035716815454906,1.686363102956344,,1.7515260102245143,0.07316661823160137,7.25050458098662,4.276177734594114,4
98,204580,Janelt,MID,Brentford,Bournemouth,0,3,50,1.8,a,,,7.0,65.91657584376495,0.10551558752997602,2.0451582871542,1.4978870149744914,,1.7089181900344435,-5.094093290649331e-07,4.881205900306936,3.786057607689009,4
262,209289,Smith Rowe,MID,Fulham,Liverpool,0,4,54,0.3,a,,,0.7,54.24950405127987,0.037815126050420166,2.6672364562512274,1.6077361659902483,,1.6833664180910886,0.02566661805912896,6.407730489177027,3.9380324869021592,4
490,60689,Wood,FWD,Nott'm Forest,Aston Villa,0,4,59,1.1,a,,,0.7,47.76360825190209,0.0012674271229404308,3.149749192034188,1.6715931833340676,,1.6741280375799485,-1.4171820845199914e-09,8.20257826197422,4.355698573807042,4
212,108413,Hughes,MID,Crystal Palace,Ipswich Town,1,2,45,8.7,a,,,0.3,67.3477338459398,0.10416666666666667,1.9394870406998923,1.451333966830064,,1.6596673001633973,-2.6008227463706067e-09,4.755374792457752,3.766819065112621,4
430,184341,Mount,MID,Man Utd,Man City,1,4,54,0.0,a,100.0,,0.0,53.31738432658309,0.1552511415525114,2.271434509575833,1.345632741330205,,1.6561350244352278,0.07316659261043934,5.954053114489717,3.837774929839881,4
214,209400,Kamada,MID,Crystal Palace,Ipswich Town,1,2,50,0.3,a,,,3.3,67.82142857142857,0.04570383912248629,2.05296924958094,1.5470589702199227,,1.6384666484648953,-4.740208999277555e-13,5.584990294796886,4.300096793252625,4
25,224117,Gyökeres,FWD,Arsenal,Sunderland,0,3,73,3.9,a,,,0.3,48.68522683226692,0.0012674271229404308,2.9798458144932525,1.6119385489309463,,1.6144734031768273,0.0,6.506658714566686,3.5222921368994964,4
96,440089,Damsgaard,MID,Brentford,Bournemouth,0,3,55,0.5,a,,,4.0,44.85693949846757,0.1552511415525114,2.577751985692586,1.284778498491855,,1.595280781596878,2.89502768144389e-10,5.687844794049616,3.1453835031423267,4
240,490094,Iroegbunam,MID,Hull City,Chelsea,0,4,50,0.0,a,100.0,,0.3,61.503653059383545,0.10551558752997602,2.000419846148897,1.3670347576738575,,1.5780659327338096,0.07316659514246308,4.411527759647296,3.225754206073139,4
209,242898,Johnson,MID,Everton,Spurs,0,3,59,0.1,a,,,1.0,54.36541541507955,0.10416666666666667,2.2541901550500647,1.3616664911542151,,1.5699998244875484,0.0,6.093839609734018,3.8893791317339574,4
264,477555,Bobb,MID,Fulham,Liverpool,0,4,55,0.3,a,,,2.3,52.1727287227227,0.0356020942408377,2.5629767386888633,1.485749890114029,,1.5569540785957043,0.02566661806711487,5.470221918044578,3.2422753460731375,4
204,244723,Mitchell,DEF,Crystal Palace,Ipswich Town,1,2,45,6.0,a,,,5.3,63.33107847984813,0.07214428857715431,2.0018153591285746,1.4086347290126346,,1.5529233061669432,1.2348706044288844e-10,5.416033394151882,3.955435643093321,4
352,155503,Woodman,GK,Liverpool,Fulham,1,2,40,1.1,a,,,0.0,70.66666666666667,0.0,1.974115071417498,1.5500459079278133,,1.5500459079278133,0.0001285192063930917,5.89727615687095,4.630453871320894,4
142,225796,James,DEF,Chelsea,Hull City,1,2,54,7.8,a,,,0.7,58.170617199762845,0.07214428857715431,2.1667294042166505,1.4004442972017443,,1.5447328743560529,0.0,5.862120138330906,3.9332124276639524,4
115,465730,De Cuyper,DEF,Brighton,Coventry City,0,2,48,20.5,a,,,7.0,46.33955677052142,0.07214428857715431,2.702216917175684,1.3913281582191774,,1.535616735373486,-2.9002350501306687e-13,5.743974960925137,3.1017691748236857,4
249,586309,Barry,FWD,Everton,Spurs,0,3,56,5.7,a,,,4.0,46.78287941690076,0.024630541871921183,2.769746883077769,1.4397414938484892,,1.4890025775923315,0.047578492486004154,6.3766770009391305,3.363920097248951,4
211,488024,Yeremy,MID,Crystal Palace,Ipswich Town,1,2,55,0.4,a,,,3.7,50.46370218786022,0.012195121951219513,2.58978676173512,1.452113643047378,,1.476503886949817,-9.392160165564079e-10,5.320894358901302,3.0078572250208917,4
399,466052,Cherki,MID,Man City,Man Utd,0,4,78,29.9,a,,,8.3,43.73989652850647,0.0356020942408377,2.878367787169815,1.3988834353532649,,1.4700876238349403,0.0,8.0358625471248,3.9766241476876667,4
379,219168,Isak,FWD,Liverpool,Fulham,1,2,91,21.5,a,,,7.7,47.731625759959606,0.012195121951219513,2.6928825539884427,1.4281740253611173,,1.4525642692635563,0.0,6.718948359162484,3.587793894791754,4
159,486672,Caicedo,MID,Chelsea,Hull City,1,2,54,1.6,d,75.0,Calf injury - 75% chance of playing,0.2,60.31361797515578,0.1388888888888889,1.7464251143437823,1.1703690796527626,,1.4481468574305403,0.05493418033091357,4.5979810360327,3.3591207962698584,4
202,427623,Richards,DEF,Crystal Palace,Ipswich Town,1,2,50,0.7,a,,,1.3,50.88062576895716,0.18518518518518517,1.8250432991187948,1.031770501273404,,1.4021408716437742,0.0,5.388416688834803,3.4166594040571137,4
14,232413,Eze,MID,Arsenal,Sunderland,0,3,64,1.2,a,,,0.7,50.52396116971143,0.010899182561307902,2.4485935284689293,1.3745849372530097,,1.3963833023756256,0.0,7.639118807039884,4.310226609319231,4
117,550090,Coppola,DEF,Brighton,Coventry City,0,2,45,0.0,a,,,0.0,51.62588433483771,0.1552511415525114,1.8597119797263704,1.0667697284607294,,1.3772720115657522,-4.0647096508156787e-10,4.664860102953153,2.9863637065856734,4
35,515597,Bogarde,MID,Aston Villa,Nott'm Forest,1,3,50,0.1,a,,,0.3,52.563314908576025,0.07214428857715431,2.0415993958741585,1.1923692440276883,,1.3366578211819968,0.07316659448531292,5.489439911788475,3.3503236744325684,4
392,448514,Aït-Nouri,DEF,Man City,Man Utd,0,4,53,0.5,a,,,0.0,47.58143249850998,0.03258145363408521,2.3994205366264776,1.268531847767015,,1.3336947550351854,0.0,5.297544131430663,2.865882223907568,4
108,75115,Wilson,FWD,Brentford,Bournemouth,0,3,55,0.4,a,,,1.0,47.5783175255798,0.0031545741324921135,2.5087748009093755,1.3262587119759948,,1.332567860240979,-9.392160165564079e-10,8.112887240015175,4.295170538872393,4
37,184667,Lindelöf,DEF,Aston Villa,Nott'm Forest,1,3,45,0.3,a,,,2.0,55.88921538104658,0.07214428857715431,1.861760431255537,1.1561369970038986,,1.3004255741582071,-2.6008227463706067e-09,4.8046920971787594,3.1279604822524876,4
453,201666,Barnes,MID,Newcastle,Leeds,0,3,60,2.1,a,,,5.7,49.99786050764763,0.012195121951219513,2.271904277801209,1.2621150352025863,,1.2865052791050253,0.0,7.950149345958878,4.440950888504862,4
271,244042,Muniz,FWD,Fulham,Liverpool,0,4,54,0.5,a,,,0.7,39.441395049806545,0.0031545741324921135,2.78467083790836,1.2203478066846603,,1.2266569549496444,0.025666618117485784,6.507018925506789,2.857930304236995,4
43,166989,Tielemans,MID,Man Utd,Man City,1,4,59,1.8,a,100.0,,2.7,46.45041095223322,0.07214428857715431,2.0767979984264815,1.0718680054631717,,1.2161565826174803,2.011708000401816e-10,5.894932784681223,3.186755803645813,4
253,174874,Andersen,DEF,Fulham,Liverpool,0,4,50,0.1,a,100.0,,0.7,87.33333333333333,0.18518518518518517,0.8036431354640634,0.7798314870058689,,1.1502018573762394,-0.023200212144070705,10.327988393592511,10.39234429304162,4
374,158983,Endo,MID,Liverpool,Fulham,1,2,50,0.1,a,100.0,,0.0,51.083299457170966,0.10551558752997602,1.639988181845387,0.930844526660325,,1.141875701720277,-5.11553535909464e-07,3.9879324880223144,2.4745506139557825,4
210,496221,Wharton,MID,Crystal Palace,Ipswich Town,1,2,55,0.9,a,100.0,,2.7,45.61112901610689,0.04570383912248629,2.0096523863560956,1.0184723807957217,,1.1098800590406943,-5.575443409278835e-09,5.257507429392884,2.755861563413631,4
11,500040,Mosquera,DEF,Arsenal,Sunderland,0,3,54,3.2,d,75.0,Muscular injury - 75% chance of playing,3.0,52.87887034825716,0.07913669064748201,1.5910707034860831,0.9348224604950099,,1.0930958417899739,0.054874944457829505,4.363078653733943,2.7217697196288033,4
391,477424,Gvardiol,DEF,Man City,Man Utd,0,4,56,19.9,a,,,7.3,38.06610521857629,0.07214428857715431,2.1770120521802707,0.9207818871155875,,1.065070464269896,0.0,5.230120438284191,2.356403187260446,4
487,250199,Dominguez,MID,Nott'm Forest,Aston Villa,0,4,49,0.1,a,,,0.3,43.28087108471263,0.1552511415525114,1.5320285625935441,0.7367503412856531,,1.047252624390676,-5.4996001745428985e-11,3.7586737530741883,2.118043107063878,4
45,122806,McGinn,MID,Aston Villa,Nott'm Forest,1,3,54,2.3,a,,,1.7,53.99801643793139,0.012345679012345678,1.6909079223086396,1.0145074864872259,,1.0391988445119171,0.0,5.453615677712214,3.296740569260963,4
148,551210,Hato,DEF,Chelsea,Hull City,1,2,45,0.9,a,,,2.7,47.75261690681508,0.1552511415525114,1.3503257349675197,0.7164620835701941,,1.0269643666752168,1.9371777490122649e-10,3.4313713332335345,2.131135180226448,4
357,216094,Frimpong,DEF,Liverpool,Fulham,1,2,54,2.4,a,,,0.3,44.73451302504948,0.012195121951219513,1.9884761114633867,0.9883723389806512,,1.0127625828830902,0.0,6.073881429980073,3.0434138877029917,4
246,513466,Röhl,MID,Everton,Spurs,0,3,50,0.0,a,,,2.0,46.95433306191761,0.037815126050420166,1.7373937437180864,0.9064240500247883,,0.9820543021256286,0.025667104800004458,3.7131170643424136,2.012818422512212,4
70,222683,Kluivert,MID,Bournemouth,Brentford,1,3,60,1.0,a,,,2.3,30.408452159943987,0.025380710659898477,2.7166403312646996,0.9178758616559667,,0.9686372829757637,0.0,6.0276569175165795,2.0873360547960007,4
401,438234,Marmoush,FWD,Spurs,Everton,1,3,70,2.2,a,,,1.3,31.894266346439792,0.024630541871921183,2.4779666806899114,0.8781436590169708,,0.9274047427608132,1.0457376806653212e-10,6.056831163661031,2.195685376512974,4
420,550864,Yoro,DEF,Man Utd,Man City,1,4,49,0.5,a,,,0.7,33.28357468168626,0.10551558752997602,1.924439630535457,0.7116914462591512,,0.9227226213191032,7.859606782692211e-13,4.982312805932674,2.0535776235464183,4
358,544877,Kerkez,DEF,Liverpool,Fulham,1,2,54,2.8,a,,,2.0,42.45838597915423,0.07214428857715431,1.6057300134075085,0.7575189409729833,,0.901807518127292,0.0,4.23848558905501,2.143835878345203,4
32,199796,Cash,DEF,Aston Villa,Nott'm Forest,1,3,45,6.6,d,75.0,Muscular injury - 75% chance of playing,1.7,45.10664691435742,0.026701570680628273,1.631070049411088,0.8174677867929939,,0.8708709281542505,5.894705087019158e-13,4.0683516267089805,2.0923998119102967,4
406,91651,Kovačić,MID,Man City,Man Utd,0,4,54,0.1,a,,,0.7,34.59936156065869,0.10551558752997602,1.7085423839444864,0.6568275075978337,,0.8678586826577858,0.0,3.7966440917529964,1.670602971145514,4
34,244954,Pau,DEF,Aston Villa,Nott'm Forest,1,3,45,0.4,a,,,0.7,42.84329144488001,0.07214428857715431,1.4968974764948397,0.7125779427619315,,0.8568665199162402,0.0,4.61317752952204,2.3403297925352455,4
489,204968,Yates,MID,Nott'm Forest,Aston Villa,0,4,45,1.4,a,100.0,,0.0,37.791183091528815,0.10551558752997602,1.5305934053210957,0.6426992846575121,,0.8537304597174642,0.0,4.052754276163346,1.9127909403429,4
454,449434,Elanga,MID,Newcastle,Leeds,0,3,61,11.0,a,,,6.0,35.594642303223296,0.02666666666666667,1.9758806533514837,0.7814529454433912,,0.8347862787767245,0.0,5.9453001569801875,2.4046759163667453,4
553,437505,Isidor,FWD,Sunderland,Arsenal,1,4,55,1.5,a,,,4.3,37.61318732937521,0.0031545741324921135,1.977109763906757,0.8262822213395739,,0.832591369604558,0.0,5.927638704828528,2.4836134263268783,4
17,195384,Merino,MID,Arsenal,Sunderland,0,3,59,0.4,a,,,0.7,33.79664381314079,0.0356020942408377,2.0121053940655553,0.7555823257525873,,0.8267865142342627,0.0,6.436453657431983,2.488210096037409,4
90,472713,Hickey,DEF,Brentford,Bournemouth,0,3,45,0.1,a,,,1.0,35.32332820267693,0.1552511415525114,1.2926907992780805,0.5073571263053379,,0.8178594094103607,0.0,3.2239407767955672,1.5758391516021677,4
224,205533,Nketiah,FWD,Crystal Palace,Ipswich Town,1,2,55,0.7,a,,,2.3,35.43142850967688,0.012195121951219513,2.0045693107465734,0.7891639358489941,,0.8135541797514332,0.0,5.230769222151864,2.08365275218346,4
20,616077,Dowman,MID,Arsenal,Sunderland,0,3,53,0.1,a,,,0.0,36.141930952092515,0.012195121951219513,1.8859649894048693,0.7573601825014965,,0.7817504264039355,-1.4171820845199914e-09,5.089780184810445,2.068328955021859,4
457,114243,J.Murphy,MID,Newcastle,Leeds,0,3,59,0.1,a,,,0.7,36.26437056089564,0.04570383912248629,1.702761007740957,0.6861061795706906,,0.7775138578156632,-2.9002350501306687e-13,4.899716232217048,2.0656868458933553,4
268,577725,King,MID,Fulham,Liverpool,0,4,55,1.1,a,,,6.3,31.069426921281373,0.03258145363408521,2.040203104749466,0.7043104585287211,,0.7694733657968915,0.0,6.198742569045987,2.2050671211882844,4
339,180135,Longstaff,MID,Leeds,Newcastle,1,2,49,0.1,a,,,0.3,34.11247865230047,0.0356020942408377,1.7831761600956286,0.6758728743839251,,0.7470770628656005,0.0,3.8399556444119813,1.5266531323237242,4
532,223827,Ballard,DEF,Sunderland,Arsenal,1,4,49,3.4,a,,,4.0,73.93103448275862,0.1552511415525114,0.5137813831085387,0.4220487683466311,,0.7325510514516539,0.0,6.2342900932823575,5.4316969037936715,4
549,549912,Talbi,MID,Sunderland,Arsenal,1,4,54,0.2,a,,,0.3,35.722609225386655,0.0356020942408377,1.6628492331046738,0.6600145928325795,,0.7312187813142549,0.0,3.7974865246134795,1.5784944902309976,4
42,485337,Guessand,MID,Crystal Palace,Ipswich Town,1,2,55,0.0,a,,,0.7,35.8419095720818,0.02666666666666667,1.6446595552767451,0.6549748784121041,,0.7083082117454375,0.0,3.5791506898991843,1.4787066152468973,4
551,536661,N.Angulo,MID,Sunderland,Arsenal,1,4,50,0.1,a,,,3.3,41.34129588948176,0.04570383912248629,1.3202168781819577,0.6064386288800913,,0.6978463071250638,7.481042727414987e-10,3.5463690272477155,1.7204242481198773,4
434,547037,J.Fletcher,MID,Man Utd,Man City,1,4,49,0.0,a,,,0.0,40.33113564307778,0.02666666666666667,1.4173527881309465,0.6351494172467076,,0.6884827505800409,0.0,3.7692045031087837,1.7424033120153324,4
242,550615,George,MID,Everton,Spurs,0,3,55,0.5,a,,,5.0,30.197514079814635,0.0356020942408377,1.7614539316867097,0.5910169989228251,,0.6622211874045005,0.0,4.226853298712798,1.4894315440504602,4
474,575458,Jair Cunha,DEF,Nott'm Forest,Aston Villa,0,4,45,0.2,a,,,3.3,33.41195633615865,0.037815126050420166,1.5765475353707545,0.5852837490409576,,0.6609140011417979,7.581773515324568e-10,3.4216121255593492,1.3458830847503955,4
270,153366,Reed,MID,Fulham,Liverpool,0,4,45,1.2,a,,,0.0,34.85901591826573,0.012195121951219513,1.6313396711083066,0.631854395147365,,0.656244639049804,-3.951523111175656e-06,3.4892802309689075,1.375866634065051,4
263,560552,Kevin,MID,Fulham,Liverpool,0,4,54,0.0,a,,,0.7,29.502784995179947,0.02666666666666667,1.829594428460531,0.5997570116805576,,0.653090345013891,-1.2968425120783044e-09,4.843568648006398,1.6410973825725241,4
492,210156,Awoniyi,FWD,Coventry City,Brighton,1,2,55,0.7,a,,,1.7,31.51982788597689,0.0012674271229404308,1.847687494693359,0.6470976868867391,,0.6496325411326199,0.0,5.076085951011416,1.7802832488048272,4
343,200617,James,MID,Leeds,Newcastle,1,2,50,0.1,a,,,0.3,32.82031886644456,0.0356020942408377,1.5374220445355506,0.5606520192661989,,0.6318562077478743,0.0,3.581371347465536,1.3772236285146433,4
38,606798,A.García,DEF,Aston Villa,Nott'm Forest,1,3,40,1.7,a,,,0.0,22.25171331949016,0.18518518518518517,0.9192778348898943,0.227283409365906,,0.5976537797362763,0.0,3.1275364131387984,1.143626411052938,4
478,470315,Netz,DEF,Nott'm Forest,Aston Villa,0,4,45,0.0,a,,,0.7,37.21918744351952,0.0356020942408377,1.2660677791267707,0.523577933194664,,0.5947821216763394,0.0,2.6394026519046427,1.1627199889279134,4
138,647850,Kostoulas,FWD,Brighton,Coventry City,0,2,55,0.5,a,,,2.7,27.79446888337405,0.0012674271229404308,1.8843872543361957,0.5819504767208229,,0.5844853309667037,0.0,4.896866601965771,1.514821591961117,4
145,444463,Fofana,DEF,Chelsea,Hull City,1,2,50,0.1,a,100.0,,1.0,68.72,0.10576923076923077,0.4882754549684454,0.372825436282573,,0.5843638978210345,-0.02320021131215137,5.017187209313748,4.042439628472248,4
10,198869,White,DEF,Arsenal,Sunderland,0,3,55,7.6,a,100.0,,6.7,26.76024570081535,0.04570383912248629,1.6259259796999828,0.48344643009011606,,0.5748541083350887,0.0,4.7489960603935915,1.5034554716709352,4
161,514356,Lavia,MID,Chelsea,Hull City,1,2,50,0.2,a,,,3.0,34.01160364837349,0.0356020942408377,1.2286869527676265,0.46432904050511453,,0.5355332289867899,1.824130847613069e-11,2.737061704289049,1.1055581645641286,4
464,216646,Wissa,FWD,Newcastle,Leeds,0,3,62,17.3,a,,,4.3,25.811241749599056,0.010899182561307902,1.710282824682932,0.4904947049786478,,0.5122930701012636,0.0,5.277649423787127,1.535383755644857,4
76,614574,Tóth.A,MID,Bournemouth,Brentford,1,3,50,0.0,a,,,0.3,30.032629303793097,0.03258145363408521,1.3224692344385744,0.4413025364840529,,0.5064654437522234,0.0,3.256222011611067,1.1517507806633551,4
72,496208,Gannon-Doak,MID,Bournemouth,Brentford,1,3,49,0.1,a,,,0.7,27.728520554262992,0.012195121951219513,1.5527202282919195,0.4783848307245824,,0.5027750746270214,0.0,3.6784760384974375,1.1577091154784402,4
147,109646,Tosin,DEF,Spurs,Everton,1,3,44,0.2,a,,,0.0,24.615678696241837,0.10416666666666667,1.0220893337661998,0.27954914043160733,,0.48788247376494065,0.0,3.2816969412461776,1.1059021942683949,4
74,111317,Brooks,MID,Bournemouth,Brentford,1,3,50,0.1,a,100.0,,0.7,22.542277042602265,0.0012674271229404308,1.93413929784332,0.48444337656631486,,0.4869782308121957,0.0,3.512011993712472,0.8821876024593083,4
123,532529,Hinshelwood,MID,Brighton,Coventry City,0,2,60,1.0,d,50.0,Unspecified injury - 50% chance of playing,2.6,33.55906937364826,0.016290726817042606,1.2155560360103617,0.45325477044476237,,0.4858362240788476,0.26473676951475594,3.4744244550175263,1.3281198016277878,4
241,433154,McNeil,MID,Crystal Palace,Ipswich Town,1,2,54,0.1,a,,,1.0,32.2072800569439,0.0356020942408377,1.1166660900925893,0.39960863881893965,,0.470812827300615,0.0,2.765825643900522,1.0609788673903566,4
522,547701,Gray,MID,Spurs,Everton,1,3,50,0.2,a,,,1.3,25.821956186053917,0.07214428857715431,1.121745460024498,0.3218406902295276,,0.4661292673838362,0.0,2.5764328467454365,0.8834945336539846,4
486,432714,McAtee,MID,Nott'm Forest,Aston Villa,0,4,55,0.1,a,,,2.3,26.297125564192164,0.010899182561307902,1.4815968248476046,0.432908197094732,,0.4547065622173478,0.0,3.652964339666707,1.0891590531418571,4
244,609873,Armstrong,MID,Everton,Spurs,0,3,50,0.4,a,,,3.7,26.076802972874873,0.0356020942408377,1.291795307642423,0.3742876857630638,,0.44549187424473924,0.0,2.3857065368292014,0.7624441808371725,4
56,173879,Abraham,FWD,Aston Villa,Nott'm Forest,1,3,55,0.2,a,100.0,,0.7,25.327965470664317,0.0012674271229404308,1.5723770499659486,0.4425012403155841,,0.4450360945614649,6.706796275842385e-11,4.2508264921206225,1.1988102610705058,4
157,624773,Estêvão,MID,Chelsea,Hull City,1,2,64,0.8,a,,,0.7,21.55771692770689,0.008,1.7645858134204437,0.422671571781837,,0.438671571781837,0.0,5.914719862195051,1.4327539610654045,4
129,509416,Ayari,MID,Brighton,Coventry City,0,2,54,0.4,a,100.0,,1.3,26.990002929249524,0.04570383912248629,1.152901813552753,0.34574248138806546,,0.43715015963303805,0.0,2.5626223139168163,0.8599097200135845,4
52,653481,Alysson,MID,Aston Villa,Nott'm Forest,1,3,50,0.0,a,,,0.7,27.21667735925857,0.024630541871921183,1.2406510956515096,0.37518222873064194,,0.4244433124744843,0.0,2.730299282350948,0.8749241355434086,4
160,493105,Garnacho,MID,Aston Villa,Nott'm Forest,1,3,59,0.4,a,,,1.0,23.69431069686568,0.012345679012345678,1.389955449362774,0.36593373635559023,,0.3906250943802816,-6.547447059966959e-11,3.9365430168890256,1.0610655059551974,4
440,458249,Zirkzee,FWD,Man Utd,Man City,1,4,54,0.4,a,,,0.0,18.820687105917948,0.0012674271229404308,1.8553659665306808,0.38799180358936636,,0.3905266578352472,8.270818058792638e-13,3.9538654337935233,0.8293622341162412,4
255,246301,J.Cuenca,DEF,Fulham,Liverpool,0,4,45,0.0,a,,,1.0,12.68753731539748,0.1552511415525114,0.558901959723575,0.07878988299601819,,0.389292166101041,0.0,1.371562180193047,0.5038550202337695,4
435,576628,Lacey,MID,Man Utd,Man City,1,4,49,0.1,a,,,0.3,24.418828535420957,0.012195121951219513,1.3066667811446582,0.35452524535224256,,0.3789154892546816,0.0,3.09858085679619,0.8650981844051493,4
520,570526,Bergvall,MID,Spurs,Everton,1,3,54,0.2,a,,,0.3,20.270049266348117,0.03258145363408521,1.249244393198527,0.2813582821760367,,0.3465211894442071,0.0,2.6072623557953856,0.6523777561822518,4
101,56979,Henderson,MID,Chelsea,Hull City,1,2,49,0.0,d,75.0,Wrist injury - 75% chance of playing,0.0,28.903832360828073,0.034277879341864714,0.8628871040207307,0.2771193800103957,,0.34567513869412514,-1.4523036838143874e-09,2.6528415886519836,0.920525631552949,4
62,242882,Diakité,DEF,Bournemouth,Brentford,1,3,50,0.2,a,,,0.0,17.004897141342102,0.07214428857715431,1.033016583248595,0.19518156381603352,,0.3394701409703421,0.0,1.830867683230692,0.49021876196258896,4
71,155408,Cook,MID,Bournemouth,Brentford,1,3,50,0.2,a,,,2.3,16.797692940748462,0.07214428857715431,0.9903232474285176,0.18483495358210114,,0.32912353073640976,0.0,1.806130069720597,0.4813865585122997,4
167,463034,Delap,FWD,Nott'm Forest,Aston Villa,0,4,55,0.8,a,,,1.0,14.771890504398627,0.0031545741324921135,1.965529341227729,0.32260649124220864,,0.3289156395071929,0.0,4.049786181042187,0.6710091264047825,4
556,169359,Targett,DEF,Hull City,Chelsea,0,4,40,1.9,a,,,0.3,0.7940374374650969,0.15789473684210525,0.02933089593101289,0.0002587758827068546,,0.31604824956691735,0.0,3.686068233455386e-09,0.31578947371673133,4
483,456512,Ndoye,MID,Nott'm Forest,Aston Villa,0,4,55,0.7,a,,,4.3,15.849654746748856,0.02666666666666667,1.4761052358544577,0.2599528706462383,,0.31328620397957163,0.0,2.0777340202873593,0.4192374097458792,4
424,577974,Amass,DEF,Man Utd,Man City,1,4,40,0.2,a,,,0.0,0.6858538375377417,0.1552511415525114,0.040043187064784734,0.00030515303906249186,,0.3108074361440853,0.0,3.686068233455386e-09,0.31050228313311284,4
603,643970,Lienou,DEF,Leeds,Newcastle,1,2,40,0.1,a,,,0.0,0.8165326946937786,0.1552511415525114,0.015766174149982336,0.0001430399629299608,,0.3106453230679528,0.0,3.686068233455386e-09,0.310502283138465,4
182,539142,Amenda,DEF,Coventry City,Brighton,1,2,40,0.8,a,,,1.3,0.8165326946937786,0.1552511415525114,0.009893175476963292,8.975668034759162e-05,,0.3105920397853704,0.0,3.686068233455386e-09,0.310502283138465,4
179,204813,Latibeaudiere,DEF,Coventry City,Brighton,1,2,40,0.0,a,,,0.0,0.8165326946937786,0.1552511415525114,0.009893175476963292,8.975668034759162e-05,,0.3105920397853704,0.0,3.686068233455386e-09,0.310502283138465,4
175,451284,van Ewijk,DEF,Coventry City,Brighton,1,2,40,10.9,a,,,2.0,0.8165326946937786,0.1552511415525114,0.009893175476963292,8.975668034759162e-05,,0.3105920397853704,0.0,3.686068233455386e-09,0.310502283138465,4
176,173878,Dasilva,DEF,Coventry City,Brighton,1,2,40,0.7,a,,,1.7,0.8165326946937786,0.1552511415525114,0.009893175476963292,8.975668034759162e-05,,0.3105920397853704,0.0,3.686068233455386e-09,0.310502283138465,4
173,461102,Thomas,DEF,Coventry City,Brighton,1,2,40,8.8,a,,,5.0,0.8165326946937786,0.1552511415525114,0.009893175476963292,8.975668034759162e-05,,0.3105920397853704,0.0,3.686068233455386e-09,0.310502283138465,4
178,80178,Bidwell,DEF,Coventry City,Brighton,1,2,40,0.1,a,,,0.0,0.8165326946937786,0.1552511415525114,0.009893175476963292,8.975668034759162e-05,,0.3105920397853704,0.0,3.686068233455386e-09,0.310502283138465,4
151,577016,Acheampong,DEF,Chelsea,Hull City,1,2,45,0.4,a,,,1.7,19.291992487036968,0.037815126050420166,1.079335661039295,0.23136150515290177,,0.3069917572537421,0.0,2.331016820059806,0.5752964629869578,4
84,432830,Collins,DEF,Brentford,Bournemouth,0,3,55,1.7,d,25.0,Calf injury - 25% chance of playing,0.8,21.837820551578698,0.06446188340807174,0.7201848292495849,0.17474741183468645,,0.30367117865082993,0.01831139344890774,1.7496540401780316,0.5534641107800604,4
125,463067,Georginio,FWD,Brighton,Coventry City,0,2,55,0.6,d,75.0,Unspecified injury - 75% chance of playing,1.3,19.729665179232548,0.01847290640394089,1.187262145007625,0.26026982889975425,,0.29721564170763604,0.0,3.2201146717658826,0.7428545273931615,4
550,699989,Jocelin.T,MID,Sunderland,Arsenal,1,4,50,0.0,a,,,0.0,21.09811591433716,0.010899182561307902,1.1480098404219823,0.269120496489141,,0.2909188616117568,0.0,2.7668697298700957,0.6704176793522828,4
169,567119,Mheuka,FWD,Chelsea,Hull City,1,2,45,0.4,a,,,0.0,8.310556267010469,0.10551558752997602,0.617629963884269,0.05703165074502069,,0.2680628258049727,0.0,1.0646520686845795,0.30934062974431087,4
548,554197,Rigg,MID,Sunderland,Arsenal,1,4,49,0.1,a,,,0.7,18.82887674384064,0.03258145363408521,0.9600912055153811,0.2008604330166054,,0.2660233402847758,0.0,2.2827349209303542,0.5427332902132644,4
524,499726,Olusesi,MID,Spurs,Everton,1,3,45,0.7,a,,,0.0,17.101846052219127,0.03258145363408521,0.9800005901320981,0.1862202135947004,,0.25138312086287085,0.0,1.7773150320154958,0.40288921908843617,4
609,553746,Shahar,DEF,Newcastle,Leeds,0,3,40,0.3,a,,,0.0,0.5590266997864752,0.125,0.023615861585618875,0.00014668774627580794,,0.2501466877462758,0.0,3.686068233455386e-09,0.2500000000228957,4
158,463936,Gittens,MID,Chelsea,Hull City,1,2,59,0.0,a,,,0.0,15.768897878056764,0.012345679012345678,1.2268738612852057,0.21496054030959544,,0.2396518983342868,-1.2476363546710944e-09,3.4584270664205543,0.6306422827923931,4
89,194010,Henry,DEF,Brentford,Bournemouth,0,3,45,0.2,a,,,0.3,15.439159157576976,0.0356020942408377,0.9740334858186901,0.16709175569293613,,0.23829594417461153,0.0,3.1945049702688775,0.6192094181000299,4
104,428580,Onyeka,MID,Coventry City,Brighton,1,2,49,0.1,a,,,1.3,15.628492182471312,0.0356020942408377,0.9338004169073206,0.1621543612847168,,0.2333585497663922,0.0,1.7675236594571946,0.3781345184167849,4
610,547686,De Fougerolles,DEF,Fulham,Liverpool,0,4,40,0.1,d,75.0,Unspecified injury - 75% chance of playing,0.0,0.23968937770002108,0.11643835616438356,0.00930805113527944,2.4789344269056706e-05,,0.23290150167303617,0.0,2.76455117509154e-09,0.2328767123361297,4
50,645618,Burrowes,MID,Aston Villa,Nott'm Forest,1,3,45,0.7,a,,,0.0,15.310649002659053,0.0356020942408377,0.9301613911137839,0.1582374952796468,,0.2294416837613222,0.0,2.1399645942840584,0.4352513749394632,4
441,596047,Obi,FWD,Man Utd,Man City,1,4,45,1.2,a,,,0.0,4.36701195041923,0.10551558752997602,0.1626636826917295,0.00789282495793316,,0.2189240000178852,0.0,0.0,0.21103117505995203,4
66,575901,Soler,DEF,Bournemouth,Brentford,1,3,40,0.3,a,100.0,,0.0,15.416014766072399,0.0356020942408377,0.8253560947666733,0.14137446382434318,,0.21257865230601858,0.0,1.3930288912812239,0.3098147880100844,4
508,115556,Davies,DEF,Spurs,Everton,1,3,40,0.9,a,,,0.0,10.089708621483384,0.02666666666666667,1.4184596643750116,0.1590204967207887,,0.21235383005412203,0.0,4.373292503884278,0.5436138564523316,4
592,572584,Ouattara,DEF,Ipswich Town,Crystal Palace,0,3,40,0.9,a,,,1.0,0.42270295060984003,0.10576923076923077,0.012410734847039253,5.828949154533171e-05,,0.21159675103000686,0.0,3.686068233455386e-09,0.21153846155577388,4
308,176420,Furlong,DEF,Ipswich Town,Crystal Palace,0,3,40,0.5,a,,,0.3,0.42270295060984003,0.10576923076923077,0.012410734847039253,5.828949154533171e-05,,0.21159675103000686,0.0,3.686068233455386e-09,0.21153846155577388,4
306,449429,Greaves,DEF,Ipswich Town,Crystal Palace,0,3,40,1.2,a,,,0.7,0.42270295060984003,0.10576923076923077,0.012410734847039253,5.828949154533171e-05,,0.21159675103000686,0.0,3.686068233455386e-09,0.21153846155577388,4
303,183015,Kipré,DEF,Ipswich Town,Crystal Palace,0,3,40,0.5,a,,,0.0,0.42270295060984003,0.10576923076923077,0.012410734847039253,5.828949154533171e-05,,0.21159675103000686,0.0,3.686068233455386e-09,0.21153846155577388,4
304,216616,O'Shea,DEF,Ipswich Town,Crystal Palace,0,3,40,3.0,a,,,2.3,0.42270295060984003,0.10576923076923077,0.012410734847039253,5.828949154533171e-05,,0.21159675103000686,0.0,3.686068233455386e-09,0.21153846155577388,4
305,455084,Davis,DEF,Ipswich Town,Crystal Palace,0,3,40,5.1,a,,,3.0,0.42270295060984003,0.10576923076923077,0.012410734847039253,5.828949154533171e-05,,0.21159675103000686,0.0,3.686068233455386e-09,0.21153846155577388,4
622,554054,Braithwaite,DEF,Man City,Man Utd,0,4,40,0.2,a,,,0.5,0.31958583693336146,0.10576923076923077,0.012911706117618629,4.584887117596392e-05,,0.2115843104096375,0.0,3.686068233455386e-09,0.2115384615515506,4
361,519440,Lucky,DEF,Liverpool,Fulham,1,2,40,0.1,a,,,0.0,0.900792483195372,0.10551558752997602,0.023951005241232268,0.00023972094984749982,,0.21127089600979954,0.0,3.686068233455386e-09,0.21103117509684516,4
279,146426,Ajayi,DEF,Hull City,Chelsea,0,4,41,11.6,a,100.0,,8.3,0.5194207496038438,0.10551558752997602,0.0280194785623827,0.00016170998398201835,,0.21119288504393405,0.0,3.686068233455386e-09,0.2110311750812256,4
277,108416,Egan,DEF,Hull City,Chelsea,0,4,41,6.3,a,,,7.7,0.5194207496038438,0.10551558752997602,0.0280194785623827,0.00016170998398201835,,0.21119288504393405,0.0,3.686068233455386e-09,0.2110311750812256,4
476,204822,O.Richards,DEF,Nott'm Forest,Aston Villa,0,4,40,0.2,a,,,0.0,0.3851943318892534,0.10551558752997602,0.0250361085464462,0.00010715296782950189,,0.21113832802778154,0.0,3.686068233455386e-09,0.21103117507572816,4
585,597462,Herrington,DEF,Hull City,Chelsea,0,4,40,0.6,a,,,1.0,0.31958583693336146,0.10551558752997602,0.013830981807866558,4.911317662974589e-05,,0.2110802882365818,0.0,3.686068233455386e-09,0.2110311750730411,4
282,232351,Giles,DEF,Hull City,Chelsea,0,4,40,1.4,a,,,6.7,0.31958583693336146,0.10551558752997602,0.013830981807866558,4.911317662974589e-05,,0.2110802882365818,0.0,3.686068233455386e-09,0.2110311750730411,4
284,661800,McCarthy,DEF,Hull City,Chelsea,0,4,40,0.1,a,,,0.0,0.31958583693336146,0.10551558752997602,0.013830981807866558,4.911317662974589e-05,,0.2110802882365818,0.0,3.686068233455386e-09,0.2110311750730411,4
638,496181,Norton-Cuffy,DEF,Hull City,Chelsea,0,4,40,0.3,a,,,1.0,0.31958583693336146,0.10551558752997602,0.013830981807866558,4.911317662974589e-05,,0.2110802882365818,0.0,3.686068233455386e-09,0.2110311750730411,4
586,606930,Mendy,DEF,Hull City,Chelsea,0,4,40,7.8,a,100.0,,8.0,0.31958583693336146,0.10551558752997602,0.013830981807866558,4.911317662974589e-05,,0.2110802882365818,0.0,3.686068233455386e-09,0.2110311750730411,4
285,160817,McNair,DEF,Hull City,Chelsea,0,4,40,0.1,a,100.0,,0.3,0.31958583693336146,0.10551558752997602,0.013830981807866558,4.911317662974589e-05,,0.2110802882365818,0.0,3.686068233455386e-09,0.2110311750730411,4
280,193278,Coyle,DEF,Hull City,Chelsea,0,4,40,0.6,a,100.0,,4.0,0.31958583693336146,0.10551558752997602,0.013830981807866558,4.911317662974589e-05,,0.2110802882365818,0.0,3.686068233455386e-09,0.2110311750730411,4
75,158499,Christie,MID,Bournemouth,Brentford,1,3,50,0.0,a,100.0,,0.7,0.0,0.10551558752997602,0.8690136626599655,0.0,,0.21103117505995203,-3.495944001553523e-13,2.749090149690673,0.21103117505995203,4
606,569577,Rowe,DEF,Aston Villa,Nott'm Forest,1,3,40,0.2,a,,,0.0,0.7889709512142202,0.10416666666666667,0.03768466412584624,0.00033035672557285903,,0.2086636900589062,0.0,3.686068233455386e-09,0.2083333333656467,4
650,442299,Affengruber,DEF,Fulham,Liverpool,0,4,45,0.0,a,,,1.8,0.6224228846955097,0.10416666666666667,0.024881403063251286,0.00017207505188778394,,0.20850540838522114,0.0,3.686068233455386e-09,0.20833333335882548,4
626,616069,Zepa,MID,Fulham,Liverpool,0,4,45,0.4,a,,,0.0,0.6224228846955097,0.10416666666666667,0.024881403063251286,0.00017207505188778394,,0.20850540838522114,0.0,3.686068233455386e-09,0.20833333335882548,4
245,496661,Dibling,MID,Everton,Spurs,0,3,54,0.0,a,,,0.0,13.715214622648977,0.03258145363408521,0.9080283613239755,0.13837559843345085,,0.20353850570162127,0.0,1.872853058925482,0.3505693701553664,4
438,519913,Fletcher,MID,Man Utd,Man City,1,4,45,0.3,a,,,0.0,11.921502852317165,0.0356020942408377,0.9611088245480216,0.12730957325818262,,0.19851376173985802,0.0,2.019948439012824,0.33876886711750864,4
437,576620,Bendito Mantato,MID,Man Utd,Man City,1,4,45,0.2,a,,,0.0,9.650744865655579,0.0356020942408377,1.0454737715796192,0.11210667370277315,,0.18331086218444853,0.0,2.623481442203336,0.35252141135374804,4
493,465680,Kalimuendo,FWD,Nott'm Forest,Aston Villa,0,4,54,0.1,a,,,0.3,11.90314626778472,0.010899182561307902,1.1879235363291838,0.15711141786522612,,0.1789097829878419,0.0,2.608827634583066,0.3668345531435165,4
510,499716,Rowswell,DEF,Spurs,Everton,1,3,40,0.1,a,,,0.0,5.87096117903729,0.07214428857715431,0.5106100913649433,0.03330857804475851,,0.17759715519906713,0.0,0.9430814598393398,0.20580851759193727,4
509,640419,Byfield,DEF,Spurs,Everton,1,3,40,0.1,a,,,0.0,5.507513170795849,0.07214428857715431,0.47875495470450274,0.029297213540209102,,0.17358579069451774,0.0,1.102533780529599,0.21175768068224315,4
134,556637,Oriola,MID,Brighton,Coventry City,0,2,45,0.3,a,,,0.0,5.300541222456995,0.07214428857715431,0.49332938925299397,0.0290545862665003,,0.1733431634208089,0.0,1.195246756403702,0.21468251830237345,4
126,219249,O'Riley,MID,Brighton,Coventry City,0,2,55,0.1,a,,,0.0,12.150012403091708,0.010899182561307902,1.1107582227478632,0.1499525131469182,,0.171750878269534,0.0,1.9837286494559307,0.2896020061810371,4
272,631786,Kusi-Asare,FWD,Fulham,Liverpool,0,4,45,6.2,a,,,0.0,12.052369549974724,0.037815126050420166,0.6748750896901389,0.09037604423353213,,0.16600629633437247,0.0,1.0758743238827948,0.2197061958871141,4
375,591386,Nyoni,MID,Liverpool,Fulham,1,2,49,0.0,a,,,0.7,12.548207797082899,0.010899182561307902,0.9772334657696993,0.13625031771935203,,0.15804868284196782,0.0,1.935533405019012,0.2916592025045489,4
243,502697,Alcaraz,MID,Everton,Spurs,0,3,50,0.1,a,,,0.3,7.553260371834876,0.0356020942408377,1.0158689822361973,0.08525692140556551,,0.1564611098872409,0.0,2.0800461369423084,0.2457723002345038,4
51,577285,George Hemmings,MID,Aston Villa,Nott'm Forest,1,3,45,1.2,a,,,2.3,11.329166286144467,0.012195121951219513,1.0064317779892744,0.12668925520556135,,0.15107949910800036,0.0,2.17438310136583,0.29810077418195025,4
515,172780,Maddison,MID,Spurs,Everton,1,3,63,0.5,d,75.0,Shoulder injury - 75% chance of playing,0.2,10.645961193698612,0.008174386920980926,1.107210868172995,0.13097026595345618,,0.14731903979541802,0.0,2.9899760441880097,0.3700284286921179,4
561,622758,Anselmino,DEF,Chelsea,Hull City,1,2,45,0.0,a,100.0,,0.0,1.6792168153084754,0.07214428857715431,0.06670719192891926,0.0012446204265450117,,0.14553319758085365,0.0,0.10002500954528377,0.14615484024297343,4
92,570241,Ji-soo,DEF,Brentford,Bournemouth,0,3,45,0.0,a,,,0.0,1.8847912344651363,0.07214428857715431,0.05035512778924285,0.001054543371861519,,0.14534312052617016,0.0,3.686068233455386e-09,0.14428857723150273,4
580,463210,Charles,MID,Fulham,Liverpool,0,4,50,0.1,a,,,1.3,0.9772288284383777,0.07214428857715431,0.0720395774587367,0.0007822127986799669,,0.14507078995298858,0.0,0.02157068938780964,0.1445227938156315,4
635,551050,Larsson,MID,Fulham,Liverpool,0,4,50,0.0,a,,,1.5,0.9772288284383777,0.07214428857715431,0.0720395774587367,0.0007822127986799669,,0.14507078995298858,0.0,0.02157068938780964,0.1445227938156315,4
636,500033,Ángel,MID,Fulham,Liverpool,0,4,50,0.0,a,,,1.5,0.9772288284383777,0.07214428857715431,0.0720395774587367,0.0007822127986799669,,0.14507078995298858,0.0,0.02157068938780964,0.1445227938156315,4
654,629068,Graham,MID,Everton,Spurs,0,3,45,0.1,a,,,1.0,1.2200760133313306,0.07214428857715431,0.03892180690725025,0.0005276395889227748,,0.1448162167432314,0.0,3.686068233455386e-09,0.14428857720427843,4
621,616288,McAidoo,MID,Man City,Man Utd,0,4,45,0.1,a,,,1.0,0.8808592641619672,0.07214428857715431,0.041607720022078874,0.00040722828491228385,,0.14469580543922092,0.0,3.686068233455386e-09,0.14428857719038538,4
207,242313,Mingueza,DEF,Crystal Palace,Ipswich Town,1,2,44,0.1,a,,,0.7,1.1660295068034332,0.07214428857715431,0.029830756835607923,0.00038648380756218945,,0.1446750609618708,0.0,3.686068233455386e-09,0.1442885772020649,4
577,223723,Tomiyasu,DEF,Crystal Palace,Ipswich Town,1,2,45,0.3,a,,,0.7,1.1660295068034332,0.07214428857715431,0.029830756835607923,0.00038648380756218945,,0.1446750609618708,0.0,3.686068233455386e-09,0.1442885772020649,4
643,172850,Chilwell,DEF,Crystal Palace,Ipswich Town,1,2,45,0.4,a,,,1.8,1.1660295068034332,0.07214428857715431,0.029830756835607923,0.00038648380756218945,,0.1446750609618708,0.0,3.686068233455386e-09,0.1442885772020649,4
633,605972,Ahanor,DEF,Crystal Palace,Ipswich Town,1,2,45,0.0,a,,,1.8,1.1660295068034332,0.07214428857715431,0.029830756835607923,0.00038648380756218945,,0.1446750609618708,0.0,3.686068233455386e-09,0.1442885772020649,4
604,592740,Cresswell,MID,Leeds,Newcastle,1,2,45,0.1,a,,,0.0,1.1193697424559292,0.07214428857715431,0.02995467090449844,0.00037255946950800594,,0.14466113662381663,0.0,3.686068233455386e-09,0.1442885772001539,4
598,173774,Elvedi,DEF,Leeds,Newcastle,1,2,45,0.0,a,,,1.7,1.1193697424559292,0.07214428857715431,0.02995467090449844,0.00037255946950800594,,0.14466113662381663,0.0,3.686068233455386e-09,0.1442885772001539,4
641,437497,Bard,DEF,Leeds,Newcastle,1,2,45,0.0,a,,,1.8,1.1193697424559292,0.07214428857715431,0.02995467090449844,0.00037255946950800594,,0.14466113662381663,0.0,3.686068233455386e-09,0.1442885772001539,4
189,684268,Shepherd,MID,Coventry City,Brighton,1,2,45,0.2,a,,,0.0,1.1193697424559292,0.07214428857715431,0.02048147429108789,0.00025473714002591984,,0.14454331429433454,0.0,3.686068233455386e-09,0.1442885772001539,4
323,461587,McAteer,MID,Ipswich Town,Crystal Palace,0,3,45,1.2,a,,,1.0,0.7255399983719882,0.07214428857715431,0.024881403063251286,0.00020058281264449023,,0.1444891599669531,0.0,3.686068233455386e-09,0.14428857718402407,4
321,557012,Walle Egeli,FWD,Ipswich Town,Crystal Palace,0,3,45,3.4,a,,,0.3,0.7255399983719882,0.07214428857715431,0.024881403063251286,0.00020058281264449023,,0.1444891599669531,0.0,3.686068233455386e-09,0.14428857718402407,4
396,616222,Vitor Reis,DEF,Man City,Man Utd,0,4,45,0.0,a,,,0.3,0.650111500044287,0.07214428857715431,0.02710020287213478,0.00019575726156342263,,0.14448433441587205,0.0,3.686068233455386e-09,0.1442885771809348,4
653,595480,Samba,MID,Man City,Man Utd,0,4,45,0.0,a,,,1.0,0.6224228846955097,0.07214428857715431,0.02710020287213478,0.00018741984941675184,,0.14447599700372538,0.0,3.686068233455386e-09,0.14428857717980076,4
651,661313,J.Angulo,FWD,Sunderland,Arsenal,1,4,45,0.4,a,,,1.0,0.6224228846955097,0.07214428857715431,0.025910441727514118,0.00017919168759749157,,0.14446776884190612,0.0,3.686068233455386e-09,0.14428857717980076,4
612,638411,Methalie,DEF,Sunderland,Arsenal,1,4,45,0.0,a,100.0,,0.0,0.6224228846955097,0.07214428857715431,0.025910441727514118,0.00017919168759749157,,0.14446776884190612,0.0,3.686068233455386e-09,0.14428857717980076,4
613,696104,Ahoka,MID,Sunderland,Arsenal,1,4,45,0.3,a,,,0.0,0.6224228846955097,0.07214428857715431,0.025910441727514118,0.00017919168759749157,,0.14446776884190612,0.0,3.686068233455386e-09,0.14428857717980076,4
541,93605,Meunier,DEF,Sunderland,Arsenal,1,4,45,0.3,a,100.0,,3.0,0.6224228846955097,0.07214428857715431,0.025910441727514118,0.00017919168759749157,,0.14446776884190612,0.0,3.686068233455386e-09,0.14428857717980076,4
504,610799,Vuskovic,DEF,Brighton,Coventry City,0,2,50,3.1,a,,,6.0,3.898279060047276,0.06451612903225806,0.24808173583611812,0.010745464844334657,,0.1397777229088508,0.0,0.8446168841699871,0.16561617265698542,4
601,611917,Williams-Barnett,MID,Spurs,Everton,1,3,45,0.1,a,,,0.0,0.9400588273440207,0.06451612903225806,0.032021286901554966,0.00033446548238580235,,0.12936672354690193,0.0,3.686068233455386e-09,0.12903225810301747,4
605,611695,Yalcouyé,MID,Brighton,Coventry City,0,2,45,3.0,a,,,3.7,1.1937181221522104,0.06451612903225806,0.02059664422405101,0.0002731843051752372,,0.12930544236969135,0.0,3.686068233455386e-09,0.1290322581134064,4
614,512123,Hadjam,DEF,Brighton,Coventry City,0,2,45,0.0,a,,,0.0,1.1660295068034332,0.06451612903225806,0.02059664422405101,0.00026684772118195537,,0.1292991057856981,0.0,3.686068233455386e-09,0.1290322581122724,4
119,451490,Costinha,DEF,Brighton,Coventry City,0,2,45,0.0,a,,,0.7,1.1660295068034332,0.06451612903225806,0.02059664422405101,0.00026684772118195537,,0.1292991057856981,0.0,3.686068233455386e-09,0.1290322581122724,4
649,154043,Maitland-Niles,DEF,Everton,Spurs,0,3,45,0.2,a,,,1.8,0.7255399983719882,0.06451612903225806,0.020917221456983128,0.00016862534246495618,,0.12920088340698108,0.0,3.686068233455386e-09,0.12903225809423158,4
221,672492,Drakes-Thomas,MID,Crystal Palace,Ipswich Town,1,2,45,0.1,a,,,0.0,8.933539039512334,0.0356020942408377,0.5814055337366172,0.057711211482495285,,0.12891539996417067,0.0,1.119414086115537,0.18231896003382175,4
107,593174,Furo,FWD,Brentford,Bournemouth,0,3,45,1.1,a,,,0.0,4.891108791182537,0.04570383912248629,0.5149580436934024,0.027985731273321792,,0.11939340951829437,0.0,1.2356507248137336,0.1585599240557229,4
593,463726,Dedić,DEF,Newcastle,Leeds,0,3,45,3.3,d,75.0,Hamstring injury - 75% chance of playing,3.2,0.5441549987789912,0.05410821643286573,0.018661052297438464,0.00011282783211252577,,0.10832926069784399,0.0,2.76455117509154e-09,0.1082164328824464,4
5,445122,J.Timber,DEF,Arsenal,Sunderland,0,3,65,0.1,d,25.0,Groin injury - 25% chance of playing,0.0,10.310974588959933,0.011425959780621572,0.6545599357452866,0.07499056516023218,,0.09784248472147533,0.0,1.6668979173599614,0.2138223869866742,4
627,482616,Barcola,MID,Liverpool,Fulham,1,2,80,1.9,a,,,2.8,2.0939979665747366,0.04570383912248629,0.1464734744454784,0.0034079461960663158,,0.09481562444103889,0.0,0.0381453436828418,0.09229519237948552,4
429,176297,Rashford,MID,Man Utd,Man City,1,4,70,1.6,a,,,2.0,1.9293871737973671,0.04570383912248629,0.11028695058383085,0.002364291421040748,,0.09377196966601332,0.0,0.9530346791323145,0.1118384880905501,4
382,500058,Danns,FWD,Liverpool,Fulham,1,2,45,0.1,a,100.0,,0.0,2.3935942966404213,0.04570383912248629,0.08805823672570669,0.00234195214665404,,0.09374963039162662,0.0,1.0149808512098733e-05,0.09140794818412554,4
364,214285,Tsimikas,DEF,Liverpool,Fulham,1,2,49,0.1,a,,,0.3,1.8743068181673326,0.04570383912248629,0.0960807859079247,0.0020009430235788783,,0.09340862126855146,0.0,0.736775364752681,0.10675149035179117,4
164,593117,Quenda,MID,Chelsea,Hull City,1,2,54,0.0,a,100.0,,0.3,1.8781647443662937,0.04570383912248629,0.07698893123109332,0.001606643292718673,,0.09301432153769125,0.0,0.0381453436828418,0.0922037142412709,4
591,474120,Enciso,MID,Ipswich Town,Crystal Palace,0,3,55,0.8,a,100.0,,3.7,1.765250241443389,0.04570383912248629,0.07834862489225249,0.0015367214334200692,,0.09294439967839264,0.0,0.5440312388649948,0.10207824797563012,4
655,242893,Gboho,MID,Coventry City,Brighton,1,2,55,0.0,a,,,2.0,1.8315049800187884,0.04570383912248629,0.07394869612008902,0.001504860057887101,,0.09291253830285967,0.0,0.0381453436828418,0.09218393809963539,4
628,624777,Allan,MID,Man City,Man Utd,0,4,60,0.0,a,,,2.2,1.6172852158790036,0.04570383912248629,0.08056742470113598,0.0014477833872288007,,0.09285546163220137,0.0,0.0381453436828418,0.0920931438048935,4
569,551466,Gonzalo,FWD,Fulham,Liverpool,0,4,60,4.2,a,,,3.3,1.6172852158790036,0.04570383912248629,0.07834862489225249,0.001407911919140996,,0.09281559016411357,0.0,0.053230861479576674,0.09236422808163283,4
584,196100,Hamer,MID,Coventry City,Brighton,1,2,54,0.1,a,,,1.0,1.8315049800187884,0.04570383912248629,0.06763964868657325,0.0013764705935131133,,0.0927841488384857,0.0,0.0381453436828418,0.09218393809963539,4
188,226965,Torp,MID,Coventry City,Brighton,1,2,54,0.1,a,,,0.7,1.8315049800187884,0.04570383912248629,0.06763964868657325,0.0013764705935131133,,0.0927841488384857,0.0,0.0381453436828418,0.09218393809963539,4
186,241293,Mason-Clark,MID,Coventry City,Brighton,1,2,54,0.1,a,100.0,,1.0,1.8315049800187884,0.04570383912248629,0.06763964868657325,0.0013764705935131133,,0.0927841488384857,0.0,0.0381453436828418,0.09218393809963539,4
315,531442,Fatawu,MID,Ipswich Town,Crystal Palace,0,3,55,0.2,a,,,2.7,1.5507314124713563,0.04570383912248629,0.07834862489225249,0.0013499741527150128,,0.09275765239768759,0.0,0.053230861479576674,0.09232486456729803,4
313,443261,Clarke,MID,Ipswich Town,Crystal Palace,0,3,55,0.2,a,,,2.7,1.5507314124713563,0.04570383912248629,0.07834862489225249,0.0013499741527150128,,0.09275765239768759,0.0,0.053230861479576674,0.09232486456729803,4
316,543968,Emersonn,FWD,Ipswich Town,Crystal Palace,0,3,55,1.7,a,100.0,,4.0,1.5507314124713563,0.04570383912248629,0.07834862489225249,0.0013499741527150128,,0.09275765239768759,0.0,0.053230861479576674,0.09232486456729803,4
616,637238,Bouaddi,MID,Man City,Man Utd,0,4,55,0.2,a,,,1.0,1.4476142987948781,0.04570383912248629,0.08056742470113598,0.0012958950668271567,,0.09270357331179974,0.0,0.0381453436828418,0.09202123096661398,4
217,536694,M.França,MID,Crystal Palace,Ipswich Town,1,2,49,0.0,a,,,0.0,1.5118513282380002,0.04570383912248629,0.07698893123109332,0.0012932868660150275,,0.0927009651109876,0.0,0.33258016798923024,0.0969944756751963,4
570,571779,Palacios,MID,Fulham,Liverpool,0,4,55,0.2,a,,,3.7,1.4476142987948781,0.04570383912248629,0.07834862489225249,0.0012602065520549,,0.09266788479702748,0.0,0.053230861479576674,0.0922638755362504,4
562,442967,Maeda,MID,Ipswich Town,Crystal Palace,0,3,54,0.3,a,,,2.0,1.5507314124713563,0.04570383912248629,0.0720395774587367,0.001241267063404738,,0.09264894530837732,0.0,0.053230861479576674,0.09232486456729803,4
583,498444,Chavarria,DEF,Chelsea,Hull City,1,2,49,0.2,a,,,1.0,1.4077792740097947,0.04570383912248629,0.07698893123109332,0.0012042602412810953,,0.09261193848625367,0.0,0.02157068938780964,0.09174508679437549,4
218,438464,Doucouré,MID,Crystal Palace,Ipswich Town,1,2,49,0.1,a,,,0.0,1.4077792740097947,0.04570383912248629,0.07698893123109332,0.0012042602412810953,,0.09261193848625367,0.0,0.02157068938780964,0.09174508679437549,4
644,450063,Timber,MID,Crystal Palace,Ipswich Town,1,2,50,0.0,a,,,1.5,1.4077792740097947,0.04570383912248629,0.07698893123109332,0.0012042602412810953,,0.09261193848625367,0.0,0.02157068938780964,0.09174508679437549,4
588,570794,Khalaili,DEF,Crystal Palace,Ipswich Town,1,2,50,0.2,a,,,2.0,1.4077792740097947,0.04570383912248629,0.07698893123109332,0.0012042602412810953,,0.09261193848625367,0.0,0.02157068938780964,0.09174508679437549,4
595,559152,Gozo,MID,Crystal Palace,Ipswich Town,1,2,50,0.0,a,,,0.3,1.4077792740097947,0.04570383912248629,0.07698893123109332,0.0012042602412810953,,0.09261193848625367,0.0,0.02157068938780964,0.09174508679437549,4
648,587982,Bahoya,MID,Leeds,Newcastle,1,2,50,0.0,a,,,1.5,1.36111950966229,0.04570383912248629,0.07711284529998384,0.0011662199798153114,,0.09257389822478788,0.0,0.02157068938780964,0.09173390364677939,4
334,522047,Muharemović,DEF,Leeds,Newcastle,1,2,50,3.6,a,,,4.7,1.36111950966229,0.04570383912248629,0.07711284529998384,0.0011662199798153114,,0.09257389822478788,0.0,0.02157068938780964,0.09173390364677939,4
599,627221,Cherif,FWD,Coventry City,Brighton,1,2,50,0.1,a,,,0.0,1.36111950966229,0.04570383912248629,0.06763964868657325,0.0010229516161555348,,0.09243062986112811,0.0,0.02157068938780964,0.09173390364677939,4
575,661888,Yirenkyi,MID,Coventry City,Brighton,1,2,49,0.2,a,,,1.7,1.36111950966229,0.04570383912248629,0.06763964868657325,0.0010229516161555348,,0.09243062986112811,0.0,0.02157068938780964,0.09173390364677939,4
194,230730,Thomas-Asante,FWD,Coventry City,Brighton,1,2,50,0.8,a,,,1.3,1.36111950966229,0.04570383912248629,0.06763964868657325,0.0010229516161555348,,0.09243062986112811,0.0,0.02157068938780964,0.09173390364677939,4
195,218997,Simms,FWD,Coventry City,Brighton,1,2,50,0.8,a,,,1.0,1.36111950966229,0.04570383912248629,0.06763964868657325,0.0010229516161555348,,0.09243062986112811,0.0,0.02157068938780964,0.09173390364677939,4
184,168144,Grimes,MID,Coventry City,Brighton,1,2,50,0.1,a,,,2.0,1.36111950966229,0.04570383912248629,0.06763964868657325,0.0010229516161555348,,0.09243062986112811,0.0,0.02157068938780964,0.09173390364677939,4
185,501459,Sakamoto,MID,Coventry City,Brighton,1,2,49,0.1,a,,,0.3,1.36111950966229,0.04570383912248629,0.06763964868657325,0.0010229516161555348,,0.09243062986112811,0.0,0.02157068938780964,0.09173390364677939,4
362,606702,Jacquet,DEF,Liverpool,Fulham,1,2,50,2.7,a,100.0,,3.0,1.36111950966229,0.04570383912248629,0.06763964868657325,0.0010229516161555348,,0.09243062986112811,0.0,0.02157068938780964,0.09173390364677939,4
381,514514,Koumas,MID,Liverpool,Fulham,1,2,50,0.0,a,,,0.7,1.36111950966229,0.04570383912248629,0.06763964868657325,0.0010229516161555348,,0.09243062986112811,0.0,0.02157068938780964,0.09173390364677939,4
183,480457,Rudoni,MID,Coventry City,Brighton,1,2,50,0.1,a,100.0,,2.0,1.36111950966229,0.04570383912248629,0.06763964868657325,0.0010229516161555348,,0.09243062986112811,0.0,0.02157068938780964,0.09173390364677939,4
324,232457,Mehmeti,MID,Ipswich Town,Crystal Palace,0,3,49,0.0,a,,,0.0,1.0803459421148578,0.04570383912248629,0.0720395774587367,0.0008647518353246131,,0.09227243008029719,0.0,0.02157068938780964,0.09166660943106969,4
320,147675,Akpom,FWD,Ipswich Town,Crystal Palace,0,3,50,1.2,a,,,2.0,1.0803459421148578,0.04570383912248629,0.0720395774587367,0.0008647518353246131,,0.09227243008029719,0.0,0.02157068938780964,0.09166660943106969,4
309,501390,Núñez,MID,Ipswich Town,Crystal Palace,0,3,50,0.1,a,,,2.0,1.0803459421148578,0.04570383912248629,0.0720395774587367,0.0008647518353246131,,0.09227243008029719,0.0,0.02157068938780964,0.09166660943106969,4
559,632794,Bamba,MID,Newcastle,Leeds,0,3,49,0.1,a,,,0.3,1.0803459421148578,0.04570383912248629,0.0720395774587367,0.0008647518353246131,,0.09227243008029719,0.0,0.02157068938780964,0.09166660943106969,4
462,636852,Steur,MID,Newcastle,Leeds,0,3,49,0.1,a,,,1.0,1.0803459421148578,0.04570383912248629,0.0720395774587367,0.0008647518353246131,,0.09227243008029719,0.0,0.02157068938780964,0.09166660943106969,4
619,218543,Palacios,MID,Ipswich Town,Crystal Palace,0,3,50,0.0,a,,,2.5,1.0803459421148578,0.04570383912248629,0.0720395774587367,0.0008647518353246131,,0.09227243008029719,0.0,0.02157068938780964,0.09166660943106969,4
378,491501,McConnell,MID,Liverpool,Fulham,1,2,45,0.2,a,,,0.0,1.396457415468088,0.04570383912248629,0.03784169446672135,0.0005871590539103417,,0.09199483729888291,0.0,3.686068233455386e-09,0.09140767830216633,4
573,494928,Sanchez,DEF,Bournemouth,Brentford,1,3,45,0.2,a,,,0.0,0.7255399983719882,0.04570383912248629,0.03411551567480818,0.0002750241243017763,,0.09168270236927435,0.0,3.686068233455386e-09,0.09140767827468801,4
288,171270,Dowell,MID,Hull City,Chelsea,0,4,45,0.3,a,,,0.0,0.6224228846955097,0.04570383912248629,0.0280194785623827,0.00019377738527180256,,0.09160145563024438,0.0,3.686068233455386e-09,0.09140767827046473,4
289,101282,Crooks,MID,Hull City,Chelsea,0,4,45,0.5,a,100.0,,0.7,0.6224228846955097,0.04570383912248629,0.0280194785623827,0.00019377738527180256,,0.09160145563024438,0.0,3.686068233455386e-09,0.09140767827046473,4
290,243413,Slater,MID,Hull City,Chelsea,0,4,45,5.3,a,,,3.7,0.6224228846955097,0.04570383912248629,0.0280194785623827,0.00019377738527180256,,0.09160145563024438,0.0,3.686068233455386e-09,0.09140767827046473,4
294,553783,Zambrano,MID,Hull City,Chelsea,0,4,45,0.1,a,100.0,,0.0,0.6224228846955097,0.04570383912248629,0.0280194785623827,0.00019377738527180256,,0.09160145563024438,0.0,3.686068233455386e-09,0.09140767827046473,4
93,513086,Schuster,DEF,Brentford,Bournemouth,0,3,45,0.1,a,,,1.3,0.7255399983719882,0.04570383912248629,0.022787174289998092,0.00018370007108074922,,0.09159137831605332,0.0,3.686068233455386e-09,0.09140767827468801,4
100,244858,Carvalho,MID,Brentford,Bournemouth,0,3,50,0.0,a,100.0,,0.0,7.298398465185104,0.0012674271229404308,1.0409700954173442,0.08441571718552818,,0.08695057143140904,0.0,1.7539945518217916,0.14477208918987197,4
568,543158,Barco,MID,Chelsea,Hull City,1,2,55,0.1,a,,,0.3,1.8781647443662937,0.0425531914893617,0.08329797866460908,0.001738303631164939,,0.08684468660988834,0.0,0.0381453436828418,0.08590241897502172,4
647,533646,Osorio,MID,Crystal Palace,Ipswich Town,1,2,55,0.0,a,,,2.0,1.8781647443662937,0.0425531914893617,0.08329797866460908,0.001738303631164939,,0.08684468660988834,0.0,0.0381453436828418,0.08590241897502172,4
634,613221,Fernandez-Pardo,FWD,Newcastle,Leeds,0,3,60,0.1,a,,,2.1,1.7204023295554818,0.0425531914893617,0.07834862489225249,0.0014976795198011086,,0.08660406249852451,0.0,0.053230861479576674,0.08612392184643128,4
579,445087,Araujo,DEF,Liverpool,Fulham,1,2,54,2.4,a,,,3.0,1.8315049800187884,0.0425531914893617,0.06763964868657325,0.0013764705935131133,,0.08648285357223652,0.0,0.0381453436828418,0.08588264283338622,4
461,611665,Touré,MID,Newcastle,Leeds,0,3,58,0.1,a,,,0.3,1.5507314124713563,0.0425531914893617,0.07834862489225249,0.0013499741527150128,,0.08645635713143841,0.0,0.053230861479576674,0.08602356930104886,4
574,552946,Hjertø-Dahl,MID,Hull City,Chelsea,0,4,49,0.1,a,,,0.3,0.9772288284383777,0.0425531914893617,0.07517765295786813,0.0008162863302751601,,0.08592266930899856,0.0,0.02157068938780964,0.08534059964004626,4
292,208481,Ömür,MID,Hull City,Chelsea,0,4,49,0.0,a,,,0.0,0.9772288284383777,0.0425531914893617,0.07517765295786813,0.0008162863302751601,,0.08592266930899856,0.0,0.02157068938780964,0.08534059964004626,4
377,551499,Munoz,MID,Liverpool,Fulham,1,2,65,1.2,a,,,4.3,2.0011758971029128,0.037815126050420166,0.07394869612008902,0.0016442705366412204,,0.07727452263748155,0.0,0.0381453436828418,0.07647842479378267,4
594,538007,David,FWD,Brighton,Coventry City,0,2,60,0.2,a,,,0.3,1.9941700829985132,0.037815126050420166,0.07406386605305218,0.001641066065713398,,0.07727131816655373,0.0,0.0381453436828418,0.07647545546948499,4
639,592984,Andrés,MID,Brighton,Coventry City,0,2,55,0.0,a,,,2.0,1.8244991659143877,0.037815126050420166,0.07406386605305218,0.0015014384648687625,,0.0771316905657091,0.0,0.0381453436828418,0.07640354263120547,4
557,439509,Tzolis,MID,Arsenal,Sunderland,0,3,64,16.9,a,,,3.7,1.7204023295554818,0.037815126050420166,0.07625439611899927,0.0014576471191330314,,0.07708789921997336,0.0,0.0381453436828418,0.07635942252454761,4
565,513545,M.Sangaré,MID,Brentford,Bournemouth,0,3,57,13.6,a,,,6.0,1.5507314124713563,0.037815126050420166,0.07625439611899927,0.0013138898600085116,,0.07694414196084884,0.0,0.0381453436828418,0.07628750968626809,4
295,169432,McBurnie,FWD,Hull City,Chelsea,0,4,55,1.9,a,,,2.7,1.4476142987948781,0.037815126050420166,0.08148670039138392,0.0013106812516464617,,0.07694093335248679,0.0,0.0381453436828418,0.07624380482248173,4
642,243951,Thomas,MID,Hull City,Chelsea,0,4,55,0.0,a,,,2.0,1.4476142987948781,0.037815126050420166,0.08148670039138392,0.0013106812516464617,,0.07694093335248679,0.0,0.0381453436828418,0.07624380482248173,4
581,568420,Diomande,DEF,Nott'm Forest,Aston Villa,0,4,54,0.6,a,,,0.3,1.4476142987948781,0.037815126050420166,0.07517765295786813,0.0012092027263516552,,0.07683945482719198,0.0,0.0381453436828418,0.07624380482248173,4
120,454490,Svoboda,DEF,Brighton,Coventry City,0,2,50,0.1,a,,,0.0,1.3541136955578892,0.037815126050420166,0.06775481861953639,0.001019419198141721,,0.07664967129898205,0.0,0.02157068938780964,0.07595479838886987,4
600,612855,Osman,MID,Brighton,Coventry City,0,2,50,0.0,a,,,0.7,1.3541136955578892,0.037815126050420166,0.06775481861953639,0.001019419198141721,,0.07664967129898205,0.0,0.02157068938780964,0.07595479838886987,4
340,462635,Gelhardt,MID,Hull City,Chelsea,0,4,50,0.0,a,100.0,,0.0,1.1917476574104116,0.037815126050420166,0.07517765295786813,0.000995475464468358,,0.0766257275653087,0.0,0.512371066773228,0.08241488564030552,4
286,540324,Belloumi,MID,Hull City,Chelsea,0,4,50,1.0,a,,,4.7,0.9772288284383777,0.037815126050420166,0.07517765295786813,0.0008162863302751601,,0.07644653843111548,0.0,0.02157068938780964,0.07586446876216318,4
637,631000,Vaz,FWD,Hull City,Chelsea,0,4,50,0.0,a,,,1.4,0.9772288284383777,0.037815126050420166,0.07517765295786813,0.0008162863302751601,,0.07644653843111548,0.0,0.02157068938780964,0.07586446876216318,4
617,490884,Cho,MID,Hull City,Chelsea,0,4,50,0.0,a,,,1.0,0.9772288284383777,0.037815126050420166,0.07517765295786813,0.0008162863302751601,,0.07644653843111548,0.0,0.02157068938780964,0.07586446876216318,4
558,204561,Schlager,MID,Nott'm Forest,Aston Villa,0,4,50,0.1,a,,,2.7,0.9772288284383777,0.037815126050420166,0.07517765295786813,0.0008162863302751601,,0.07644653843111548,0.0,0.02157068938780964,0.07586446876216318,4
645,647839,Mouzakitis,MID,Hull City,Chelsea,0,4,50,0.0,a,,,1.5,0.9772288284383777,0.037815126050420166,0.07517765295786813,0.0008162863302751601,,0.07644653843111548,0.0,0.02157068938780964,0.07586446876216318,4
589,469266,Gourna-Douath,MID,Hull City,Chelsea,0,4,50,0.0,a,,,1.0,0.9772288284383777,0.037815126050420166,0.07517765295786813,0.0008162863302751601,,0.07644653843111548,0.0,0.02157068938780964,0.07586446876216318,4
576,608227,Stroud,MID,Hull City,Chelsea,0,4,50,0.1,a,,,2.0,0.9772288284383777,0.037815126050420166,0.07517765295786813,0.0008162863302751601,,0.07644653843111548,0.0,0.02157068938780964,0.07586446876216318,4
296,213292,Akintola,MID,Hull City,Chelsea,0,4,50,0.0,a,,,0.0,0.9772288284383777,0.037815126050420166,0.07517765295786813,0.0008162863302751601,,0.07644653843111548,0.0,0.02157068938780964,0.07586446876216318,4
596,487992,Ruggeri,DEF,Aston Villa,Nott'm Forest,1,3,45,0.1,a,,,0.7,0.7255399983719882,0.037815126050420166,0.029874623333782265,0.00024083593516617942,,0.0758710880360065,0.0,3.686068233455386e-09,0.07563025213055577,4
630,245719,Harwood-Bellis,DEF,Aston Villa,Nott'm Forest,1,3,45,0.0,a,,,1.8,0.7255399983719882,0.037815126050420166,0.029874623333782265,0.00024083593516617942,,0.0758710880360065,0.0,3.686068233455386e-09,0.07563025213055577,4
166,517052,N.Jackson,FWD,Aston Villa,Nott'm Forest,1,3,65,1.2,a,,,1.3,2.603294343241574,0.0356020942408377,0.12026756150796403,0.003478798472768231,,0.07468298695444363,0.0,0.6538323181914569,0.09011661043030145,4
578,465920,Mudryk,MID,Spurs,Everton,1,3,54,0.1,a,,,0.3,1.8189158198952946,0.0356020942408377,0.08603257019639257,0.0017387333661830098,,0.0729429218478584,0.0,0.5440312388649948,0.08219915544710622,4
81,561245,Rodríguez,FWD,Bournemouth,Brentford,1,3,60,0.1,a,100.0,,0.3,1.7740679080073878,0.0356020942408377,0.08758273750380939,0.0017264191544549257,,0.07293060763613032,0.0,0.053230861479576674,0.07225346807130321,4
631,638987,Mbaye,MID,Aston Villa,Nott'm Forest,1,3,60,0.1,a,,,2.2,1.7740679080073878,0.0356020942408377,0.08334184516278345,0.0016428232544157208,,0.07284701173609112,0.0,0.053230861479576674,0.07225346807130321,4
646,549940,Fofana,MID,Sunderland,Arsenal,1,4,55,0.0,a,,,2.0,1.5012798772467837,0.0356020942408377,0.07937766355651527,0.0013240898777806861,,0.07252827835945608,0.0,0.0381453436828418,0.07184048666924998,4
247,244860,Hackney,MID,Everton,Spurs,0,3,55,0.2,a,100.0,,2.7,1.5507314124713563,0.0356020942408377,0.0743844432859843,0.0012816699200307769,,0.07248585840170617,0.0,0.0381453436828418,0.07186144606710315,4
608,523700,Jebbison,FWD,Bournemouth,Brentford,1,3,50,0.1,a,,,0.7,1.1340115205667625,0.0356020942408377,0.08127369007029363,0.0010240588984298383,,0.07222824738010523,0.0,0.02157068938780964,0.07147598192914588,4
566,483067,Silva,DEF,Bournemouth,Brentford,1,3,50,0.4,a,,,2.3,1.1340115205667625,0.0356020942408377,0.08127369007029363,0.0010240588984298383,,0.07222824738010523,0.0,0.02157068938780964,0.07147598192914588,4
152,620109,Palestra,DEF,Chelsea,Hull City,1,2,54,1.0,d,75.0,Unspecified injury - 75% chance of playing,0.0,1.4086235582747202,0.034277879341864714,0.05774169842331999,0.0009037368521542533,,0.06945949553588368,0.0,0.02860900776213135,0.06900352893164724,4
170,503037,Emegha,FWD,Chelsea,Hull City,1,2,50,0.2,d,75.0,Hamstring injury - 75% chance of playing,0.0,1.055834455507346,0.034277879341864714,0.05774169842331999,0.000677396385720616,,0.06923315506945005,0.0,0.01617801704085723,0.06874555099276856,4
344,486520,Gruev,MID,Leeds,Newcastle,1,2,50,0.0,d,25.0,Knee injury - 25% chance of playing,0.0,6.862180388738471,0.008900523560209424,0.33219988760464936,0.02532906170957499,,0.04313010882999384,0.0,0.6103483163806415,0.06433793875338309,4
652,471551,Azeez,MID,Brighton,Coventry City,0,2,55,0.0,d,50.0,Hamstring injury - 50% chance of playing,1.0,0.9122495829571938,0.018907563025210083,0.03703193302652609,0.00037535961621719063,,0.03819048566663736,0.0,0.0190726718414209,0.03800844868301145,4
3,437495,Meslier,GK,Arsenal,Sunderland,0,3,49,0.0,a,,,0.0,3.4497668431450252,0.0,0.22287662974334096,0.008543026748894312,,0.008543026748894312,0.0,0.7590068537200171,0.02909329641870157,4
228,138001,King,GK,Everton,Spurs,0,3,45,0.0,a,,,0.0,4.243663339800804,0.0,0.12168427012484785,0.005737634179547056,,0.005737634179547056,0.0,0.0,0.0,4
386,122074,Bettinelli,GK,Man City,Man Utd,0,4,45,0.0,a,,,0.0,2.508646615441902,0.0,0.15189704234933749,0.004233955568725564,,0.004233955568725564,0.0,0.038047171309402106,0.0010605211948052204,4
227,229600,Travers,GK,Everton,Spurs,0,3,50,0.0,a,,,0.0,2.3359192027536495,0.0,0.11798567371843545,0.003062277787652444,,0.003062277787652444,0.0,0.6452231618760212,0.016746546376529163,4
443,81441,Gillespie,GK,Newcastle,Leeds,0,3,45,0.0,a,,,0.0,1.9811132590107847,0.0,0.08885068858246643,0.001955814191366249,,0.001955814191366249,0.0,1.0149808512098733e-05,2.234213357748814e-07,4
597,433969,Suzuki,GK,Aston Villa,Nott'm Forest,1,3,50,1.6,a,,,4.0,1.1340115205667625,0.0,0.07703279772926769,0.0009706231120719855,,0.0009706231120719855,0.0,0.02157068938780964,0.0002717934474704815,4
495,214572,Austin,GK,Spurs,Everton,1,3,40,1.0,a,,,0.0,1.391927245726775,0.0,0.057323200698391835,0.0008865524984928411,,0.0008865524984928411,0.0,0.008027769876046755,0.00012415635125437926,4
567,470551,Horníček,GK,Newcastle,Leeds,0,3,50,1.3,a,,,3.3,1.0803459421148578,0.0,0.0720395774587367,0.0008647518353246131,,0.0008647518353246131,0.0,0.02157068938780964,0.000258931186097113,4
587,106921,Rulli,GK,Man City,Man Utd,0,4,50,0.0,a,,,0.0,0.9772288284383777,0.0,0.07425837726762019,0.0008063047446552393,,0.0008063047446552393,0.0,0.02157068938780964,0.00023421666132285955,4
251,86873,Lecomte,GK,Fulham,Liverpool,0,4,40,1.2,a,,,0.0,1.4676831945545399,0.0,0.04858079668395762,0.0007922357652346169,,0.0007922357652346169,0.0,0.008027769876046755,0.0001309135881869445,4
625,97846,Cairns,GK,Leeds,Newcastle,1,2,40,0.2,a,,,0.0,1.3096355887712174,0.0,0.035720553016354954,0.0005197878608978612,,0.0005197878608978612,0.0,3.686068233455386e-09,5.363784601302473e-11,4
555,169593,Matthews,GK,Crystal Palace,Ipswich Town,1,2,40,1.8,a,,,0.0,1.2579335283048143,0.0,0.03449432897153663,0.00048212858832968934,,0.00048212858832968934,0.0,3.686068233455386e-09,5.152032020536475e-11,4
572,473284,Tzolakis,GK,Hull City,Chelsea,0,4,46,9.5,a,,,8.7,0.6224228846955097,0.0,0.05834980755796268,0.00040353617268505535,,0.00040353617268505535,0.0,0.0,0.0,4
560,549939,Penders,GK,Chelsea,Hull City,1,2,45,0.1,a,,,0.0,1.1660295068034332,0.0,0.029830756835607923,0.00038648380756218945,,0.00038648380756218945,0.0,3.686068233455386e-09,4.7756270269997623e-11,4
111,49262,Steele,GK,Brighton,Coventry City,0,2,40,4.3,a,,,0.0,1.7285303518057697,0.0,0.0200186805681824,0.0003844766329467517,,0.0003844766329467517,0.0,3.686068233455386e-09,7.079423133727456e-11,4
615,230650,Di Gregorio,GK,Bournemouth,Brentford,1,3,45,0.0,a,,,0.0,0.7255399983719882,0.0,0.03411551567480818,0.0002750241243017763,,0.0002750241243017763,0.0,3.686068233455386e-09,2.971544377889176e-11,4
172,110690,Wilson,GK,Coventry City,Brighton,1,2,45,0.4,a,,,0.0,1.1193697424559292,0.0,0.02048147429108789,0.00025473714002591984,,0.00025473714002591984,0.0,3.686068233455386e-09,4.5845258323977085e-11,4
110,472739,Rushworth,GK,Coventry City,Brighton,1,2,45,0.9,a,,,1.7,1.1193697424559292,0.0,0.02048147429108789,0.00025473714002591984,,0.00025473714002591984,0.0,3.686068233455386e-09,4.5845258323977085e-11,4
590,428971,Benda,GK,Nott'm Forest,Aston Villa,0,4,45,0.1,a,,,0.0,0.726494938923715,0.0,0.0280194785623827,0.00022617788185391735,,0.00022617788185391735,0.0,3.686068233455386e-09,2.975455462369797e-11,4
58,40383,Forster,GK,Bournemouth,Brentford,1,3,40,3.5,a,,,0.0,0.5590266997864752,0.0,0.03570267722286512,0.00022176388690488938,,0.00022176388690488938,0.0,3.686068233455386e-09,2.289567288595919e-11,4
564,240514,Scherpen,GK,Ipswich Town,Crystal Palace,0,3,45,0.6,a,,,2.0,0.7255399983719882,0.0,0.024881403063251286,0.00020058281264449023,,0.00020058281264449023,0.0,3.686068233455386e-09,2.971544377889176e-11,4
300,108813,Walton,GK,Ipswich Town,Crystal Palace,0,3,45,0.4,a,,,0.0,0.7255399983719882,0.0,0.024881403063251286,0.00020058281264449023,,0.00020058281264449023,0.0,3.686068233455386e-09,2.971544377889176e-11,4
629,155465,Zetterer,GK,Leeds,Newcastle,1,2,40,0.5,a,,,1.0,0.8165326946937786,0.0,0.015766174149982336,0.0001430399629299608,,0.0001430399629299608,0.0,3.686068233455386e-09,3.344216919431625e-11,4
355,464353,Davies,GK,Liverpool,Fulham,1,2,40,0.2,a,,,0.0,0.8165326946937786,0.0,0.009893175476963292,8.975668034759162e-05,,8.975668034759162e-05,0.0,3.686068233455386e-09,3.344216919431625e-11,4
301,112520,Palmer,GK,Ipswich Town,Crystal Palace,0,3,40,4.2,a,,,0.0,0.42270295060984003,0.0,0.012410734847039253,5.828949154533171e-05,,5.828949154533171e-05,0.0,3.686068233455386e-09,1.731235464923103e-11,4
302,50093,Button,GK,Ipswich Town,Crystal Palace,0,3,40,0.5,a,,,0.0,0.42270295060984003,0.0,0.012410734847039253,5.828949154533171e-05,,5.828949154533171e-05,0.0,3.686068233455386e-09,1.731235464923103e-11,4
444,554578,Jaouen,GK,Newcastle,Leeds,0,3,45,0.0,d,50.0,Ankle injury - 50% chance of playing,0.0,0.3627699991859941,0.0,0.012440701531625643,5.014570316112256e-05,,5.014570316112256e-05,0.0,1.843034116727693e-09,7.42886094472294e-12,4
273,167825,Phillips,GK,Hull City,Chelsea,0,4,40,1.5,a,,,0.0,0.31958583693336146,0.0,0.013830981807866558,4.911317662974589e-05,,4.911317662974589e-05,0.0,3.686068233455386e-09,1.3089057793136854e-11,4
27,205651,G.Jesus,FWD,Arsenal,Sunderland,0,3,59,0.2,u,0.0,Has joined FC Barcelona permanently,0.0,0.0,0.0,0.0,0.0,,0.0,0.0,0.0,0.0,4
333,437738,Bornauw,DEF,Leeds,Newcastle,1,2,45,0.0,u,0.0,Has joined Hamburg SV on loan for the rest of the season,0.0,0.0,0.0,0.0,0.0,,0.0,0.0,0.0,0.0,4
402,220566,Rodrigo,MID,Man City,Man Utd,0,4,65,0.0,u,0.0,Has joined Barcelona permanently,0.0,0.0,0.0,0.0,0.0,,0.0,0.0,0.0,0.0,4
400,248875,Doku,MID,Man City,Man Utd,0,4,74,0.8,i,0.0,Calf injury - Expected back 13 Sep,0.0,0.0,0.0,0.0,0.0,,0.0,0.0,0.0,0.0,4
394,494307,Alleyne,DEF,Man City,Man Utd,0,4,50,0.0,u,0.0,Has joined Burnley on loan for the rest of the season,0.0,0.0,0.0,0.0,0.0,,0.0,0.0,0.0,0.0,4
353,586268,Pecsi,GK,Liverpool,Fulham,1,2,40,0.0,u,0.0,Has joined TSV Hartberg on loan for the rest of the season,0.0,0.0,0.0,0.0,0.0,,0.0,0.0,0.0,0.0,4
554,546600,Van Oevelen,GK,Ipswich Town,Crystal Palace,0,3,45,0.0,u,0.0,Has joined Valencia on loan for the rest of the season,0.0,0.0,0.0,0.0,0.0,,0.0,0.0,0.0,0.0,4
348,235826,Piroe,FWD,Leeds,Newcastle,1,2,50,0.1,u,0.0,Has joined West Ham United on loan for the rest of the season,0.0,0.0,0.0,0.0,0.0,,0.0,0.0,0.0,0.0,4
341,492859,Gnonto,MID,Leeds,Newcastle,1,2,50,0.0,u,0.0,Has joined ACF Fiorentina on loan for the rest of the season,0.0,0.0,0.0,0.0,0.0,,0.0,0.0,0.0,0.0,4
329,214225,Rodon,DEF,Leeds,Newcastle,1,2,44,1.5,i,0.0,Hamstring injury - Expected back 21 Nov,0.0,0.0,0.0,0.0,0.0,,0.0,0.0,0.0,0.0,4
404,433036,Reijnders,MID,Man City,Man Utd,0,4,60,0.0,u,0.0,Has joined Al Qadsiah permanently,0.0,0.0,0.0,0.0,0.0,,0.0,0.0,0.0,0.0,4
408,155405,Phillips,MID,Man City,Man Utd,0,4,50,0.0,u,0.0,Has joined Sheffield United on loan for the rest of the season,0.0,0.0,0.0,0.0,0.0,,0.0,0.0,0.0,0.0,4
407,575204,Echeverri,MID,Man City,Man Utd,0,4,49,0.0,u,0.0,Has joined Benfica on loan for the rest of the season,0.0,0.0,0.0,0.0,0.0,,0.0,0.0,0.0,0.0,4
409,590039,Mukasa,MID,Man City,Man Utd,0,4,45,0.1,u,0.0,has joined West Ham on loan for the rest of the seaon.,0.0,0.0,0.0,0.0,0.0,,0.0,0.0,0.0,0.0,4
602,524180,Humphreys,MID,Ipswich Town,Crystal Palace,0,3,45,0.0,u,0.0,Has joined Huddersfield Town on loan for the rest of the season,0.0,0.0,0.0,0.0,0.0,,0.0,0.0,0.0,0.0,4
546,535818,Adingra,MID,Sunderland,Arsenal,1,4,49,0.0,u,0.0,Has joined Ajax on loan for the rest of the season,0.0,0.0,0.0,0.0,0.0,,0.0,-0.0,0.0,0.0,4
543,547027,Diarra,MID,Sunderland,Arsenal,1,4,54,0.0,i,0.0,Hamstring injury - Unknown return date,0.0,0.0,0.0,0.0,0.0,,0.0,0.0,0.0,0.0,4
383,444884,Elliott,MID,Liverpool,Fulham,1,2,54,0.0,u,0.0,Has joined Valencia on loan for the rest of the season,0.0,0.0,0.0,0.0,0.0,,0.0,0.0,0.0,0.0,4
380,510663,Ekitiké,FWD,Liverpool,Fulham,1,2,74,0.1,i,0.0,Achilles injury - Unknown return date,0.0,0.0,0.0,0.0,0.0,,0.0,0.0,0.0,0.0,4
376,535928,Bajcetic,MID,Liverpool,Fulham,1,2,50,0.0,u,0.0,Has joined Celta Vigo permanently,0.0,0.0,0.0,0.0,0.0,,0.0,0.0,0.0,0.0,4
373,206915,C.Jones,MID,Liverpool,Fulham,1,2,55,0.0,u,0.0,Has joined Internazionale permanently,0.0,0.0,0.0,0.0,0.0,,0.0,0.0,0.0,0.0,4
365,489580,Ramsay,DEF,Liverpool,Fulham,1,2,40,0.1,u,0.0,Has joined St Mirren on loan for the rest of the season,0.0,0.0,0.0,0.0,0.0,,0.0,0.0,0.0,0.0,4
363,647681,Leoni,DEF,Liverpool,Fulham,1,2,40,0.0,i,0.0,Knee injury - Unknown return date,0.0,0.0,0.0,0.0,0.0,,0.0,0.0,0.0,0.0,4
359,171287,Gomez,DEF,Liverpool,Fulham,1,2,50,0.0,i,0.0,Muscular injury - Unknown return date,0.0,0.0,0.0,0.0,0.0,,0.0,0.0,0.0,0.0,4
360,492777,Bradley,DEF,Liverpool,Fulham,1,2,50,0.0,i,0.0,Knee injury - Unknown return date,0.0,0.0,0.0,0.0,0.0,,0.0,0.0,0.0,0.0,4
370,223541,Chiesa,MID,Liverpool,Fulham,1,2,54,0.1,i,0.0,Back injury - Unknown return date,0.0,0.0,0.0,0.0,0.0,,0.0,0.0,0.0,0.0,4
349,565297,Mateo Joseph,FWD,Leeds,Newcastle,1,2,45,0.1,i,0.0,Knee injury - Unknown return date,0.0,0.0,0.0,0.0,0.0,,0.0,0.0,0.0,0.0,4
354,432987,Jaros,GK,Liverpool,Fulham,1,2,40,0.0,i,0.0,Knee injury - Unknown return date,0.0,0.0,0.0,0.0,0.0,,0.0,0.0,0.0,0.0,4
547,461199,Mundle,MID,Sunderland,Arsenal,1,4,49,0.0,i,0.0,Knee injury - Unknown return date,0.0,0.0,0.0,0.0,0.0,,0.0,0.0,0.0,0.0,4
18,444145,Martinelli,MID,Arsenal,Sunderland,0,3,63,0.1,u,0.0,Has joined Al Hilal permanently,0.0,0.0,0.0,0.0,0.0,,0.0,0.0,0.0,0.0,4
22,499175,Nwaneri,MID,Arsenal,Sunderland,0,3,54,0.0,u,0.0,Has joined Borussia Dortmund on loan for the rest of the season,0.0,0.0,0.0,0.0,0.0,,0.0,0.0,0.0,0.0,4
23,438098,Fábio Vieira,MID,Arsenal,Sunderland,0,3,55,0.0,u,0.0,Has joined Hamburger SV permanently,0.0,0.0,0.0,0.0,0.0,,0.0,0.0,0.0,0.0,4
24,200641,Nelson,MID,Arsenal,Sunderland,0,3,55,0.0,u,0.0,has departed the club as a free agent.,0.0,0.0,0.0,0.0,0.0,,0.0,0.0,0.0,0.0,4
307,222018,Johnson,DEF,Ipswich Town,Crystal Palace,0,3,40,0.1,u,0.0,Has joined Stoke City on loan for the rest of the season,0.0,0.0,0.0,0.0,0.0,,0.0,0.0,0.0,0.0,4
416,209365,De Ligt,DEF,Man Utd,Man City,1,4,50,0.0,i,0.0,Back injury - Unknown return date,0.0,0.0,0.0,0.0,0.0,,0.0,0.0,0.0,0.0,4
425,547676,Fredricson,DEF,Man Utd,Man City,1,4,40,0.0,u,0.0,Has joined Lausanne-Sport permanently,0.0,0.0,0.0,0.0,0.0,,0.0,0.0,0.0,0.0,4
632,626751,Ansah,FWD,Hull City,Chelsea,0,4,50,0.0,i,0.0,Back injury - Unknown return date,0.0,0.0,0.0,0.0,0.0,,0.0,0.0,0.0,0.0,4
414,21205,Heaton,GK,Man Utd,Man City,1,4,40,0.1,i,0.0,Hamstring injury - Unknown return date,0.0,0.0,0.0,0.0,0.0,,0.0,0.0,0.0,0.0,4
319,172453,Szmodics,MID,Ipswich Town,Crystal Palace,0,3,50,0.0,u,0.0,Has joined Derby County on loan for the rest of the season,0.0,0.0,0.0,0.0,0.0,,0.0,0.0,0.0,0.0,4
322,462387,Al-Hamadi,FWD,Ipswich Town,Crystal Palace,0,3,50,0.1,u,0.0,Has joined Sheffield Wednesday on loan for the rest of the season,0.0,0.0,0.0,0.0,0.0,,0.0,0.0,0.0,0.0,4
413,451302,Bayindir,GK,Man Utd,Man City,1,4,45,0.0,u,0.0,Has joined Celta Vigo on loan for the rest of the season,0.0,0.0,0.0,0.0,0.0,,0.0,0.0,0.0,0.0,4
317,222625,Hirst,FWD,Ipswich Town,Crystal Palace,0,3,50,0.1,u,0.0,Has joined Stoke City permanently,0.0,0.0,0.0,0.0,0.0,,0.0,0.0,0.0,0.0,4
314,229164,Ogbene,MID,Ipswich Town,Crystal Palace,0,3,49,0.0,u,0.0,Has joined Lincoln City on loan until January,0.0,0.0,0.0,0.0,0.0,,0.0,0.0,0.0,0.0,4
312,231899,Taylor,MID,Ipswich Town,Crystal Palace,0,3,45,0.0,i,0.0,Knee injury - Unknown return date,0.0,0.0,0.0,0.0,0.0,,0.0,0.0,0.0,0.0,4
318,481624,Philogene,MID,Ipswich Town,Crystal Palace,0,3,54,0.1,i,0.0,Ankle injury - Unknown return date,0.0,0.0,0.0,0.0,0.0,,0.0,0.0,0.0,0.0,4
311,149929,Burns,MID,Ipswich Town,Crystal Palace,0,3,50,0.0,u,0.0,Has joined Leicester City permanently,0.0,0.0,0.0,0.0,0.0,,0.0,0.0,0.0,0.0,4
410,649208,Monga,MID,Man City,Man Utd,0,4,49,0.0,u,0.0,Has joined Swansea City on loan for the rest of the season,0.0,0.0,0.0,0.0,0.0,,0.0,0.0,0.0,0.0,4
131,535301,Baleba,MID,Man Utd,Man City,1,4,50,0.1,i,0.0,Ankle injury - Expected back 19 Sep,0.0,0.0,0.0,0.0,0.0,,0.0,0.0,0.0,0.0,4
310,241117,Matusiwa,MID,Ipswich Town,Crystal Palace,0,3,49,0.0,i,0.0,Muscular injury - Unknown return date,0.0,0.0,0.0,0.0,0.0,,0.0,0.0,0.0,0.0,4
342,221399,Harrison,MID,Leeds,Newcastle,1,2,50,0.0,u,0.0,Has joined New England Revolution permanently,0.0,0.0,0.0,0.0,0.0,,0.0,0.0,0.0,0.0,4
326,201595,Perri,GK,Leeds,Newcastle,1,2,45,0.4,u,0.0,Has joined Torino on loan for the rest of the season,0.0,0.0,0.0,0.0,0.0,,0.0,0.0,0.0,0.0,4
274,105666,Butland,GK,Hull City,Chelsea,0,4,45,0.1,i,0.0,Arm injury - Unknown return date,0.0,0.0,0.0,0.0,0.0,,0.0,0.0,0.0,0.0,4
431,493250,Amad,MID,Man Utd,Man City,1,4,58,0.4,i,0.0,Unspecified injury - Unknown return date,0.0,0.0,0.0,0.0,0.0,,0.0,0.0,0.0,0.0,4
287,232905,Millar,MID,Hull City,Chelsea,0,4,50,0.0,u,0.0,Has joined Birmingham on loan for the rest of the season,0.0,0.0,0.0,0.0,0.0,,0.0,0.0,0.0,0.0,4
275,494950,Cartwright,GK,Hull City,Chelsea,0,4,40,0.0,u,0.0,Has joined Grimsby Town on loan for the rest of the season,0.0,0.0,0.0,0.0,0.0,,0.0,0.0,0.0,0.0,4
276,444307,Lo-Tutala,GK,Hull City,Chelsea,0,4,40,0.0,u,0.0,Has joined Colchester United on loan for the rest of the season,0.0,0.0,0.0,0.0,0.0,,0.0,0.0,0.0,0.0,4
252,505079,McNally,GK,Fulham,Liverpool,0,4,40,0.1,u,0.0,Has joined York City on loan for the rest of the season,0.0,0.0,0.0,0.0,0.0,,0.0,0.0,0.0,0.0,4
248,486385,Beto,FWD,Everton,Spurs,0,3,54,1.1,u,0.0,Has joined Fiorentina permanently,0.0,0.0,0.0,0.0,0.0,,0.0,0.0,0.0,0.0,4
436,490881,Collyer,MID,Man Utd,Man City,1,4,50,0.0,u,0.0,Has joined West Brom permanently,0.0,0.0,0.0,0.0,0.0,,0.0,0.0,0.0,0.0,4
433,232112,Ugarte,MID,Man Utd,Man City,1,4,50,0.0,i,0.0,Knee injury - Unknown return date,0.0,0.0,0.0,0.0,0.0,,0.0,0.0,0.0,0.0,4
293,490161,Kamara,MID,Hull City,Chelsea,0,4,50,0.0,u,0.0,Has joined Portsmouth permanently,0.0,0.0,0.0,0.0,0.0,,0.0,0.0,0.0,0.0,4
281,433590,Drameh,DEF,Hull City,Chelsea,0,4,40,0.1,u,0.0,Has joined Genoa permanently,0.0,0.0,0.0,0.0,0.0,,0.0,0.0,0.0,0.0,4
283,449428,Jacob,DEF,Hull City,Chelsea,0,4,40,0.0,u,0.0,Has joined Newport County on loan until January,0.0,0.0,0.0,0.0,0.0,,0.0,0.0,0.0,0.0,4
291,465525,Matazo,MID,Hull City,Chelsea,0,4,45,0.0,i,0.0,Knee injury - Unknown return date,0.0,0.0,0.0,0.0,0.0,,0.0,0.0,0.0,0.0,4
298,500957,Destan,FWD,Hull City,Chelsea,0,4,45,0.2,u,0.0,Has joined Konyaspor permanently,0.0,0.0,0.0,0.0,0.0,,0.0,0.0,0.0,0.0,4
458,180974,Joelinton,MID,Newcastle,Leeds,0,3,54,0.0,i,0.0,Unspecified injury - Unknown return date,0.0,0.0,0.0,0.0,0.0,,0.0,0.0,0.0,0.0,4
21,128295,Nørgaard,MID,Everton,Spurs,0,3,49,0.1,i,0.0,Groin injury - Unknown return date,0.0,0.0,0.0,0.0,0.0,,0.0,0.0,0.0,0.0,4
448,78916,Burn,DEF,Newcastle,Leeds,0,3,49,1.0,i,0.0,Ankle injury - Expected back 14 Sep,0.0,0.0,0.0,0.0,0.0,,0.0,0.0,0.0,0.0,4
451,545477,A.Murphy,DEF,Newcastle,Leeds,0,3,40,0.1,u,0.0,Has joined FC Kaiserslautern on loan for the rest of the season,0.0,0.0,0.0,0.0,0.0,,0.0,0.0,0.0,0.0,4
220,590014,Cardines,DEF,Crystal Palace,Ipswich Town,1,2,45,0.0,u,0.0,Has joined Bristol City on loan for the rest of the season,0.0,0.0,0.0,0.0,0.0,,0.0,0.0,0.0,0.0,4
223,231747,Mateta,FWD,Crystal Palace,Ipswich Town,1,2,64,1.9,i,0.0,Hamstring injury - Expected back 11 Oct,0.0,0.0,0.0,0.0,0.0,,0.0,-0.0,0.0,0.0,4
219,450542,J.Rak-Sakyi,MID,Crystal Palace,Ipswich Town,1,2,49,0.0,u,0.0,has joined  Kasimpasa on loan for the rest of the seaon.,0.0,0.0,0.0,0.0,0.0,,0.0,0.0,0.0,0.0,4
215,489706,Devenny,MID,Crystal Palace,Ipswich Town,1,2,50,0.0,u,0.0,Has joined Stoke City permanently,0.0,0.0,0.0,0.0,0.0,,0.0,0.0,0.0,0.0,4
205,218364,Sosa,DEF,Crystal Palace,Ipswich Town,1,2,45,0.0,u,0.0,Has joined FC Cologne on loan for the rest of the season,0.0,0.0,0.0,0.0,0.0,,0.0,0.0,0.0,0.0,4
206,515621,Chadi Riad,DEF,Crystal Palace,Ipswich Town,1,2,44,0.0,i,0.0,Knee injury - Unknown return date,0.0,0.0,0.0,0.0,0.0,,0.0,-0.0,0.0,0.0,4
463,470313,Woltemade,FWD,Newcastle,Leeds,0,3,59,0.7,u,0.0,Has joined Juventus on loan for the rest of the season,0.0,0.0,0.0,0.0,0.0,,0.0,0.0,0.0,0.0,4
208,232185,Sarr,MID,Crystal Palace,Ipswich Town,1,2,63,0.9,i,0.0,Groin injury - Unknown return date,0.0,0.0,0.0,0.0,0.0,,0.0,-0.0,0.0,0.0,4
465,538207,Osula,FWD,Newcastle,Leeds,0,3,59,0.4,i,0.0,Foot injury - Unknown return date,0.0,0.0,0.0,0.0,0.0,,0.0,0.0,0.0,0.0,4
466,599303,Neave,FWD,Newcastle,Leeds,0,3,45,0.7,u,0.0,Has joined Wolves on loan for the rest of the season,0.0,0.0,0.0,0.0,0.0,,0.0,0.0,0.0,0.0,4
225,660392,Uche,FWD,Crystal Palace,Ipswich Town,1,2,50,0.0,u,0.0,has returned to Getafe CF,0.0,0.0,0.0,0.0,0.0,,0.0,0.0,0.0,0.0,4
216,606921,Esse,MID,Crystal Palace,Ipswich Town,1,2,50,0.0,u,0.0,Has joined Millwall on loan for the rest of the season,0.0,0.0,0.0,0.0,0.0,,0.0,0.0,0.0,0.0,4
191,492498,Borges Rodrigues,MID,Coventry City,Brighton,1,2,45,0.1,u,0.0,Has joined Burton Albion on loan for the rest of the season,0.0,0.0,0.0,0.0,0.0,,0.0,0.0,0.0,0.0,4
187,439668,Eccles,MID,Coventry City,Brighton,1,2,49,0.0,i,0.0,Unspecified injury - Expected back 12 Oct,0.0,0.0,0.0,0.0,0.0,,0.0,0.0,0.0,0.0,4
192,629397,Andrews,MID,Coventry City,Brighton,1,2,45,0.4,u,0.0,Has joined Oxford United on loan for the rest of the season,0.0,0.0,0.0,0.0,0.0,,0.0,0.0,0.0,0.0,4
193,176412,Wright,FWD,Coventry City,Brighton,1,2,54,0.1,i,0.0,Thigh injury - Unknown return date,0.0,0.0,0.0,0.0,0.0,,0.0,0.0,0.0,0.0,4
470,485047,Morato,DEF,Nott'm Forest,Aston Villa,0,4,50,0.0,u,0.0,Has joined West Ham on loan for the rest of the season,0.0,0.0,0.0,0.0,0.0,,0.0,0.0,0.0,0.0,4
475,500151,Savona,DEF,Nott'm Forest,Aston Villa,0,4,45,0.0,i,0.0,Knee injury - Unknown return date,0.0,0.0,0.0,0.0,0.0,,0.0,0.0,0.0,0.0,4
196,551262,Markelo,FWD,Coventry City,Brighton,1,2,50,0.0,u,0.0,Has joined Shabab Al-Ahli Dubai permanently,0.0,0.0,0.0,0.0,0.0,,0.0,0.0,0.0,0.0,4
197,549653,Bassette,FWD,Coventry City,Brighton,1,2,45,0.0,u,0.0,Has joined KVC Westerlo on loan for the rest of the season,0.0,0.0,0.0,0.0,0.0,,0.0,0.0,0.0,0.0,4
479,538638,Bindon,DEF,Nott'm Forest,Aston Villa,0,4,40,0.1,u,0.0,Has joined Charlton Athletic on loan for the rest of the season,0.0,0.0,0.0,0.0,0.0,,0.0,0.0,0.0,0.0,4
235,499300,Aznou,DEF,Everton,Spurs,0,3,40,0.1,u,0.0,Has joined Malaga on loan for the rest of the season,0.0,0.0,0.0,0.0,0.0,,0.0,0.0,0.0,0.0,4
234,243571,Patterson,DEF,Everton,Spurs,0,3,45,0.0,u,0.0,Has joined Torino permanently,0.0,0.0,0.0,0.0,0.0,,0.0,0.0,0.0,0.0,4
266,76357,Cairney,MID,Fulham,Liverpool,0,4,50,0.0,i,0.0,Knee injury - Expected back 10 Oct,0.0,0.0,0.0,0.0,0.0,,0.0,-0.0,0.0,0.0,4
299,534392,Burstow,FWD,Hull City,Chelsea,0,4,45,0.0,u,0.0,Has joined Sheffield Wednesday on loan for the rest of the season,0.0,0.0,0.0,0.0,0.0,,0.0,0.0,0.0,0.0,4
563,445028,Morita,MID,Hull City,Chelsea,0,4,50,0.0,i,0.0,Calf injury - Expected back 11 Oct,0.0,0.0,0.0,0.0,0.0,,0.0,0.0,0.0,0.0,4
278,501902,Hughes,DEF,Hull City,Chelsea,0,4,40,0.1,i,0.0,Groin injury - Unknown return date,0.0,0.0,0.0,0.0,0.0,,0.0,0.0,0.0,0.0,4
297,470294,Gyabi,MID,Hull City,Chelsea,0,4,45,0.0,i,0.0,Thigh injury - Unknown return date,0.0,0.0,0.0,0.0,0.0,,0.0,0.0,0.0,0.0,4
181,577411,Brau,DEF,Coventry City,Brighton,1,2,40,0.0,u,0.0,Has joined Academico de Viseu on loan for the rest of the season,0.0,0.0,0.0,0.0,0.0,,0.0,0.0,0.0,0.0,4
180,220583,Woolfenden,DEF,Coventry City,Brighton,1,2,40,0.1,i,0.0,Knee injury - Unknown return date,0.0,0.0,0.0,0.0,0.0,,0.0,0.0,0.0,0.0,4
177,465390,Kesler-Hayden,DEF,Coventry City,Brighton,1,2,40,0.0,i,0.0,Hamstring injury - Unknown return date,0.0,0.0,0.0,0.0,0.0,,0.0,0.0,0.0,0.0,4
174,436761,Kitching,DEF,Coventry City,Brighton,1,2,40,0.4,u,0.0,Has joined Sheffield United on loan for the rest of the season,0.0,0.0,0.0,0.0,0.0,,0.0,0.0,0.0,0.0,4
171,484389,Dovin,GK,Coventry City,Brighton,1,2,40,1.2,u,0.0,Has joined Leyton Orient on loan for the rest of the season,0.0,0.0,0.0,0.0,0.0,,0.0,0.0,0.0,0.0,4
484,503301,Hutchinson,MID,Nott'm Forest,Aston Villa,0,4,54,0.1,u,0.0,Has joined AC Milan on loan for the rest of the season,0.0,0.0,0.0,0.0,0.0,,0.0,0.0,0.0,0.0,4
477,549067,Abbott,DEF,Nott'm Forest,Aston Villa,0,4,40,0.2,u,0.0,Has joined Southampton on loan for the rest of the season,0.0,0.0,0.0,0.0,0.0,,0.0,0.0,0.0,0.0,4
141,508479,Jörgensen,GK,Chelsea,Hull City,1,2,50,0.0,u,0.0,Has joined RC Strasbourg on loan for the rest of the season,0.0,0.0,0.0,0.0,0.0,,0.0,0.0,0.0,0.0,4
150,574458,M.Sarr,DEF,Chelsea,Hull City,1,2,45,0.0,u,0.0,Has joined Real Sociedad on loan for the rest of the season,0.0,0.0,0.0,0.0,0.0,,0.0,0.0,0.0,0.0,4
135,700308,Yohanna,MID,Brighton,Coventry City,0,2,49,0.1,i,0.0,Unspecified injury - Expected back 10 Oct,0.0,0.0,0.0,0.0,0.0,,0.0,0.0,0.0,0.0,4
139,487117,Ferguson,FWD,Brighton,Coventry City,0,2,50,0.0,i,0.0,Ankle injury - Expected back 10 Oct,0.0,0.0,0.0,0.0,0.0,,0.0,0.0,0.0,0.0,4
137,608181,Tzimas,FWD,Brighton,Coventry City,0,2,55,0.0,i,0.0,Knee injury - Unknown return date,0.0,0.0,0.0,0.0,0.0,,0.0,0.0,0.0,0.0,4
624,519324,Cozier-Duberry,MID,Brighton,Coventry City,0,2,50,0.0,u,0.0,Has joined Middlesbrough on loan for the rest of the season,0.0,0.0,0.0,0.0,0.0,,0.0,0.0,0.0,0.0,4
143,180736,Chalobah,DEF,Chelsea,Hull City,1,2,55,0.1,u,0.0,Has joined Como permanently,0.0,0.0,0.0,0.0,0.0,,0.0,0.0,0.0,0.0,4
168,499309,Marc Guiu,FWD,Chelsea,Hull City,1,2,50,0.3,u,0.0,Has joined RB Leipzig permanently,0.0,0.0,0.0,0.0,0.0,,0.0,0.0,0.0,0.0,4
163,491007,D.Essugo,MID,Chelsea,Hull City,1,2,45,0.1,u,0.0,Has joined RC Strasbourg on loan for the rest of the season,0.0,0.0,0.0,0.0,0.0,,0.0,0.0,0.0,0.0,4
121,451340,Mitoma,MID,Brighton,Coventry City,0,2,59,0.0,i,0.0,Hamstring injury - Expected back 10 Oct,0.0,0.0,0.0,0.0,0.0,,0.0,0.0,0.0,0.0,4
118,223434,Igor,DEF,Brighton,Coventry City,0,2,45,0.1,u,0.0,Has joined Burnley permanently,0.0,0.0,0.0,0.0,0.0,,0.0,-0.0,0.0,0.0,4
130,467779,Wieffer,DEF,Brighton,Coventry City,0,2,50,0.3,i,0.0,Knee injury - Unknown return date,0.0,0.0,0.0,0.0,0.0,,0.0,0.0,0.0,0.0,4
122,592031,Minteh,MID,Brighton,Coventry City,0,2,59,0.0,i,0.0,Leg injury - Expected back 28 Nov,0.0,0.0,0.0,0.0,0.0,,0.0,0.0,0.0,0.0,4
132,597320,Howell,MID,Brighton,Coventry City,0,2,45,0.0,u,0.0,Has joined Leicester City on loan for the rest of the season,0.0,0.0,0.0,0.0,0.0,,0.0,0.0,0.0,0.0,4
133,549074,Watson,MID,Brighton,Coventry City,0,2,50,0.0,u,0.0,Has joined Leicester City on loan for the rest of the season,0.0,0.0,0.0,0.0,0.0,,0.0,0.0,0.0,0.0,4
103,183656,Dasilva,MID,Brentford,Bournemouth,0,3,50,0.0,i,0.0,Hamstring injury - Expected back 10 Oct,0.0,0.0,0.0,0.0,0.0,,0.0,0.0,0.0,0.0,4
128,536916,Buonanotte,MID,Brighton,Coventry City,0,2,50,0.0,u,0.0,Has joined Elche on loan for the rest of the season,0.0,0.0,0.0,0.0,0.0,,0.0,0.0,0.0,0.0,4
494,184254,Vicario,GK,Spurs,Everton,1,3,45,0.2,u,0.0,Has joined Juventus on loan for the rest of the season,0.0,0.0,0.0,0.0,0.0,,0.0,0.0,0.0,0.0,4
500,221632,Romero,DEF,Spurs,Everton,1,3,50,0.1,u,0.0,Has joined Atletico Madrid permanently,0.0,0.0,0.0,0.0,0.0,,0.0,0.0,0.0,0.0,4
505,232859,Spence,DEF,Spurs,Everton,1,3,45,0.3,u,0.0,Has joined Internazionale permanently,0.0,0.0,0.0,0.0,0.0,,0.0,-0.0,0.0,0.0,4
507,548308,Phillips,DEF,Spurs,Everton,1,3,45,0.0,u,0.0,Has joined Middlesbrough permanently,0.0,0.0,0.0,0.0,0.0,,0.0,0.0,0.0,0.0,4
511,616221,Souza,DEF,Spurs,Everton,1,3,40,0.2,u,0.0,Has joined FC Porto on loan for the rest of the season,0.0,0.0,0.0,0.0,0.0,,0.0,0.0,0.0,0.0,4
485,476887,Bakwa,MID,Nott'm Forest,Aston Villa,0,4,55,0.0,u,0.0,Has joined Lille on loan for the rest of the season,0.0,0.0,0.0,0.0,0.0,,0.0,0.0,0.0,0.0,4
146,242880,B.Badiashile,DEF,Chelsea,Hull City,1,2,45,0.0,u,0.0,Has joined Napoli on loan for the rest of the season,0.0,0.0,0.0,0.0,0.0,,0.0,0.0,0.0,0.0,4
140,215059,Sánchez,GK,Chelsea,Hull City,1,2,49,1.0,u,0.0,Has joined Como on loan for the rest of the season,0.0,0.0,0.0,0.0,0.0,,0.0,0.0,0.0,0.0,4
99,543295,Milambo,MID,Brentford,Bournemouth,0,3,50,0.0,i,0.0,Knee injury - Unknown return date,0.0,0.0,0.0,0.0,0.0,,0.0,0.0,0.0,0.0,4
97,207283,Jensen,MID,Brentford,Bournemouth,0,3,55,0.1,i,0.0,Unspecified injury - Expected back 18 Sep,0.0,0.0,0.0,0.0,0.0,,0.0,0.0,0.0,0.0,4
85,444765,Van den Berg,DEF,Brentford,Bournemouth,0,3,49,0.1,i,0.0,Groin injury - Unknown return date,0.0,0.0,0.0,0.0,0.0,,0.0,0.0,0.0,0.0,4
78,560262,Kroupi.Jr,MID,Bournemouth,Brentford,1,3,74,0.2,i,0.0,Foot injury - Expected back 7 Nov,0.0,0.0,0.0,0.0,0.0,,0.0,0.0,0.0,0.0,4
80,168636,Enes Ünal,FWD,Bournemouth,Brentford,1,3,55,0.0,u,0.0,Has joined Getafe permanently,0.0,0.0,0.0,0.0,0.0,,0.0,0.0,0.0,0.0,4
59,444172,Dennis,GK,Bournemouth,Brentford,1,3,40,0.1,u,0.0,Has joined MK Dons permanently,0.0,0.0,0.0,0.0,0.0,,0.0,0.0,0.0,0.0,4
63,620487,Milosavljević,DEF,Bournemouth,Brentford,1,3,50,0.0,i,0.0,Unspecified injury - Unknown return date,0.0,0.0,0.0,0.0,0.0,,0.0,0.0,0.0,0.0,4
77,489888,Adli,MID,Bournemouth,Brentford,1,3,49,0.0,i,0.0,Unspecified injury - Unknown return date,0.0,0.0,0.0,0.0,0.0,,0.0,0.0,0.0,0.0,4
513,493362,Xavi,MID,Spurs,Everton,1,3,60,0.0,i,0.0,Knee injury - Unknown return date,0.0,0.0,0.0,0.0,0.0,,0.0,0.0,0.0,0.0,4
517,550839,Odobert,MID,Spurs,Everton,1,3,55,0.0,i,0.0,Knee injury - Unknown return date,0.0,0.0,0.0,0.0,0.0,,0.0,0.0,0.0,0.0,4
518,482442,P.M.Sarr,MID,Spurs,Everton,1,3,49,0.1,u,0.0,Has joined Juventus on loan for the rest of the season,0.0,0.0,0.0,0.0,0.0,,0.0,0.0,0.0,0.0,4
521,445044,Kulusevski,MID,Spurs,Everton,1,3,65,0.0,i,0.0,Knee injury - Unknown return date,0.0,0.0,0.0,0.0,0.0,,0.0,0.0,0.0,0.0,4
523,499721,Moore,MID,Spurs,Everton,1,3,50,0.1,u,0.0,Has joined FC Köln on loan for the rest of the season,0.0,0.0,0.0,0.0,0.0,,0.0,0.0,0.0,0.0,4
527,212319,Richarlison,FWD,Spurs,Everton,1,3,59,1.1,u,0.0,not included in squad.,0.0,0.0,0.0,0.0,0.0,,0.0,0.0,0.0,0.0,4
53,614071,Manzambi,MID,Aston Villa,Nott'm Forest,1,3,59,0.1,i,0.0,Knee injury - Expected back 12 Sep,0.0,0.0,0.0,0.0,0.0,,0.0,0.0,0.0,0.0,4
65,436893,J.Araujo,DEF,Bournemouth,Brentford,1,3,44,0.0,i,0.0,Thigh injury - Unknown return date,0.0,0.0,0.0,0.0,0.0,,0.0,0.0,0.0,0.0,4
54,448089,Gomes,MID,Aston Villa,Nott'm Forest,1,3,55,0.0,s,0.0,Suspended until 19 Sep,0.0,0.0,0.0,0.0,0.0,,0.0,0.0,0.0,0.0,4
55,178301,Watkins,FWD,Aston Villa,Nott'm Forest,1,3,78,3.3,u,0.0,Has joined Al Hilal permanently,0.0,0.0,0.0,0.0,0.0,,0.0,0.0,0.0,0.0,4
582,690838,Madjo,FWD,Aston Villa,Nott'm Forest,1,3,55,0.3,i,0.0,Unspecified injury - Unknown return date,0.0,0.0,0.0,0.0,0.0,,0.0,0.0,0.0,0.0,4
607,571380,Lynch,MID,Aston Villa,Nott'm Forest,1,3,45,0.1,u,0.0,Has joined Oxford United on loan until January,0.0,0.0,0.0,0.0,0.0,,0.0,0.0,0.0,0.0,4
618,119090,Goretzka,MID,Aston Villa,Nott'm Forest,1,3,60,0.0,i,0.0,Knee injury - Expected back 10 Oct,0.0,0.0,0.0,0.0,0.0,,0.0,0.0,0.0,0.0,4
30,101188,Digne,DEF,Aston Villa,Nott'm Forest,1,3,45,0.1,u,0.0,Has joined Paris Saint-Germain permanently,0.0,0.0,0.0,0.0,0.0,,0.0,0.0,0.0,0.0,4
39,578545,Nedeljkovic,DEF,Aston Villa,Nott'm Forest,1,3,40,0.2,u,0.0,Has joined Rangers on loan for the rest of the season,0.0,0.0,0.0,0.0,0.0,,0.0,0.0,0.0,0.0,4
44,215711,Bailey,MID,Aston Villa,Nott'm Forest,1,3,54,0.1,u,0.0,Has joined Olympiakos permanently,0.0,0.0,0.0,0.0,0.0,,0.0,0.0,0.0,0.0,4
48,449871,Onana,MID,Aston Villa,Nott'm Forest,1,3,50,0.0,i,0.0,Knee injury - Unknown return date,0.0,0.0,0.0,0.0,0.0,,0.0,0.0,0.0,0.0,4
49,469247,Iling Jr,MID,Aston Villa,Nott'm Forest,1,3,50,0.0,u,0.0,Has joined Bolton Wanderers on loan for the rest of the season,0.0,0.0,0.0,0.0,0.0,,0.0,0.0,0.0,0.0,4
528,490145,Scarlett,FWD,Spurs,Everton,1,3,45,1.4,u,0.0,Has joined Leyton Orient permanently,0.0,0.0,0.0,0.0,0.0,,0.0,0.0,0.0,0.0,4
530,232571,Patterson,GK,Sunderland,Arsenal,1,4,40,0.1,u,0.0,Has joined Wrexham permanently,0.0,0.0,0.0,0.0,0.0,,0.0,0.0,0.0,0.0,4
537,519634,Seelt,DEF,Sunderland,Arsenal,1,4,45,0.0,u,0.0,Has joined Swansea City on loan for the rest of the season,0.0,0.0,0.0,0.0,0.0,,0.0,0.0,0.0,0.0,4
538,477547,Hjelde,DEF,Sunderland,Arsenal,1,4,40,0.0,u,0.0,Has joined KV Mechelen on loan for the rest of the season,0.0,0.0,0.0,0.0,0.0,,0.0,0.0,0.0,0.0,4
540,105717,Masuaku,DEF,Sunderland,Arsenal,1,4,40,0.2,u,0.0,Has joined Konyaspor permanently,0.0,0.0,0.0,0.0,0.0,,0.0,0.0,0.0,0.0,4
6,462424,Saliba,DEF,Arsenal,Sunderland,0,3,59,0.2,i,0.0,Back injury - Unknown return date,0.0,0.0,0.0,0.0,0.0,,0.0,0.0,0.0,0.0,4
