id,player_code,web_name,position,team_name,opponent_name,was_home,fdr,now_cost,selected_by_percent,status,chance_of_playing_next_round,news,ep_next,pred_minutes,pred_defcon,pred_points,pred_points_decomposed,pred_points_tabfm,e_points_final,pred_points_p10,pred_points_p90,e_points_p90,event
397,437730,Semenyo,MID,Man City,Sunderland,1,2,84,15.2,a,,,4.0,86.48648648648648,0.010899182561307902,6.876937656384445,6.608468618747815,,6.630266983870431,0.07727542091106362,14.33364965034168,13.795876107192699,5
155,448047,Enzo,MID,Man City,Sunderland,1,2,69,3.4,a,,,1.5,86.5,0.0356020942408377,6.72917801698715,6.467487760770982,,6.538691949252658,0.6168850401351763,11.099701994753467,10.739251105661396,5
411,223094,Haaland,FWD,Man City,Sunderland,1,2,155,72.8,a,,,8.2,88.4656243363924,0.0012674271229404308,6.418510376607304,6.309083641957535,,6.311618496203416,0.6765415905849322,11.648747091828211,11.452686901082746,5
106,502500,Thiago,FWD,Brentford,Chelsea,1,4,79,9.2,a,,,1.2,86.36842105263158,0.024630541871921183,6.498953885541374,6.236715395423038,,6.28597647916688,0.4871209415029728,10.194154575894162,9.832072580259817,5
368,424876,Szoboszlai,MID,Liverpool,Bournemouth,0,3,70,35.4,a,,,4.5,89.77777777777777,0.0356020942408377,6.164148384886824,6.148928265417966,,6.220132453899642,0.7455440798800013,10.531444904733199,10.576645525548864,5
426,141746,B.Fernandes,MID,Man Utd,Fulham,0,3,120,41.0,a,,,7.2,90.0,0.02666666666666667,5.543303067630567,5.543303067630567,,5.5966364009639005,0.6765415905849322,12.414346637919714,12.467679971253046,5
481,215379,Anderson,MID,Man City,Sunderland,1,2,63,4.2,a,100.0,,3.2,87.6842105263158,0.07214428857715431,5.447047686680555,5.306889734508657,,5.451178311662966,0.8393524888021601,12.778107339622924,12.59360251154717,5
40,244850,Rogers,MID,Chelsea,Brentford,0,3,77,38.6,a,,,6.8,88.64864864864865,0.0356020942408377,5.394947427969598,5.313942211333417,,5.385146399815093,0.6986842236737683,10.138986888028843,10.057954036149724,5
452,208706,Bruno G.,MID,Arsenal,Brighton,0,3,67,1.8,a,100.0,,2.0,84.6896551724138,0.10551558752997602,4.785432260745907,4.503073422372394,,4.714104597432345,0.8661481268356496,11.514089458113709,11.045745239859672,5
346,177815,Calvert-Lewin,FWD,Leeds,Crystal Palace,1,3,60,23.9,a,,,5.0,77.74285714285715,0.008,5.36968520394746,4.638385219028901,,4.654385219028901,0.6957540306132516,10.952850648697659,9.47717670320836,5
261,153133,Iwobi,MID,Fulham,Man Utd,1,4,54,0.7,a,,,2.2,83.44827586206897,0.0356020942408377,4.76237429755409,4.4156880460080075,,4.486892234489683,0.7160943330448661,8.770596640670872,8.203328276766545,5
427,446008,Mbeumo,MID,Man Utd,Fulham,0,3,79,22.3,a,,,5.8,79.12121212121212,0.0012674271229404308,4.968431058901533,4.367869863566297,,4.370404717812178,0.8464188243522529,13.227804188252774,11.631422643985946,5
535,201895,Alderete,DEF,Sunderland,Man City,0,5,49,0.3,a,100.0,,0.2,84.75757575757575,0.18518518518518517,4.2253804121476195,3.9792555598575388,,4.349625930227909,0.0,12.172002488837695,11.83336396002661,5
154,244851,Palmer,MID,Chelsea,Brentford,0,3,97,26.8,a,100.0,,6.5,81.06102681095686,0.008,4.786759455281978,4.311329294913485,,4.327329294913485,0.4569914286084809,10.123114912857629,9.13366765957277,5
94,513418,Schade,MID,Brentford,Chelsea,1,4,61,6.7,a,,,7.5,78.4,0.0031545741324921135,4.960075657369051,4.32077701708593,,4.327086165350914,0.07489801029620984,8.62558721423869,7.520154010446244,5
79,444102,Evanilson,FWD,Bournemouth,Liverpool,1,4,60,3.3,a,,,4.0,76.13888888888889,0.024630541871921183,5.038073418574316,4.262147913676605,,4.311408997420448,0.09147521073697429,9.838353315768975,8.372386527732347,5
388,209036,Guéhi,DEF,Man City,Sunderland,1,2,60,18.5,a,,,6.5,90.0,0.1552511415525114,3.996646032252139,3.996646032252139,,4.3071483153571615,0.08163610336032914,8.136116961219537,8.44661924432456,5
384,204936,Donnarumma,GK,Man City,Sunderland,1,2,55,7.7,a,,,4.2,90.0,0.0,4.266184478497188,4.266184478497188,,4.266184478497188,0.00020441584281522058,7.1147619891184775,7.1147619891184775,5
544,84450,Xhaka,MID,Sunderland,Man City,0,5,55,3.9,a,,,4.8,85.32352941176471,0.18518518518518517,4.100149225548795,3.8871022559859654,,4.257472626356336,8.459328884250088e-05,7.969578850268644,7.925843652928978,5
237,440993,Ndiaye,MID,Man City,Sunderland,1,2,59,7.7,a,,,4.2,86.90625,0.0356020942408377,4.320956609011764,4.1724237255769845,,4.24362791405866,0.08158965488537283,8.43098534549936,8.212374412729494,5
61,494521,Truffert,DEF,Bournemouth,Liverpool,1,4,55,3.2,a,,,2.0,88.89473684210526,0.10416666666666667,4.058912737577305,4.00906644080004,,4.217399774133373,0.7013154153300004,9.215890892197663,9.311046618082955,5
226,111234,Pickford,GK,Everton,Ipswich Town,1,2,55,9.0,a,,,4.2,90.0,0.0,4.201852012090546,4.201852012090546,,4.201852012090546,0.07673353430113128,6.866030950540185,6.866030950540185,5
200,437499,Lacroix,DEF,Chelsea,Brentford,0,3,60,7.2,a,,,2.5,88.14285714285714,0.25784753363228696,3.738008300742031,3.6608747961235446,,4.176569863388119,0.03632798151572485,10.038897144850385,10.347440366268838,5
156,247632,Neto,MID,Chelsea,Brentford,0,3,65,1.4,a,,,3.0,77.32352941176471,0.03258145363408521,4.776892467476765,4.1040687245086325,,4.169231631776803,0.6259121758244646,10.19935173749516,8.827939285658621,5
529,498016,Roefs,GK,Sunderland,Man City,0,5,49,2.6,a,,,2.8,90.0,0.0,4.075204139532851,4.075204139532851,,4.075204139532851,0.07906389411460496,8.043862100832303,8.043862100832303,5
69,503139,Scott,MID,Bournemouth,Liverpool,1,4,61,5.8,a,,,7.0,87.21449470070667,0.1552511415525114,3.883632266020233,3.763433618714611,,4.073935901819634,0.07324557379563096,7.368235968940669,7.450690914957603,5
5,445122,J.Timber,DEF,Arsenal,Brighton,0,3,65,0.2,a,100.0,,0.2,81.73333333333333,0.04570383912248629,4.308859913493723,3.913083151069115,,4.004490829314087,0.0,13.111031065022612,11.9981662602581,5
356,97032,Virgil,DEF,Liverpool,Bournemouth,0,3,65,16.6,a,,,4.2,90.0,0.18518518518518517,3.559119048556702,3.559119048556702,,3.9294894189270724,0.6781859215642845,8.462907500634872,8.833277871005242,5
428,430871,Cunha,MID,Man Utd,Fulham,0,3,79,5.9,a,,,4.0,76.45125152853359,0.037815126050420166,4.525783577977835,3.844464652041002,,3.9200949041418425,0.6765415905849322,9.90284775101013,8.487686966114714,5
335,466525,Stach,MID,Leeds,Crystal Palace,1,3,60,2.7,a,,,5.5,81.6896551724138,0.10551558752997602,4.038396880369678,3.665502762297229,,3.876533937357181,0.7493339651267756,9.129680807889581,8.497703142067776,5
498,221466,Senesi,DEF,Spurs,Aston Villa,1,3,58,3.9,a,,,0.8,88.86486486486487,0.18518518518518517,3.5424645615988997,3.4977848283895443,,3.8681551987599145,0.07626872317597246,7.857377026842879,8.128645344622438,5
239,232928,Garner,MID,Everton,Ipswich Town,1,2,60,0.2,a,100.0,,2.0,89.8157894736842,0.1552511415525114,3.5416742739497424,3.534425233038149,,3.844927516143172,0.7395989646611186,7.7255153106240515,8.020205135490954,5
67,499604,Rayan,MID,Bournemouth,Liverpool,1,4,64,1.7,a,,,2.0,74.0,0.04570383912248629,4.546430366732606,3.738176079313476,,3.8295837575584484,0.6195036164703364,10.777028795230397,8.952520243212188,5
28,98980,Martinez,GK,Chelsea,Brentford,0,3,50,4.9,a,,,1.8,88.59375,0.0,3.884974386641354,3.824271661850083,,3.824271661850083,0.07550810019795481,7.034298424917829,6.9243875120284875,5
512,460842,Kudus,MID,Spurs,Aston Villa,1,3,65,0.1,a,100.0,,0.8,80.78947368421052,0.010899182561307902,4.204225686616464,3.7739686719042527,,3.7957670370268684,0.0,13.66563040478708,12.288899342519205,5
385,432720,Trafford,GK,Leeds,Crystal Palace,1,3,50,5.4,a,,,4.5,90.0,0.0,3.7245846727554857,3.7245846727554857,,3.7245846727554857,0.07694716098186367,7.311379185077259,7.311379185077259,5
531,515046,Ellborg,GK,Sunderland,Man City,0,5,45,0.1,a,,,0.0,90.0,0.0,3.698767724337576,3.698767724337576,,3.698767724337576,0.00015622704999136968,7.952673238542273,7.952673238542273,5
472,575476,Murillo,DEF,Nott'm Forest,Coventry City,1,2,55,2.0,a,100.0,,4.8,85.2,0.1552511415525114,3.5703204097109933,3.3799033211930736,,3.690405604298096,3.72551995686217e-10,10.886535898219527,10.616422933419509,5
496,485055,Kinsky,GK,Spurs,Aston Villa,1,3,45,18.3,a,,,4.0,90.0,0.0,3.6899229636788022,3.6899229636788022,,3.6899229636788022,0.0001246017473700189,7.461004590797268,7.461004590797268,5
250,80201,Leno,GK,Fulham,Man Utd,1,4,45,3.0,a,,,3.8,90.0,0.0,3.673203968354514,3.673203968354514,,3.673203968354514,0.00019902659277600226,7.4872149534753545,7.4872149534753545,5
533,200834,Mukiele,DEF,Sunderland,Man City,0,5,54,2.0,a,100.0,,3.2,87.0,0.10576923076923077,3.5606199468982576,3.4419326153349825,,3.653471076873444,0.49926051857676756,8.183859225146614,8.122602379180188,5
229,17761,Tarkowski,DEF,Everton,Ipswich Town,1,2,61,13.8,a,,,7.2,90.0,0.1552511415525114,3.329589703013183,3.329589703013183,,3.6400919861182057,0.7368287089363017,8.316496695075278,8.626998978180302,5
31,199798,Konsa,DEF,Arsenal,Brighton,0,3,45,18.4,a,,,2.8,89.26470588235294,0.323943661971831,2.9938785692990395,2.9694187770662044,,3.6173061010098664,8.219201875815191e-05,6.837553450387598,7.429578409540512,5
367,243298,Gakpo,MID,Liverpool,Bournemouth,0,3,72,12.4,a,100.0,,7.2,76.0,0.010899182561307902,4.246312322100149,3.585774849773459,,3.6075732148960746,0.07536919019017335,8.515609448318,7.212757454813371,5
112,469142,Van Hecke,DEF,Spurs,Aston Villa,1,3,49,6.7,a,,,4.5,89.16666666666667,0.10576923076923077,3.40039407890488,3.3689089485446497,,3.5804474100831114,8.273513806196456e-05,7.426769797703189,7.569541872225881,5
1,154561,Raya,GK,Arsenal,Brighton,0,3,60,40.9,a,,,7.2,90.0,0.0,3.530314891412881,3.530314891412881,,3.530314891412881,0.08668164057162808,7.6836390362796045,7.6836390362796045,5
105,444180,Anthony,MID,Brentford,Chelsea,1,4,59,0.1,a,,,1.2,73.43243243243244,0.0356020942408377,4.221951541469221,3.444757458910473,,3.5159616473921482,0.5312646150794887,8.665306992153614,7.141366079677282,5
82,200720,Kelleher,GK,Brentford,Chelsea,1,4,50,6.2,a,,,3.5,90.0,0.0,3.5064022067381617,3.5064022067381617,,3.5064022067381617,0.07510796735811634,7.48768185065411,7.48768185065411,5
503,491279,Van de Ven,DEF,Spurs,Aston Villa,1,3,50,3.9,a,100.0,,3.8,86.88571428571429,0.1552511415525114,3.277797053903585,3.1643748701335874,,3.4748771532386105,0.07519077933862256,7.133363848344801,7.197029096697574,5
387,472769,O'Reilly,DEF,Man City,Sunderland,1,2,64,12.1,a,100.0,,1.2,85.65664009159346,0.0356020942408377,3.5450786890728927,3.373994770736608,,3.4451989592182835,0.5294735390561134,8.644278276810747,8.298313446352317,5
525,551226,Fernandes,MID,Spurs,Aston Villa,1,3,58,0.8,a,,,1.5,84.4878323000884,0.18518518518518517,3.2490130829385953,3.0500230276901026,,3.420393398060473,0.6765415905849322,8.001650355170698,7.881949185165978,5
497,67089,Dubravka,GK,Spurs,Aston Villa,1,3,40,17.6,a,,,0.0,90.0,0.0,3.400300260568204,3.400300260568204,,3.400300260568204,0.00023755644757753,7.250090025820523,7.250090025820523,5
68,201658,Tavernier,MID,Bournemouth,Liverpool,1,4,61,5.9,a,,,7.2,80.3529411764706,0.04570383912248629,3.703648368078254,3.3066559939835916,,3.398063672228564,0.6818918002418002,9.767807317116379,8.8122081979711,5
338,199598,Ampadu,MID,Leeds,Crystal Palace,1,3,54,1.0,a,,,4.0,89.11428571428571,0.18518518518518517,3.035153699310299,3.005283932745658,,3.375654303116028,0.07871004206438648,7.571622814585341,7.867478801701061,5
12,223340,Saka,MID,Arsenal,Brighton,0,3,95,12.6,a,,,7.5,71.54838709677419,0.0356020942408377,4.103002938880245,3.2618138058911765,,3.333017994372852,0.7226722157240033,10.441501979312156,8.372011138343453,5
83,507433,Valdimarsson,GK,Brentford,Chelsea,1,4,45,0.1,a,,,0.0,90.0,0.0,3.3270363937624206,3.3270363937624206,,3.3270363937624206,0.0,7.932244580279538,7.932244580279538,5
331,243526,Gudmundsson,DEF,Leeds,Crystal Palace,1,3,45,0.1,a,100.0,,2.0,82.40625,0.10551558752997602,3.4001455944133485,3.1132583098847224,,3.3242894849446745,-1.4231842330700341e-08,7.031577062192704,6.649318922630147,5
57,457569,Petrović,GK,Bournemouth,Liverpool,1,4,45,3.1,a,,,1.8,90.0,0.0,3.289045553773114,3.289045553773114,,3.289045553773114,0.0002022879780533069,7.846847407016782,7.846847407016782,5
412,465247,Lammens,GK,Man Utd,Fulham,0,3,49,10.6,a,,,1.8,90.0,0.0,3.274192576774834,3.274192576774834,,3.274192576774834,0.0755533554814222,6.981576289695047,6.981576289695047,5
620,613804,Diouf,DEF,Brentford,Chelsea,1,4,45,0.1,a,,,0.3,84.5625,0.07214428857715431,3.326590774760386,3.1256092487852793,,3.269897825939588,0.10511912478600834,7.188777237271324,6.898743856340491,5
86,249231,Lewis-Potter,MID,Brentford,Chelsea,1,4,55,1.8,a,,,4.8,77.78328580865066,0.037815126050420166,3.6696088459187584,3.171491485200572,,3.2471217373014123,0.45699140190843623,7.904754074479993,6.907382979016097,5
124,60307,Groß,MID,Brighton,Arsenal,1,4,57,19.9,a,,,8.2,86.10526315789474,0.037815126050420166,3.3052687142793316,3.1622336938953137,,3.2378639459961542,0.6996377127366061,8.137096319354722,7.860594917869451,5
60,463981,Hill,DEF,Bournemouth,Liverpool,1,4,55,0.8,a,,,2.0,81.1136883375338,0.18518518518518517,3.178572933519388,2.8647308254179134,,3.2351011957882836,0.07324557392601704,7.672398766831118,7.2852210634150145,5
88,607464,Kayode,DEF,Brentford,Chelsea,1,4,46,7.9,a,,,4.2,88.05405405405405,0.10551558752997602,3.086950124741396,3.0202052571794202,,3.2312364322393723,8.755264061306252e-05,7.74936878806418,7.7928460433822035,5
526,154566,Solanke,FWD,Spurs,Aston Villa,1,3,58,0.9,a,,,1.2,66.46666666666667,0.012195121951219513,4.333419587812704,3.2003106141105677,,3.2247008580130068,3.899902689364171e-10,15.276618209985203,11.306455692313733,5
350,116535,A.Becker,GK,Liverpool,Bournemouth,0,3,55,3.9,a,,,4.8,90.0,0.0,3.2151279028771214,3.2151279028771214,,3.2151279028771214,0.07666772017301755,7.193444628332881,7.193444628332881,5
13,204480,Rice,MID,Arsenal,Brighton,0,3,74,12.5,a,,,4.8,85.91666666666667,0.10576923076923077,3.1439532029941675,3.00131088174721,,3.2128493432856717,0.07742637265640664,8.359702959431273,8.191958601514056,5
432,516895,Mainoo,MID,Man Utd,Fulham,0,3,55,1.6,a,,,4.5,84.35273432864301,0.25784753363228696,2.8692586996909846,2.6892201868353482,,3.204915254099922,0.45691239785425974,7.292295599904735,7.350418104872313,5
136,50175,Welbeck,FWD,Chelsea,Brentford,0,3,59,0.8,a,100.0,,0.5,60.78378378378378,0.0012674271229404308,4.699994227409841,3.174260365599019,,3.1767952198449,9.013475033288656e-11,11.269719160436,7.613825662600405,5
254,169528,Robinson,DEF,Fulham,Man Utd,1,4,45,1.4,a,,,2.5,75.48326540848315,0.10551558752997602,3.5261223602759886,2.957369222038883,,3.1684003970988353,0.0270180043830934,7.273339204629512,6.311202214937453,5
611,214590,Wan-Bissaka,DEF,Aston Villa,Spurs,0,3,45,0.2,a,,,1.7,83.2,0.10416666666666667,3.1947443446635133,2.9533636608444924,,3.161696994177826,1.1391608614250748e-09,8.007455524315738,7.610781106922993,5
330,226182,Bogle,DEF,Leeds,Crystal Palace,1,3,45,4.5,a,,,9.2,82.20588235294117,0.0356020942408377,3.3474154141074624,3.0575248635393324,,3.128729052021008,9.071208120729974e-05,7.601416982852488,7.014328524126349,5
445,465642,Thiaw,DEF,Newcastle,Hull City,1,2,50,2.2,a,,,2.5,84.65714285714286,0.10551558752997602,3.090853497663738,2.907364734469097,,3.118395909529049,8.411292727545385e-05,6.343485189812053,6.177934863127606,5
469,215136,N.Williams,DEF,Nott'm Forest,Coventry City,1,2,50,8.9,a,,,4.2,86.56756756756756,0.1552511415525114,2.899632281846648,2.7890457053317754,,3.0995479884367985,0.11173629511458216,7.08454664111398,7.1248575057741155,5
545,577669,Sadiki,MID,Sunderland,Man City,0,5,49,0.2,a,,,2.0,87.60606060606061,0.18518518518518517,2.7917336026411417,2.7174753687661757,,3.087845739136546,-6.590677398907258e-07,6.395150424999069,6.595414100563067,5
199,121709,Benitez,GK,Crystal Palace,Leeds,0,3,45,0.1,a,,,0.5,90.0,0.0,3.087208494617552,3.087208494617552,,3.087208494617552,0.00012935718103750102,6.989306282136706,6.989306282136706,5
372,243016,Mac Allister,MID,Liverpool,Bournemouth,0,3,54,1.3,a,,,1.5,85.12255765097703,0.04570383912248629,3.157209441877601,2.9861082525826124,,3.077515930827585,0.44403933654434735,6.917118310016342,6.633661035167138,5
351,449027,Mamardashvili,GK,Liverpool,Bournemouth,0,3,49,0.1,a,,,0.0,86.7,0.0,3.172042411370762,3.055734189620501,,3.055734189620501,0.0001522849558906971,7.776749045768952,7.491601580757424,5
393,578153,Khusanov,DEF,Man City,Sunderland,1,2,54,1.5,a,,,2.2,79.15323831063522,0.10551558752997602,3.2070847297879044,2.8205682433255683,,3.0315994183855204,0.07316659519014415,6.915610994624534,6.293175676406227,5
257,232892,Bassey,DEF,Fulham,Man Utd,1,4,45,0.7,a,,,2.2,84.4,0.10551558752997602,3.0026665014866594,2.815833919171934,,3.026865094231886,7.971178188670523e-05,6.6672303674152085,6.463411652947103,5
473,159506,Aina,DEF,Nott'm Forest,Coventry City,1,2,45,2.6,a,,,2.0,88.16666666666667,0.10551558752997602,2.858899004524117,2.800662172950478,,3.01169334801043,-4.024023931316637e-14,6.592470717074086,6.669210821971418,5
232,512462,O'Brien,DEF,Everton,Ipswich Town,1,2,49,0.3,a,,,0.2,84.27027027027027,0.0425531914893617,3.1141922671026743,2.9159313780258675,,3.001037761004591,7.350868880177519e-11,9.563105291182508,9.039389355323186,5
442,98747,Pope,GK,Newcastle,Hull City,1,2,49,1.0,a,,,0.0,89.48148148148148,0.0,3.003222830824044,2.9859203124571563,,2.9859203124571563,0.07576467237144409,6.27740183588292,6.241235734770837,5
542,484420,E.Le Fée,MID,Sunderland,Man City,0,5,58,3.8,a,,,3.2,81.38888888888889,0.10416666666666667,3.0315040093102668,2.7414526997774944,,2.949786033110828,0.7222908746111713,9.196022483553556,8.524489468151828,5
534,487676,Hume,DEF,Sunderland,Man City,0,5,44,3.3,a,,,2.2,79.78947368421052,0.03258145363408521,3.2438292806207842,2.875815900246262,,2.9409788075144325,0.10599448813343262,6.544327067337839,5.867034155270606,5
231,106611,Keane,DEF,Everton,Ipswich Town,1,2,48,0.8,a,,,0.0,83.32494966714512,0.25784753363228696,2.614989746202453,2.421043210915778,,2.9367382781803517,0.1002636036063729,6.386438347626932,6.4284689991350135,5
256,167074,Tete,DEF,Fulham,Man Utd,1,4,44,0.2,a,,,0.0,81.4090909090909,0.10551558752997602,2.9926420610004483,2.706980773359496,,2.918011948419448,-4.04531444394523e-14,6.887937726328603,6.441483936602642,5
390,171314,Rúben,DEF,Man City,Sunderland,1,2,55,1.9,a,,,4.0,82.26923076923077,0.07214428857715431,3.0128678141819853,2.7540701942458408,,2.8983587714001495,8.281174424069941e-05,7.415394282706325,6.922719504807655,5
371,441266,Gravenberch,MID,Liverpool,Bournemouth,0,3,59,1.2,a,,,2.0,83.08333333333333,0.04570383912248629,3.033892555373734,2.800732294173715,,2.8921399724186876,0.11548899383404264,8.677055877614446,8.101615743042753,5
491,482973,Igor Jesus,FWD,Nott'm Forest,Coventry City,1,2,58,2.7,a,,,2.8,73.85746326061249,0.02666666666666667,3.457680209100733,2.837505433451159,,2.8908387667844924,0.5294735390561134,7.647203163795066,6.328922519071486,5
258,166477,Castagne,DEF,Fulham,Man Utd,1,4,45,0.8,a,,,4.8,82.80319810938401,0.04570383912248629,3.0396752969359113,2.7966092866709436,,2.888016964915916,0.027018029831783034,6.731211471816849,6.284361422878404,5
109,489639,Verbruggen,GK,Brighton,Arsenal,1,4,45,21.7,a,,,4.2,90.0,0.0,2.84239555054083,2.84239555054083,,2.84239555054083,0.00021008761308696747,7.712953282764834,7.712953282764834,5
389,465351,Matheus N.,DEF,Man City,Sunderland,1,2,59,1.0,a,100.0,,2.5,84.1470588235294,0.07214428857715431,2.8856722706064097,2.6980092700016134,,2.842297847155922,0.07798069710556774,7.58062934705382,7.231929283664432,5
265,207189,Berge,MID,Fulham,Man Utd,1,4,49,0.3,a,,,2.0,82.97142857142858,0.04570383912248629,2.9712312990121115,2.739192283279737,,2.8305999615247095,0.0799211423282153,5.865821565304138,5.499136511782502,5
336,435997,Okafor,MID,Leeds,Crystal Palace,1,3,58,0.4,a,,,3.8,64.46231089096071,0.012195121951219513,3.912184452554309,2.802093893814875,,2.826484137717314,0.6290415880052275,10.0738971119176,7.239797882924478,5
325,59735,Darlow,GK,Man Utd,Fulham,0,3,45,0.0,a,100.0,,0.0,90.0,0.0,2.801712428026884,2.801712428026884,,2.801712428026884,0.00012399593352638215,6.869399449693967,6.869399449693967,5
328,222694,Struijk,DEF,Brighton,Arsenal,1,4,49,0.2,a,100.0,,0.5,86.32352941176471,0.1552511415525114,2.585176784516491,2.479573157698007,,2.7900754408030295,8.697905556058178e-05,7.056194461565654,7.078453506861623,5
332,220627,Justin,DEF,Leeds,Crystal Palace,1,3,45,1.5,a,,,4.5,79.52432982137528,0.10551558752997602,2.91289085161558,2.573841031306045,,2.784872206365997,7.896441995326102e-05,7.1358690396737146,6.516311209206095,5
459,547719,L.Miley,MID,Newcastle,Hull City,1,2,55,0.1,a,100.0,,2.0,81.81266720964466,0.1552511415525114,2.711484910330397,2.4648201401425993,,2.775322423247622,0.07316659516906462,6.364763534387468,6.096260959848618,5
236,215413,Dewsbury-Hall,MID,Everton,Ipswich Town,1,2,65,5.5,a,,,4.2,84.80645161290323,0.07214428857715431,2.7770764830442807,2.6168222487180697,,2.7611108258723784,0.5408222157930123,7.672990183571687,7.374500474147128,5
418,95658,Maguire,DEF,Man Utd,Fulham,0,3,49,9.8,a,,,2.0,82.07228991587988,0.25784753363228696,2.4623053715298666,2.245411559040306,,2.76110662630488,0.45699140190843623,6.285053222344715,6.2471251806091335,5
514,511499,Tel,MID,Spurs,Aston Villa,1,3,58,0.2,a,,,2.0,66.79451109728323,0.0356020942408377,3.6061099617945898,2.6763150206790263,,2.7475192091607017,0.676462611952844,7.8676564292119755,5.91027379593291,5
450,441191,Livramento,DEF,Newcastle,Hull City,1,2,49,0.1,a,100.0,,1.0,78.0,0.07214428857715431,2.9836361578741255,2.585818003490909,,2.730106580645218,0.09805317087432917,7.709740219549642,6.826063434097332,5
327,434752,Bijol,DEF,Leeds,Crystal Palace,1,3,50,0.8,a,,,3.0,75.52,0.18518518518518517,2.802283710346794,2.351427397837665,,2.7217977682080354,9.351996287585436e-05,7.584567403759106,6.734665151835788,5
19,481655,Zubimendi,MID,Arsenal,Brighton,0,3,53,0.6,a,,,1.0,78.71052631578948,0.10551558752997602,2.8686020788034923,2.508768660146563,,2.719799835206515,0.05312601861934836,7.0169982032703855,6.3478269721306315,5
203,651426,Canvot,DEF,Crystal Palace,Leeds,0,3,49,0.2,a,,,0.5,78.16015071219908,0.25784753363228696,2.5258569457156548,2.1935706617176716,,2.7092657289822455,0.07316659516906462,6.16841004806406,5.872626834057131,5
102,508395,Yarmoliuk,MID,Brentford,Chelsea,1,4,48,0.7,a,,,1.5,75.35534473915239,0.25784753363228696,2.6038602930890433,2.180164333759058,,2.695859401023632,0.07324557379563096,5.453360854679009,5.081693813834967,5
2,109745,Arrizabalaga,GK,Arsenal,Brighton,0,3,49,0.1,a,,,0.0,90.0,0.0,2.6856467264781148,2.6856467264781148,,2.6856467264781148,0.07945898249373676,6.499149667643035,6.499149667643035,5
91,231065,Pinnock,DEF,Coventry City,Nott'm Forest,0,3,45,0.1,a,,,1.5,79.5,0.25784753363228696,2.442381692842854,2.1574371620111874,,2.6731322292757613,-1.3467514542350175e-09,6.0788374734898,5.885334835513897,5
116,83299,Dunk,DEF,Brighton,Arsenal,1,4,45,1.5,a,,,5.5,85.96969696969697,0.18518518518518517,2.4090721154806194,2.301191108289063,,2.671561478659433,0.029248619210990513,7.116111070911376,7.167813841136557,5
519,232787,Gallagher,MID,Spurs,Aston Villa,1,3,54,0.2,a,,,0.8,75.0898190165581,0.10551558752997602,2.9223253353118084,2.438187561511846,,2.649218736571798,0.07316662063883378,6.80718519271144,5.890478998758798,5
113,231416,F.Kadıoğlu,DEF,Brighton,Arsenal,1,4,44,1.6,a,100.0,,2.0,84.5945945945946,0.07214428857715431,2.6303378697749387,2.4723596193380053,,2.616648196492314,0.0760830881737392,6.790364310931202,6.526823199741295,5
552,441264,Brobbey,FWD,Sunderland,Man City,0,5,58,5.8,a,,,1.8,61.935483870967744,0.0031545741324921135,3.739892489359194,2.5736894550428864,,2.5799986033078706,0.03643193783259268,10.937750035467838,7.53336293611382,5
447,220237,Botman,DEF,Newcastle,Hull City,1,2,50,0.7,a,,,2.8,78.14186330639286,0.25784753363228696,2.3680457734427316,2.056038990351592,,2.571734057616166,0.07324557377455143,5.828446656880074,5.576202644492632,5
480,222531,Gibbs-White,MID,Nott'm Forest,Coventry City,1,2,80,13.7,a,100.0,,6.5,83.8108108108108,0.012195121951219513,2.724963231889422,2.5375708654922216,,2.5619611093946606,0.7183469929873266,10.142636045051159,9.469529696065694,5
516,202993,Bentancur,MID,Spurs,Aston Villa,1,3,55,0.2,a,,,2.8,73.4728715055218,0.10551558752997602,2.8620001616384236,2.3364374458315833,,2.5474686208915354,0.07324557379563096,6.604375437549499,5.602613707252158,5
233,224967,Mykolenko,DEF,Everton,Ipswich Town,1,2,45,3.3,a,,,5.5,89.66666666666667,0.18518518518518517,2.1848837967402956,2.1767916345301463,,2.5471620049005166,0.0,5.854539488812351,6.203226379594528,5
8,466075,Calafiori,DEF,Arsenal,Brighton,0,3,58,50.2,a,,,7.0,65.26923076923077,0.03258145363408521,3.4135334809344853,2.475541161173428,,2.5407040684415985,-4.633270284655285e-13,11.19186007528827,8.181652884945178,5
238,114283,Grealish,MID,Everton,Ipswich Town,1,2,65,0.4,a,100.0,,0.8,81.35,0.10551558752997602,2.5735910003261435,2.3262403097392417,,2.5372714847991937,0.6951585603157748,7.399349852200316,6.899221291465459,5
95,533463,O.Dango,MID,Brentford,Chelsea,1,4,63,0.5,a,,,1.5,71.03786299551349,0.012195121951219513,3.1832769957684817,2.5125910566907907,,2.53698130059323,0.6765415880132134,8.498253055371665,6.732142868887953,5
640,431639,Flemming,FWD,Ipswich Town,Everton,0,3,55,0.1,a,,,3.0,72.78386247287227,0.010899182561307902,3.065913616898862,2.479433722734146,,2.5012320878567618,0.1002636036063729,7.638265470636085,6.198936848967792,5
417,216051,Dalot,DEF,Man Utd,Fulham,0,3,49,1.7,a,,,1.5,77.84744547141875,0.10551558752997602,2.620755963438815,2.2668795217522075,,2.4779106968121596,7.84554461605852e-05,6.522511345094744,5.852818355881876,5
347,174594,Nmecha,FWD,Leeds,Crystal Palace,1,3,54,0.5,a,,,1.5,57.87396785875172,0.010899182561307902,3.797229858068379,2.441786208423797,,2.4635845735464126,0.047499513874074195,7.90231263827128,5.1033337833128325,5
446,119471,Schär,DEF,Newcastle,Hull City,1,2,49,0.2,a,100.0,,0.2,71.23423604624435,0.18518518518518517,2.642627731559708,2.091617417914172,,2.4619877882845422,0.6480226076194956,6.198315506158376,5.276284479867951,5
337,427637,Aaronson,MID,Leeds,Crystal Palace,1,3,54,0.5,a,,,1.5,68.65195019224389,0.0356020942408377,3.1012547838905293,2.3656354328567852,,2.4368396213384607,7.849465283329165e-05,7.128662835908177,5.508944254571322,5
467,85633,Sels,GK,Nott'm Forest,Coventry City,1,2,50,1.6,a,,,3.0,86.03225806451613,0.0,2.5451640989580717,2.4329579397566943,,2.4329579397566943,0.07352483023755294,6.016194189433683,5.7509641230177895,5
571,216055,Florentino,MID,Ipswich Town,Everton,0,3,49,0.1,a,100.0,,0.2,76.97240273039381,0.25784753363228696,2.2327380165896775,1.9095467756044593,,2.425241842869033,0.07324557377455143,4.803450424217375,4.623840851135027,5
468,221389,John,GK,Nott'm Forest,Coventry City,1,2,45,0.1,a,,,0.0,87.4,0.0,2.493590346871404,2.42155329240623,,2.42155329240623,-8.07487114537169e-09,6.787277143950223,6.59120024868055,5
623,79602,Bentley,GK,Coventry City,Nott'm Forest,0,3,40,0.6,a,,,0.0,90.0,0.0,2.4030799685119435,2.4030799685119435,,2.4030799685119435,0.00014386845320405814,6.975335202513343,6.975335202513343,5
41,195546,Buendía,MID,Aston Villa,Spurs,0,3,59,0.9,a,,,2.2,71.29775891694678,0.18518518518518517,2.5656301705333022,2.032485348541427,,2.4028557189117974,0.631077455219603,7.072048105261198,5.97282793545885,5
267,212314,Lukić,MID,Ipswich Town,Everton,0,3,50,0.1,a,,,2.2,82.43188840244066,0.1552511415525114,2.2840346035351513,2.091969839399138,,2.402472122504161,0.07316662063883378,5.147646120797387,5.025282178269765,5
259,219924,Diop,DEF,Ipswich Town,Everton,0,3,40,13.5,a,,,2.0,62.46153846153846,0.18518518518518517,2.8905341511854985,2.006080111762927,,2.3764504821332975,-2.600943477369019e-09,5.35657349917892,4.087923944159501,5
201,247348,Muñoz,DEF,Nott'm Forest,Coventry City,1,2,54,5.7,a,,,0.8,82.75862068965517,0.07214428857715431,2.4072883270828638,2.213598461685392,,2.3578870388397006,-4.828499930073007e-13,10.494609446739382,9.794504160362935,5
488,210462,I.Sangaré,MID,Nott'm Forest,Coventry City,1,2,49,0.5,a,100.0,,0.8,74.03571428571429,0.1552511415525114,2.483854347729349,2.043265897953548,,2.3537681810585704,0.0001200114988219225,5.3402578799656055,4.703500134362444,5
15,184029,Ødegaard,MID,Arsenal,Brighton,0,3,67,19.6,a,,,6.8,67.65194403044156,0.04570383912248629,2.980999318467318,2.2407822116415046,,2.332189889886477,0.5009545278084093,7.4135418275058385,5.664080086931222,5
222,247412,Strand Larsen,FWD,Crystal Palace,Leeds,0,3,60,0.6,a,,,3.0,63.916666666666664,0.02666666666666667,3.2068421363352435,2.2774517764529,,2.330785109786233,0.07884177794897809,7.207015874388163,5.1716492367182605,5
87,191866,Ajer,DEF,Brentford,Chelsea,1,4,45,4.2,a,,,3.5,66.85185185185185,0.18518518518518517,2.630625257005289,1.954024110656192,,2.3243944810265624,-3.3255226694405546e-09,7.427694043216035,5.88764927901438,5
47,226944,Kamara,MID,Aston Villa,Spurs,0,3,50,0.3,a,100.0,,2.2,78.33333333333333,0.1552511415525114,2.3042730741929787,2.005571009019815,,2.3160732921248375,0.10863679251297068,5.907014757370429,5.451792905260766,5
127,514254,Gomez,MID,Brighton,Arsenal,1,4,50,4.4,a,,,4.0,66.15625,0.012345679012345678,3.110898596200006,2.2867265028317405,,2.311417860856432,-3.841125717954e-09,9.033516446721563,6.664953273896063,5
502,122798,Robertson,DEF,Spurs,Aston Villa,1,3,44,2.6,a,,,3.2,66.67504677799043,0.02666666666666667,3.041219267903649,2.253038188328907,,2.30637152166224,0.02701802731569995,7.158111870908212,5.356304931498818,5
421,606745,Heaven,DEF,Man Utd,Fulham,0,3,44,0.3,a,,,0.2,72.42249920926417,0.18518518518518517,2.3969453267222507,1.9288085669910184,,2.299178937361389,-1.4185533550502055e-08,6.285116936761213,5.427968996845057,5
482,209046,Hudson-Odoi,MID,Nott'm Forest,Coventry City,1,2,58,0.2,a,100.0,,0.2,74.07397974253215,0.03258145363408521,2.7128905925795506,2.2328289199827074,,2.2979918272508777,0.6481015579427148,6.942413399049357,5.779076123773347,5
499,441164,Pedro Porro,DEF,Spurs,Aston Villa,1,3,55,8.7,d,75.0,Unspecified injury - 75% chance of playing,1.5,60.73744604030538,0.11643835616438356,3.0571466963675524,2.0631475834213564,,2.2960242957501236,0.507406173852182,6.491293302735883,4.613594231292282,5
4,226597,Gabriel,DEF,Arsenal,Brighton,0,3,80,23.3,a,,,6.0,74.03736497025587,0.1552511415525114,2.40663994975905,1.9797920034701002,,2.290294286575123,0.0,7.657308977792967,6.609690943981409,5
16,248857,Madueke,MID,Arsenal,Brighton,0,3,62,0.2,a,,,0.5,62.75528400961512,0.0356020942408377,3.1806778469056636,2.2178260180628446,,2.28903020654452,0.6223555006219424,7.289939610856788,5.154340085062351,5
449,487838,Hall,DEF,Newcastle,Hull City,1,2,52,14.5,a,,,4.5,72.53333333333333,0.07214428857715431,2.651640928621522,2.137026170622382,,2.281314747776691,0.027834677602963515,6.342948728929345,5.2562354046173665,5
33,149484,Mings,DEF,Aston Villa,Spurs,0,3,45,0.4,a,,,1.8,79.64889771986736,0.323943661971831,1.8425448520749081,1.6306296274131389,,2.278516951356801,2.5427571696084453e-08,5.683859793186103,5.678033627516399,5
149,460028,Colwill,DEF,Chelsea,Brentford,0,3,49,0.9,a,,,0.5,75.0,0.25784753363228696,2.1138078123257964,1.761506510271497,,2.277201577536071,0.07390355440361103,5.452059954460983,5.059078362648727,5
501,135720,Danso,DEF,Sunderland,Man City,0,5,50,0.2,a,,,0.8,71.80798973043917,0.18518518518518517,2.345597868610547,1.871474085121402,,2.2418444554917722,0.07316662063883378,6.44359340708127,5.511498028179452,5
395,477064,Lewis,DEF,Man City,Sunderland,1,2,44,0.2,a,,,0.2,67.41359460959565,0.02666666666666667,2.8832615387743785,2.159678050315277,,2.21301138364861,0.0,6.2545837379582565,4.738266361805415,5
9,448104,Hincapie,DEF,Arsenal,Brighton,0,3,53,0.9,a,,,0.5,72.89470476007774,0.1552511415525114,2.3426208880106762,1.8973850888481043,,2.2078873719531273,0.07324557121592615,6.149301964375957,5.291075073924484,5
230,480455,Branthwaite,DEF,Everton,Ipswich Town,1,2,55,2.2,a,,,4.8,68.3570982184023,0.18518518518518517,2.398103825127741,1.8214157634687027,,2.191786133839073,0.07316661805912897,6.035021783253595,4.954110112459963,5
144,482609,Gusto,DEF,Chelsea,Brentford,0,3,50,1.0,a,,,1.0,70.530238955293,0.10551558752997602,2.524981344111848,1.9787504173096169,,2.189781592369569,0.0,6.38630017894089,5.215778704625856,5
162,532605,Andrey Santos,MID,Man Utd,Fulham,0,3,48,0.6,a,,,1.0,73.80477273920654,0.0356020942408377,2.5611430845417944,2.100273147857751,,2.1714773363394264,0.07316659258935981,6.031824001643166,5.017619740083512,5
262,209289,Smith Rowe,MID,Fulham,Man Utd,1,4,54,0.2,a,,,0.8,56.58211541176475,0.0356020942408377,3.3403540411011146,2.1000477541082003,,2.1712519425898757,0.02566661805912896,6.831935006156592,4.3663745774153195,5
190,469272,Tchaouna,MID,Coventry City,Nott'm Forest,0,3,54,0.1,a,,,1.0,67.00720353515531,0.07214428857715431,2.672714523894345,1.9899014010439344,,2.134189978198243,0.5171274762617301,5.432921240303818,4.18923145870438,5
419,221820,Martinez,DEF,Man Utd,Fulham,0,3,50,1.3,a,100.0,,1.5,79.3958683572993,0.1552511415525114,2.0546284982930403,1.8125445974847754,,2.123046880589798,0.07316659519014415,5.978318346234753,5.584433132168153,5
214,209400,Kamada,MID,Crystal Palace,Leeds,0,3,50,0.5,a,,,4.5,67.82142857142857,0.07214428857715431,2.6223630791854653,1.9761378918147614,,2.12042646896907,-5.661518323371309e-13,6.86830700863539,5.320048501518834,5
73,200785,Adams,MID,Bournemouth,Liverpool,1,4,50,0.3,a,100.0,,2.0,70.76,0.10551558752997602,2.424949742196686,1.9065493750870837,,2.1175805501470357,0.08004258549066337,6.16474609549427,5.057891549695225,5
403,510281,Sávio,MID,Spurs,Aston Villa,1,3,65,0.7,a,100.0,,1.5,63.37800449307803,0.0012674271229404308,2.9139866869139825,2.052029570400044,,2.054564424645925,0.24725267397906592,7.239330914400058,5.100472045576165,5
539,167512,O'Nien,DEF,Sunderland,Man City,0,5,40,2.5,a,,,0.2,60.30467613229305,0.25784753363228696,2.296276696548587,1.538624694394381,,2.054319761658955,-2.663996157753744e-11,5.520973412746576,4.215034107161051,5
422,230001,Mazraoui,DEF,Man Utd,Fulham,0,3,44,0.5,a,,,0.8,69.30515304383242,0.10551558752997602,2.37979783439452,1.8325805902899241,,2.043611765349876,-2.5797432336399634e-09,6.029216047280065,4.853872740516343,5
345,248056,Tanaka,MID,Leeds,Crystal Palace,1,3,49,0.3,a,,,3.0,64.06980457615619,0.15692244598617452,2.426354968046785,1.7272898737238132,,2.041134765696162,0.07316659265298153,5.875202070984266,4.496323209010016,5
204,244723,Mitchell,DEF,Crystal Palace,Leeds,0,3,45,6.2,a,,,4.2,65.1419509554145,0.10551558752997602,2.438146103872592,1.764728821340037,,1.975759996399989,1.2348706044288844e-10,5.72617434979711,4.355633049022572,5
213,152551,Lerma,MID,Crystal Palace,Leeds,0,3,49,0.1,a,,,0.2,71.7423428386201,0.1552511415525114,2.083907001007857,1.6611596723345148,,1.9716619554395376,0.07316659258935981,4.87391928191457,4.1956843730036475,5
260,153682,Wilson,MID,Leeds,Crystal Palace,1,3,63,2.4,a,,,1.2,54.526971896143536,0.010899182561307902,3.2135235045192783,1.946930064650215,,1.968728429772831,-3.742683774126279e-13,8.304987468854153,5.053418568589667,5
506,487053,Udogie,DEF,Spurs,Aston Villa,1,3,44,0.3,a,100.0,,1.8,68.14275603290496,0.04570383912248629,2.4729245050168274,1.8723543470350437,,1.9637620252800163,-2.663996157753744e-11,6.1410136026616255,4.741025364032994,5
165,475168,João Pedro,FWD,Chelsea,Brentford,0,3,78,73.4,d,75.0,Unspecified injury - 75% chance of playing,6.1,59.91908045788995,0.0009505703422053231,2.733609976904795,1.8199488460738786,,1.8218499867582894,0.030259645472210387,7.1583436038741,4.767694100081679,5
415,596777,Dorgu,MID,Man Utd,Fulham,0,3,58,0.6,a,,,1.5,51.92367857160968,0.008,3.125947472176386,1.803452130855805,,1.819452130855805,-2.8394058497912524e-09,7.750650263210224,4.48758081097655,5
7,499169,Lewis-Skelly,MID,Arsenal,Brighton,0,3,55,0.6,a,,,2.2,61.471113666464845,0.04570383912248629,2.5256350882588876,1.7250400176708227,,1.8164476959157954,0.07316659231627488,6.398709289124339,4.461805300805269,5
264,477555,Bobb,MID,Fulham,Man Utd,1,4,55,0.3,a,,,2.5,51.546935832421795,0.03258145363408521,2.9747009644202116,1.7037413303734652,,1.7689042376416357,0.02566661806711487,5.911376827116231,3.4508669293640093,5
64,54469,Smith,DEF,Bournemouth,Liverpool,1,4,45,0.1,a,,,0.5,62.76732985127348,0.0356020942408377,2.393014664073489,1.668923786209279,,1.7401279746909544,-3.8424976113534814e-14,6.09158161129807,4.319563214173875,5
96,440089,Damsgaard,MID,Brentford,Chelsea,1,4,55,0.4,a,,,3.2,49.92948290761927,0.10551558752997602,2.7529658749983428,1.527268473344321,,1.738299648404273,2.89502768144389e-10,5.973214683771902,3.5248036245813923,5
26,219847,Havertz,FWD,Arsenal,Brighton,0,3,76,8.0,a,,,4.2,51.36451760635973,0.012195121951219513,2.967899962699185,1.6938305543108518,,1.7182207982132909,0.028440003674606987,7.324720415944619,4.204731696862994,5
98,204580,Janelt,MID,Brentford,Chelsea,1,4,50,2.5,a,,,6.2,63.70616295652489,0.10416666666666667,2.1124569039722547,1.4952947084788057,,1.703628041812139,-5.094093290649331e-07,5.145196571657048,3.8503414581926347,5
240,490094,Iroegbunam,MID,Hull City,Newcastle,0,3,50,0.0,a,100.0,,0.2,67.57202522326597,0.07214428857715431,2.062053253131717,1.548190160359267,,1.6924787375135755,0.07316659514246308,4.5515121132888465,3.5615651474115815,5
366,494595,Wirtz,MID,Liverpool,Bournemouth,0,3,74,6.6,a,,,3.0,49.20407364479709,0.02666666666666667,2.997569802740856,1.6388071703275664,,1.6921405036608996,0.0,7.8902556265518315,4.367030210279233,5
460,200089,Willock,MID,Newcastle,Hull City,1,2,50,0.5,a,,,3.0,70.70627032671678,0.04570383912248629,2.0251248103615387,1.5909891365195998,,1.6823968147645725,0.6480226047648383,4.872004186600095,3.9189770676965523,5
114,204120,Boscagli,DEF,Brighton,Arsenal,1,4,45,0.3,a,,,3.2,69.87451589526782,0.1552511415525114,1.7392586613904961,1.350331744236805,,1.6608340273418278,-1.4185533550502055e-08,5.675759323816021,4.717068228546101,5
211,488024,Yeremy,MID,Crystal Palace,Leeds,0,3,55,0.4,a,,,3.0,49.20709665035699,0.012345679012345678,2.9369302472399377,1.605753450347694,,1.6304448083723853,-9.392160165564079e-10,5.659246813934974,3.1188591907082817,5
439,485711,Šeško,FWD,Man Utd,Fulham,0,3,70,1.8,a,100.0,,2.0,48.56716968236328,0.0031545741324921135,2.896740858255275,1.5631833865413176,,1.5694925348063018,0.02566710322186569,8.85175427162537,4.783027500449577,5
142,225796,James,DEF,Chelsea,Brentford,0,3,54,7.1,a,,,0.8,57.29844556503217,0.04570383912248629,2.3216300429579584,1.4780643626507763,,1.569472040895749,0.0,6.354736961798576,4.137147121419568,5
25,224117,Gyökeres,FWD,Arsenal,Brighton,0,3,72,3.3,a,,,0.2,48.9923058562344,0.0012674271229404308,2.85944082513941,1.5565622164781472,,1.5590970707240281,0.0,6.528543193277697,3.5564057978091936,5
430,184341,Mount,MID,Man Utd,Fulham,0,3,54,0.0,a,100.0,,0.0,55.01718331656757,0.1552511415525114,2.018238317603525,1.2337531944012674,,1.5442554775062902,0.07316659261043934,5.777609476770142,3.842366724382811,5
54,448089,Gomes,MID,Aston Villa,Spurs,0,3,55,0.0,d,75.0,Calf injury - 75% chance of playing,-0.4,62.11498967819462,0.11643835616438356,1.8568580059059938,1.2815412874524872,,1.5144179997812544,0.05493418033091357,4.453993275533595,3.306873893845628,5
423,106760,Shaw,DEF,Man Utd,Fulham,0,3,44,9.7,d,75.0,Unspecified injury - 75% chance of playing,1.4,58.79935608549216,0.05410821643286573,2.151787066160881,1.4058188213705567,,1.5140352542362883,5.923395408628991e-05,4.837069460929858,3.268400540015446,5
212,108413,Hughes,MID,Crystal Palace,Leeds,0,3,44,7.9,a,,,0.5,64.40699098852107,0.10416666666666667,1.815983631079347,1.299578237358103,,1.5079115706914363,-2.6008227463706067e-09,5.182764663638486,3.9172919665176607,5
249,586309,Barry,FWD,Everton,Ipswich Town,1,2,56,6.9,a,,,3.5,48.39106509317666,0.024630541871921183,2.7052136301430822,1.4545352096355848,,1.503796293379427,0.047578492486004154,6.230875461603825,3.3994688620765965,5
209,242898,Johnson,MID,Everton,Ipswich Town,1,2,59,0.1,a,,,1.5,54.70754953380263,0.07214428857715431,2.1963395637677214,1.335070616420812,,1.4793591935751205,0.0,5.926199320427482,3.746597942370686,5
352,155503,Woodman,GK,Liverpool,Bournemouth,0,3,40,1.0,a,,,0.0,70.66666666666667,0.0,1.8815436239169645,1.4773601787792463,,1.4773601787792463,0.00013394068122122858,6.197055903705414,4.865836487353881,5
253,174874,Andersen,DEF,Fulham,Man Utd,1,4,50,0.1,a,100.0,,0.5,87.33333333333333,0.15789473684210525,1.190976505826421,1.1556883130611937,,1.471477786745404,-0.023200212144070705,10.766321403428567,10.763108761455634,5
32,199796,Cash,DEF,Aston Villa,Spurs,0,3,44,5.2,a,100.0,,1.8,60.62472236391358,0.10551558752997602,1.8516088460126738,1.2472585801787195,,1.4582897552386715,7.859606782692211e-13,5.0036532456967215,3.581532162011716,5
369,611922,Ngumoha,MID,Liverpool,Bournemouth,0,3,58,0.5,a,,,1.0,49.757898525706146,0.0356020942408377,2.508873344213885,1.3870696141693724,,1.4582738026510478,0.07316661823160137,6.864376972070098,3.8662816642423197,5
271,244042,Muniz,FWD,Fulham,Man Utd,1,4,54,0.4,a,,,0.8,40.30849533745845,0.0012674271229404308,3.2419653319967914,1.4519860496554957,,1.4545209039013767,0.025666618117485784,6.963264504453154,3.1211872410374353,5
202,427623,Richards,DEF,Crystal Palace,Leeds,0,3,50,0.6,a,,,1.5,52.68505969082749,0.18518518518518517,1.8349130020581887,1.074138900454568,,1.4445092708249385,0.0,5.864930413495723,3.803639358343389,5
399,466052,Cherki,MID,Man City,Sunderland,1,2,78,28.1,a,,,6.5,46.030382621859545,0.03258145363408521,2.6414023560398396,1.3509417900755012,,1.4161046973436715,0.0,7.282706555867647,3.789893677149423,5
46,88894,Barkley,MID,Aston Villa,Spurs,0,3,50,0.3,a,,,2.2,61.89056828494516,0.037815126050420166,1.8948536832098308,1.3030396807853097,,1.37866993288615,0.24725267395000047,5.071430740224903,3.5631161468815,5
115,465730,De Cuyper,DEF,Brighton,Arsenal,1,4,49,24.2,a,,,8.0,42.15493203927227,0.04570383912248629,2.6897727323880174,1.2598576303878282,,1.3512653086328008,-2.9002350501306687e-13,5.980907028915376,2.892793559768678,5
379,219168,Isak,FWD,Liverpool,Bournemouth,0,3,91,21.9,a,,,6.2,44.54552218548177,0.012195121951219513,2.6416114924216028,1.3074662593454458,,1.3318565032478848,0.0,6.9433287990013115,3.4609925445358547,5
490,60689,Wood,FWD,Nott'm Forest,Coventry City,1,2,58,0.9,a,,,0.8,44.17510052881394,0.0012674271229404308,2.5769856495580563,1.264873334783756,,1.267408189029637,-1.4171820845199914e-09,6.912081611815218,3.395222632749254,5
14,232413,Eze,MID,Arsenal,Brighton,0,3,63,1.1,a,,,0.8,48.03847415465831,0.010899182561307902,2.3278447277455343,1.2425123198873498,,1.2643106850099657,0.0,7.494964731089167,4.022316915394867,5
108,75115,Wilson,FWD,Brentford,Chelsea,1,4,55,0.3,a,,,0.8,44.9408494187613,0.0012674271229404308,2.4659833791800354,1.231370974587757,,1.233905828833638,-9.392160165564079e-10,7.739426471423271,3.8671615169104183,5
35,515597,Bogarde,MID,Aston Villa,Spurs,0,3,50,0.1,a,,,0.2,55.15561642241508,0.07214428857715431,1.7662810648382947,1.082448010071065,,1.2267365872253735,0.07316659448531292,5.10525455959884,3.2729937130211892,5
269,184349,Sessegnon,DEF,Fulham,Man Utd,1,4,44,0.3,d,75.0,Groin injury - 75% chance of playing,0.6,48.47954842651207,0.05410821643286573,2.0652717737480955,1.112482699659214,,1.2206991325249454,5.92320193076834e-05,5.31651531024252,2.972019337790121,5
210,496221,Wharton,MID,Crystal Palace,Leeds,0,3,55,0.8,a,100.0,,2.5,43.900693902908955,0.07214428857715431,2.195397801721998,1.070883187650185,,1.2151717648044935,-5.575443409278835e-09,5.358784707137362,2.758225989594608,5
43,166989,Tielemans,MID,Man Utd,Fulham,0,3,58,1.6,a,100.0,,2.5,49.468986219847686,0.07214428857715431,1.8996425488914581,1.0441487897083097,,1.1884373668626182,2.011708000401816e-10,5.689035002907932,3.271297401188571,5
453,201666,Barnes,MID,Newcastle,Hull City,1,2,60,3.5,a,,,4.8,49.609565487160545,0.012195121951219513,2.089499222270484,1.15176831669554,,1.176158560597979,0.0,7.723557115496324,4.281749271847325,5
37,184667,Lindelöf,DEF,Aston Villa,Spurs,0,3,45,0.3,a,,,1.8,57.20487415357002,0.07214428857715431,1.5897893453369074,1.010485549229825,,1.1547741263841336,-2.6008227463706067e-09,4.52183483502534,3.018410718052682,5
374,158983,Endo,MID,Liverpool,Bournemouth,0,3,49,0.1,a,100.0,,0.0,47.95756402543594,0.10551558752997602,1.6877940235807682,0.8993609994180315,,1.1103921744779834,-5.11553535909464e-07,3.9260081618350107,2.303051039344248,5
532,223827,Ballard,DEF,Sunderland,Man City,0,5,49,2.8,a,,,3.0,73.93103448275862,0.10576923076923077,1.0434659174829475,0.8571612747446128,,1.0686997362830744,0.0,7.126157177598776,6.065362595167494,5
148,551210,Hato,DEF,Chelsea,Brentford,0,3,45,0.9,a,,,2.0,48.09943924393275,0.1552511415525114,1.3690742326650802,0.731685587494532,,1.0421878705995549,1.9371777490122649e-10,3.5897611756914594,2.2290078338872448,5
45,122806,McGinn,MID,Aston Villa,Spurs,0,3,54,2.2,a,,,2.8,50.65523079985024,0.0356020942408377,1.721700059860441,0.9690345988927401,,1.0402387873744154,0.0,4.650372354108542,2.6886006873995765,5
487,250199,Dominguez,MID,Nott'm Forest,Coventry City,1,2,49,0.1,a,,,0.2,42.86271985272024,0.18518518518518517,1.3832519784804147,0.6587771337703002,,1.0291475041406706,-5.4996001745428985e-11,3.430004312772846,2.0039183031704226,5
392,448514,Aït-Nouri,DEF,Man City,Sunderland,1,2,53,0.4,a,,,0.0,45.22769761217043,0.0356020942408377,1.8733636022050437,0.9414213613130672,,1.0126255497947425,0.0,4.865849491186205,2.516439404189487,5
553,437505,Isidor,FWD,Sunderland,Man City,0,5,55,1.4,a,,,3.5,38.95120192084879,0.010899182561307902,2.2613701079303885,0.9787009299085353,,1.000499295031151,0.0,6.601789394992124,2.878994273603242,5
391,477424,Gvardiol,DEF,Man City,Sunderland,1,2,57,24.4,a,,,8.2,39.69942916501302,0.04570383912248629,1.9930721396896065,0.8791536247818719,,0.9705613030268444,0.0,4.834594565184427,2.223970394712707,5
420,550864,Yoro,DEF,Man Utd,Fulham,0,3,49,0.5,a,,,0.5,32.406725849765984,0.1552511415525114,1.8175741521103974,0.6544625251006946,,0.9649648082057174,7.859606782692211e-13,4.684746707327152,1.9973611966599663,5
357,216094,Frimpong,DEF,Liverpool,Bournemouth,0,3,54,1.9,a,,,0.5,42.8058007726174,0.025380710659898477,1.9200061745941237,0.9131933532430148,,0.9639547745628118,0.0,6.327594174476909,3.0602918169046087,5
117,550090,Coppola,DEF,Brighton,Arsenal,1,4,45,0.0,a,,,0.0,40.12370183860524,0.18518518518518517,1.3225999707962268,0.5896400764441756,,0.960010446814546,-4.0647096508156787e-10,4.585629041074657,2.4147305079984682,5
489,204968,Yates,MID,Nott'm Forest,Coventry City,1,2,45,1.3,a,100.0,,0.0,39.23755794333221,0.1552511415525114,1.443520044590834,0.6293355710221594,,0.9398378541271822,0.0,3.643086759162647,1.8987892587186974,5
268,577725,King,MID,Fulham,Man Utd,1,4,55,1.7,a,,,5.5,33.13042391167578,0.024630541871921183,2.2849571904705384,0.8411288926702292,,0.8903899764140716,0.0,6.305879543449853,2.370555110526711,5
358,544877,Kerkez,DEF,Liverpool,Bournemouth,0,3,54,2.4,a,,,1.8,42.99675549872935,0.07214428857715431,1.560098686498157,0.7453242419694451,,0.8896128191237538,0.0,4.197167379860752,2.1494505729222557,5
457,114243,J.Murphy,MID,Newcastle,Hull City,1,2,59,0.1,a,,,0.5,38.41793807439401,0.07214428857715431,1.7113682386343758,0.7305248779371133,,0.8748134550914219,-2.9002350501306687e-13,4.513294914694225,2.070860627645421,5
70,222683,Kluivert,MID,Bournemouth,Liverpool,1,4,60,1.0,a,,,3.8,29.805104075240983,0.025380710659898477,2.464656092494059,0.8162147927384689,,0.8669762140582659,0.0,5.772125078251589,1.9623035179042094,5
551,536661,N.Angulo,MID,Sunderland,Man City,0,5,50,0.1,a,,,3.0,40.9279281372088,0.07214428857715431,1.5806786945205045,0.7188211557483581,,0.8631097329026668,7.481042727414987e-10,3.7086220886160817,1.8308021141647999,5
29,72147,M.Bizot,GK,Aston Villa,Spurs,0,3,45,0.1,d,75.0,Back injury - 75% chance of playing,0.2,56.614556540821255,0.0,1.3616179194927063,0.856526607667947,,0.856526607667947,8.90605493829402e-05,4.250225639202192,2.6736071084651183,5
455,432422,Tonali,MID,Spurs,Aston Villa,1,3,54,2.1,d,75.0,Knock - 75% chance of playing,2.2,37.135459318274904,0.07913669064748201,1.6876041778245596,0.6963328476772744,,0.8546062289722385,-9.338047318321591e-09,4.439067515013767,1.989904615904624,5
401,438234,Marmoush,FWD,Spurs,Aston Villa,1,3,70,2.1,a,,,1.5,32.400057511344194,0.008,2.2906365315914496,0.8246306151238774,,0.8406306151238774,1.0457376806653212e-10,6.049694148841245,2.1938937594277643,5
406,91651,Kovačić,MID,Man City,Sunderland,1,2,54,0.1,a,,,0.5,34.55664891390436,0.10551558752997602,1.60718080097272,0.6170975853375765,,0.8281287603975286,0.0,3.625281273672687,1.603004199376164,5
159,486672,Caicedo,MID,Chelsea,Brentford,0,3,53,1.2,d,50.0,Calf injury - 50% chance of playing,0.1,38.562353243921656,0.09259259259259259,1.453798380317392,0.6229098520804492,,0.8080950372656344,0.036622786887275716,3.3223553503394787,1.608716747647675,5
17,195384,Merino,MID,Arsenal,Brighton,0,3,58,0.4,a,,,0.8,33.726392331614946,0.0356020942408377,1.9542751587514016,0.7323405636442095,,0.8035447521258849,0.0,6.355991972599317,2.4530339543092285,5
339,180135,Longstaff,MID,Leeds,Crystal Palace,1,3,49,0.1,a,,,0.5,33.02171683012439,0.03258145363408521,1.9213801503036052,0.7049696805149721,,0.7701325877831425,0.0,3.8829296132656057,1.4898407090521841,5
145,444463,Fofana,DEF,Chelsea,Brentford,0,3,50,0.2,a,100.0,,1.0,68.72,0.10551558752997602,0.7051562688016937,0.5384259865783598,,0.7494571616383119,-0.02320021131215137,5.598778911467993,4.486009917238624,5
263,560552,Kevin,MID,Fulham,Man Utd,1,4,53,0.0,a,,,0.8,31.507320899861817,0.012195121951219513,2.061559511110161,0.7217135230078897,,0.7461037669103288,-1.2968425120783044e-09,4.962861179314475,1.7617953523260814,5
20,616077,Dowman,MID,Arsenal,Brighton,0,3,53,0.1,a,,,0.0,35.48507775525825,0.012195121951219513,1.8247535968285007,0.7194613696405169,,0.7438516135429559,-1.4171820845199914e-09,5.127474565503839,2.0460439510692474,5
478,470315,Netz,DEF,Nott'm Forest,Coventry City,1,2,44,0.0,a,,,0.5,42.70548994340987,0.10551558752997602,1.1162244676231854,0.5296545864074442,,0.7406857614673963,0.0,2.501478722401474,1.3979964464285066,5
90,472713,Hickey,DEF,Brentford,Chelsea,1,4,45,0.1,a,,,1.0,35.19689970213908,0.10551558752997602,1.3133248740555,0.5136107096495096,,0.7246418847094617,0.0,3.309496195146198,1.505297904450748,5
549,549912,Talbi,MID,Sunderland,Man City,0,5,53,0.1,a,,,0.2,34.92056583396049,0.0356020942408377,1.6586906783162334,0.6435824114479846,,0.71478659992966,0.0,3.6835139068328906,1.5004307427468637,5
242,550615,George,MID,Everton,Ipswich Town,1,2,55,0.9,a,,,4.5,33.16342368800797,0.0356020942408377,1.713295791068613,0.6313194913565466,,0.7025236798382221,0.0,4.2711642876102704,1.6450534208273213,5
42,485337,Guessand,MID,Crystal Palace,Leeds,0,3,55,0.0,a,,,0.5,34.941873989453306,0.012345679012345678,1.6830673713718147,0.6534392000692707,,0.678130558093962,0.0,4.040514310762723,1.5933929346830675,5
434,547037,J.Fletcher,MID,Man Utd,Fulham,0,3,49,0.0,a,,,0.0,41.094957244940026,0.0356020942408377,1.3232014555170917,0.6041878582324144,,0.6753920467140898,0.0,3.496860645242234,1.667907951901042,5
246,513466,Röhl,MID,Everton,Ipswich Town,1,2,49,0.0,d,75.0,Unspecified injury - 75% chance of playing,1.1,36.731945085717875,0.031914893617021274,1.4311087615732079,0.5840823160199643,,0.6479121032540068,0.019250328600003343,2.6562234936688087,1.1479215150655577,5
270,153366,Reed,MID,Fulham,Man Utd,1,4,44,1.2,a,,,0.0,33.28323215500945,0.010899182561307902,1.6715895527644524,0.6181767016949743,,0.6399750668175901,-3.951523111175656e-06,3.7000876301561685,1.390141427215577,5
161,514356,Lavia,MID,Chelsea,Brentford,0,3,50,0.2,a,,,2.8,33.67675292320244,0.03258145363408521,1.5158425688029908,0.5672072851116758,,0.6323701923798463,1.824130847613069e-11,2.907318994647098,1.1530413900644332,5
138,647850,Kostoulas,FWD,Brighton,Arsenal,1,4,55,0.8,a,,,4.5,27.84240503059778,0.0012674271229404308,2.010882301423834,0.6220866611678111,,0.6246215154136919,0.0,5.013909608169591,1.5536382108843652,5
343,200617,James,MID,Leeds,Crystal Palace,1,3,49,0.1,a,,,0.5,31.161317768700776,0.0356020942408377,1.5661215621120788,0.5422490184598726,,0.613453206941548,0.0,3.657317311254217,1.3375022653368198,5
34,244954,Pau,DEF,Aston Villa,Spurs,0,3,45,0.3,d,75.0,Hamstring injury - 75% chance of playing,0.6,31.25184394405953,0.07913669064748201,1.0930041525219,0.37953772449803846,,0.5378111057930025,0.0,3.089503677614008,1.2310810123770861,5
38,606798,A.García,DEF,Aston Villa,Spurs,0,3,40,1.6,a,,,0.0,24.26153378726635,0.1552511415525114,0.8137421488443538,0.2193625848701113,,0.5298648679751341,0.0,2.7623831302573723,1.0551650791951763,5
72,496208,Gannon-Doak,MID,Bournemouth,Liverpool,1,4,49,0.1,a,,,0.8,29.357692356341463,0.012195121951219513,1.5259033295628242,0.49774445016469454,,0.5221346940671335,0.0,3.65897466852733,1.2179352734387927,5
522,547701,Gray,MID,Spurs,Aston Villa,1,3,49,0.2,a,,,1.8,27.663583104749872,0.07214428857715431,1.2232202354849984,0.37598505155278844,,0.520273628707097,0.0,2.6559129202786806,0.9606448859221776,5
241,433154,McNeil,MID,Crystal Palace,Leeds,0,3,54,0.1,a,,,0.8,32.348843938788086,0.04570383912248629,1.1919138801862699,0.42841151220690005,,0.5198191904518726,0.0,2.8679183554582197,1.1222281594661252,5
76,614574,Tóth.A,MID,Bournemouth,Liverpool,1,4,49,0.0,a,,,0.2,30.80697276505875,0.0356020942408377,1.275008553207293,0.43643504193193366,,0.507639230413609,0.0,3.2367206416409595,1.1791326846498589,5
11,500040,Mosquera,DEF,Arsenal,Brighton,0,3,53,1.8,d,50.0,Muscular injury - 50% chance of playing,1.5,35.58485673386196,0.05275779376498801,0.9830442026298689,0.3886831901515273,,0.49419877768150333,0.03658329630521967,2.8011933955922603,1.2130718727076528,5
125,463067,Georginio,FWD,Brighton,Arsenal,1,4,54,0.5,a,100.0,,1.2,27.093327826396507,0.012195121951219513,1.5369854565226275,0.46268945375523607,,0.4870796976576751,0.0,4.055525877828842,1.2452534896407867,5
474,575458,Jair Cunha,DEF,Nott'm Forest,Coventry City,1,2,45,0.2,d,75.0,Hamstring injury - 75% chance of playing,1.9,29.74336179490348,0.05410821643286573,1.057477800812457,0.34947716466270873,,0.4576935975284402,5.686330136493426e-10,2.492889013607548,0.9320708756020577,5
486,432714,McAtee,MID,Nott'm Forest,Coventry City,1,2,55,0.1,a,,,2.5,26.495259829191987,0.012195121951219513,1.4157321356279466,0.4167798975777702,,0.4411701414802092,0.0,3.2540380776895583,0.9823522923743198,5
224,205533,Nketiah,FWD,Crystal Palace,Leeds,0,3,55,0.6,d,75.0,Unspecified injury - 75% chance of playing,1.4,25.396223721422498,0.009259259259259259,1.4907595800337565,0.420662931215457,,0.43918144973397555,0.0,4.341577916559285,1.2436261193288185,5
74,111317,Brooks,MID,Bournemouth,Liverpool,1,4,50,0.1,a,100.0,,0.5,21.917648683740325,0.0012674271229404308,1.7728990364767905,0.43175309148044466,,0.4342879457263255,0.0,3.515547325506911,0.8586740899294738,5
464,216646,Wissa,FWD,Newcastle,Hull City,1,2,62,18.4,a,,,3.8,23.243304268454995,0.010899182561307902,1.5593875574569875,0.4027257718935067,,0.4245241370161225,0.0,4.8879046828344865,1.28414342932626,5
440,458249,Zirkzee,FWD,Man Utd,Fulham,0,3,54,0.4,a,,,0.2,21.208896259003243,0.008,1.693301247077607,0.39903389427233094,,0.41503389427233095,8.270818058792638e-13,3.8446882670687783,0.9220177178274297,5
129,509416,Ayari,MID,Brighton,Arsenal,1,4,54,0.4,a,100.0,,3.0,25.46309271053101,0.037815126050420166,1.1908965961618738,0.33693233818584,,0.41256259028668035,0.0,2.61089128104975,0.8143121048395832,5
435,576628,Lacey,MID,Man Utd,Fulham,0,3,49,0.1,a,,,0.2,25.89482956502365,0.02666666666666667,1.2049528307540132,0.34668942429186617,,0.4000227576251995,0.0,2.855441410779458,0.8749018740560527,5
56,173879,Abraham,FWD,Aston Villa,Spurs,0,3,55,0.2,a,100.0,,0.8,24.02466304106183,0.010899182561307902,1.3753772216721922,0.3671441589447358,,0.3889425240673516,6.706796275842385e-11,4.085883261566811,1.1124869049476973,5
147,109646,Tosin,DEF,Spurs,Aston Villa,1,3,44,0.2,a,,,0.2,26.36795756921779,0.037815126050420166,1.0394679703598073,0.30454052596675923,,0.3801707780675996,0.0,3.3471897355681826,1.0562808845850975,5
10,198869,White,DEF,Arsenal,Brighton,0,3,55,6.0,d,75.0,Muscular injury - 75% chance of playing,3.9,19.666885750046617,0.05410821643286573,1.203751932853956,0.2630450192759616,,0.37126145214169304,0.0,3.5569002250856068,0.8854736589887728,5
52,653481,Alysson,MID,Aston Villa,Spurs,0,3,50,0.1,a,,,2.0,27.405356051603018,0.02666666666666667,1.0389761120648662,0.3163723364471984,,0.36970566978053176,0.0,2.495351813488899,0.8131778324741841,5
62,242882,Diakité,DEF,Bournemouth,Liverpool,1,4,50,0.2,a,,,0.0,17.15408801552662,0.07214428857715431,1.0358685278156907,0.19743755442960384,,0.34172613158391246,0.0,1.823044769788743,0.49176269312321486,5
483,456512,Ndoye,MID,Nott'm Forest,Coventry City,1,2,55,0.7,a,,,3.5,17.862295132701206,0.0356020942408377,1.327400185983302,0.2634490431248468,,0.33465323160652216,0.0,1.9633485767956553,0.4608698743382629,5
160,493105,Garnacho,MID,Aston Villa,Spurs,0,3,58,0.3,a,,,0.8,23.040852309289246,0.03258145363408521,1.0507244172672114,0.26899540128908694,,0.33415830855725737,-6.547447059966959e-11,3.347602031116992,0.9221807293708739,5
71,155408,Cook,MID,Bournemouth,Liverpool,1,4,50,0.2,a,,,1.8,16.039137725038497,0.07214428857715431,0.9903232474285176,0.1764881217534819,,0.32077669890779054,0.0,1.8674301693537816,0.4770882402449449,5
548,554197,Rigg,MID,Sunderland,Man City,0,5,49,0.0,a,,,0.5,19.524747714912646,0.0356020942408377,1.1274856401431965,0.24459858528869666,,0.315802773770372,0.0,2.5490111902802566,0.6241908597340221,5
157,624773,Estêvão,MID,Chelsea,Brentford,0,3,63,0.7,a,,,0.8,12.38328328830956,0.024630541871921183,1.9228984604013222,0.264575515220043,,0.3138365989638854,0.0,6.486388744606421,0.9417365208834414,5
476,204822,O.Richards,DEF,Nott'm Forest,Coventry City,1,2,40,0.2,a,,,0.0,0.6185806898005669,0.1552511415525114,0.028597779869432967,0.00019655593775998455,,0.3106988390427828,0.0,3.686068233455386e-09,0.3105022831303576,5
606,569577,Rowe,DEF,Aston Villa,Spurs,0,3,40,0.2,a,,,0.0,0.5584612182858184,0.1552511415525114,0.02489710399831635,0.0001544896336743163,,0.31065677273869713,0.0,3.686068233455386e-09,0.31050228312789535,5
279,146426,Ajayi,DEF,Hull City,Newcastle,0,3,42,13.8,a,100.0,,6.5,0.4349732272583634,0.1552511415525114,0.0280194785623827,0.00013541914462640147,,0.3106377022496492,0.0,3.686068233455386e-09,0.31050228312283773,5
277,108416,Egan,DEF,Hull City,Newcastle,0,3,41,6.9,a,,,6.2,0.3920281303519205,0.1552511415525114,0.0280194785623827,0.00012204915326940677,,0.3106243322582922,0.0,3.686068233455386e-09,0.31050228312107886,5
622,554054,Braithwaite,DEF,Man City,Sunderland,1,2,40,0.2,a,,,0.3,0.5860229617653768,0.1552511415525114,0.012251698415901801,7.977529547047721e-05,,0.3105820584004933,0.0,3.686068233455386e-09,0.31050228312902417,5
603,643970,Lienou,DEF,Leeds,Crystal Palace,1,3,40,0.1,a,,,0.0,0.19219321768143827,0.1552511415525114,0.02164484745859621,4.622214310323897e-05,,0.31054850524812605,0.0,3.686068233455386e-09,0.31050228311289435,5
638,496181,Norton-Cuffy,DEF,Hull City,Newcastle,0,3,40,0.3,a,,,0.5,0.19219321768143827,0.1552511415525114,0.013830981807866558,2.953578774830344e-05,,0.3105318188927711,0.0,3.686068233455386e-09,0.31050228311289435,5
284,661800,McCarthy,DEF,Hull City,Newcastle,0,3,40,0.1,a,,,0.0,0.19219321768143827,0.1552511415525114,0.013830981807866558,2.953578774830344e-05,,0.3105318188927711,0.0,3.686068233455386e-09,0.31050228311289435,5
285,160817,McNair,DEF,Hull City,Newcastle,0,3,40,0.1,a,100.0,,0.2,0.19219321768143827,0.1552511415525114,0.013830981807866558,2.953578774830344e-05,,0.3105318188927711,0.0,3.686068233455386e-09,0.31050228311289435,5
282,232351,Giles,DEF,Hull City,Newcastle,0,3,40,2.6,a,,,6.0,0.19219321768143827,0.1552511415525114,0.013830981807866558,2.953578774830344e-05,,0.3105318188927711,0.0,3.686068233455386e-09,0.31050228311289435,5
280,193278,Coyle,DEF,Hull City,Newcastle,0,3,40,0.7,a,100.0,,3.2,0.19219321768143827,0.1552511415525114,0.013830981807866558,2.953578774830344e-05,,0.3105318188927711,0.0,3.686068233455386e-09,0.31050228311289435,5
585,597462,Herrington,DEF,Hull City,Newcastle,0,3,40,0.6,a,,,1.0,0.19219321768143827,0.1552511415525114,0.013830981807866558,2.953578774830344e-05,,0.3105318188927711,0.0,3.686068233455386e-09,0.31050228311289435,5
208,232185,Sarr,MID,Crystal Palace,Leeds,0,3,62,0.6,d,50.0,Groin injury - 50% chance of playing,0.0,21.60811492070047,0.0015772870662460567,1.2642741097365906,0.30353978060505027,,0.30669435473754236,-1.4501175250653344e-13,4.122476672623435,0.9929206819097596,5
255,246301,J.Cuenca,DEF,Fulham,Man Utd,1,4,45,0.0,a,,,0.8,13.37994720628284,0.10551558752997602,0.615581251891929,0.091516051683239,,0.302547226743191,0.0,1.4548777578184184,0.4273221482955697,5
244,609873,Armstrong,MID,Everton,Ipswich Town,1,2,50,0.4,d,75.0,Unspecified injury - 75% chance of playing,2.6,22.162210316401605,0.026701570680628273,0.9995474739636816,0.24613534821345634,,0.2995384895747129,0.0,1.8663254357964436,0.5129797727720417,5
550,699989,Jocelin.T,MID,Sunderland,Man City,0,5,50,0.0,a,,,0.0,19.077254708706647,0.024630541871921183,1.1635512262951369,0.24663736789622545,,0.29589845164006784,0.0,2.8294187970227025,0.6490115622816696,5
520,570526,Bergvall,MID,Spurs,Aston Villa,1,3,54,0.1,a,,,0.5,18.961362822429752,0.012195121951219513,1.2882942238224826,0.2714201577770957,,0.29581040167953476,0.0,2.807998753364079,0.6159845013187362,5
151,577016,Acheampong,DEF,Chelsea,Brentford,0,3,45,0.4,a,,,1.2,18.442210382295265,0.0356020942408377,1.0603812713616056,0.21728638324329394,,0.28849057172496934,0.0,2.647804255038004,0.6137748898433137,5
556,169359,Targett,DEF,Hull City,Newcastle,0,3,40,1.8,d,75.0,Ankle injury - 75% chance of playing,0.2,0.49998361365988025,0.1388888888888889,0.02199817194825967,0.00012220806116224753,,0.27789998583894004,0.0,2.76455117509154e-09,0.2777777777931359,5
167,463034,Delap,FWD,Nott'm Forest,Coventry City,1,2,55,1.9,a,,,2.0,13.920093827612313,0.010899182561307902,1.6274580691515101,0.25171521136770875,,0.27351357649032454,0.0,3.5407921887949207,0.5694445817015277,5
89,194010,Henry,DEF,Brentford,Chelsea,1,4,44,0.2,a,,,0.2,15.130752137622261,0.0356020942408377,1.1231673609422024,0.18882629941648646,,0.26003048789816186,0.0,3.384803584521251,0.6402555670586355,5
524,499726,Olusesi,MID,Spurs,Aston Villa,1,3,44,1.0,a,,,0.0,17.8294577988006,0.024630541871921183,0.9930491646020139,0.19672809080450887,,0.24598917454835123,0.0,1.8493044667920506,0.4156177053860903,5
515,172780,Maddison,MID,Spurs,Aston Villa,1,3,63,0.4,a,100.0,,0.5,14.810928994009728,0.0012674271229404308,1.453090548281062,0.23912912147174972,,0.2416639757176306,0.0,4.075784778346003,0.6732699536564178,5
50,645618,Burrowes,MID,Aston Villa,Spurs,0,3,45,0.6,a,,,0.0,15.812750707274656,0.04570383912248629,0.8302663641818419,0.14587550041603087,,0.23728317866100346,0.0,1.97217017564647,0.4379125153540804,5
104,428580,Onyeka,MID,Coventry City,Nott'm Forest,0,3,49,0.1,a,100.0,,1.5,14.805486199422049,0.0356020942408377,0.9550392580120102,0.15710911727114543,,0.22831330575282083,0.0,1.7069902138664352,0.35201330019220867,5
158,463936,Gittens,MID,Chelsea,Brentford,0,3,59,0.0,a,,,0.0,12.135397920681532,0.02666666666666667,1.2509756003048416,0.16867874109736342,,0.22201207443069676,-1.2476363546710944e-09,3.6950873539540967,0.5515706154656796,5
654,629068,Graham,MID,Everton,Ipswich Town,1,2,45,0.1,a,,,0.0,1.4487070823800738,0.10576923076923077,0.06146985985175175,0.0009894646813349258,,0.21252792621979646,0.0,0.1458894177647357,0.21388680634690685,5
303,183015,Kipré,DEF,Ipswich Town,Everton,0,3,39,0.9,a,,,0.0,0.19219321768143827,0.10551558752997602,0.2783863522777294,0.0005944885422539467,,0.21162566360220597,0.0,3.686068233455386e-09,0.21103117506782357,5
649,154043,Maitland-Niles,DEF,Everton,Ipswich Town,1,2,45,0.8,a,,,6.5,0.93551977387503,0.10551558752997602,0.029830756835607923,0.00031008069877076587,,0.21134125575872278,0.0,3.686068233455386e-09,0.21103117509826747,5
659,665243,Miley,MID,Newcastle,Hull City,1,2,45,0.0,a,,,1.1,0.93551977387503,0.10551558752997602,0.029830756835607923,0.00031008069877076587,,0.21134125575872278,0.0,3.686068233455386e-09,0.21103117509826747,5
573,494928,Sanchez,DEF,Bournemouth,Liverpool,1,4,44,0.2,a,,,0.0,0.3919131517671083,0.10551558752997602,0.03411551567480818,0.00014855910302526956,,0.2111797341629773,0.0,3.686068233455386e-09,0.21103117507600336,5
424,577974,Amass,DEF,Man Utd,Fulham,0,3,40,0.2,a,,,0.0,0.5584612182858184,0.10551558752997602,0.02253858105937786,0.00013985470485393145,,0.21117102976480595,0.0,3.686068233455386e-09,0.21103117508282454,5
361,519440,Lucky,DEF,Liverpool,Bournemouth,0,3,40,0.1,a,,,0.0,0.2578017126373303,0.10551558752997602,0.02152163281236567,6.164793108644037e-05,,0.21109282299103846,0.0,3.686068233455386e-09,0.21103117507051064,5
308,176420,Furlong,DEF,Ipswich Town,Everton,0,3,40,0.5,a,,,0.2,0.19219321768143827,0.10551558752997602,0.010316506073786027,2.2030694417233755e-05,,0.21105320575436926,0.0,3.686068233455386e-09,0.21103117506782357,5
304,216616,O'Shea,DEF,Ipswich Town,Everton,0,3,40,2.9,a,,,2.0,0.19219321768143827,0.10551558752997602,0.010316506073786027,2.2030694417233755e-05,,0.21105320575436926,0.0,3.686068233455386e-09,0.21103117506782357,5
592,572584,Ouattara,DEF,Ipswich Town,Everton,0,3,40,0.9,a,,,1.0,0.19219321768143827,0.10551558752997602,0.010316506073786027,2.2030694417233755e-05,,0.21105320575436926,0.0,3.686068233455386e-09,0.21103117506782357,5
305,455084,Davis,DEF,Ipswich Town,Everton,0,3,40,6.5,a,,,5.8,0.19219321768143827,0.10551558752997602,0.010316506073786027,2.2030694417233755e-05,,0.21105320575436926,0.0,3.686068233455386e-09,0.21103117506782357,5
306,449429,Greaves,DEF,Ipswich Town,Everton,0,3,40,1.1,a,,,0.8,0.19219321768143827,0.10551558752997602,0.010316506073786027,2.2030694417233755e-05,,0.21105320575436926,0.0,3.686068233455386e-09,0.21103117506782357,5
75,158499,Christie,MID,Bournemouth,Liverpool,1,4,50,0.0,a,100.0,,0.8,0.0,0.10551558752997602,0.817672100511871,0.0,,0.21103117505995203,-3.495944001553523e-13,2.4861649614682797,0.21103117505995203,5
493,465680,Kalimuendo,FWD,Nott'm Forest,Coventry City,1,2,54,0.1,a,,,0.2,14.49261060325208,0.012195121951219513,1.158731792463188,0.1865894295753032,,0.2109796734777422,0.0,2.379322298020271,0.4075301501784689,5
382,500058,Danns,FWD,Liverpool,Bournemouth,0,3,45,0.2,a,100.0,,0.0,1.7506035260823831,0.10416666666666667,0.08356295531316317,0.001625395602456534,,0.20995872893578987,0.0,1.0149808512098733e-05,0.20833353075878414,5
359,171287,Gomez,DEF,Liverpool,Bournemouth,0,3,49,0.0,a,100.0,,0.0,16.765208670803787,0.0356020942408377,0.7369965012127874,0.13728777924982974,,0.20849196773150513,0.0,1.718469051487278,0.3913207689539251,5
290,243413,Slater,MID,Hull City,Newcastle,0,3,45,5.5,a,,,3.2,0.49503026544358647,0.10416666666666667,0.0280194785623827,0.00015411655455919098,,0.20848744988789253,0.0,3.686068233455386e-09,0.20833333335360796,5
288,171270,Dowell,MID,Hull City,Newcastle,0,3,45,0.3,a,,,0.0,0.49503026544358647,0.10416666666666667,0.0280194785623827,0.00015411655455919098,,0.20848744988789253,0.0,3.686068233455386e-09,0.20833333335360796,5
294,553783,Zambrano,MID,Hull City,Newcastle,0,3,45,0.1,a,100.0,,0.0,0.49503026544358647,0.10416666666666667,0.0280194785623827,0.00015411655455919098,,0.20848744988789253,0.0,3.686068233455386e-09,0.20833333335360796,5
289,101282,Crooks,MID,Hull City,Newcastle,0,3,45,0.5,a,100.0,,0.8,0.49503026544358647,0.10416666666666667,0.0280194785623827,0.00015411655455919098,,0.20848744988789253,0.0,3.686068233455386e-09,0.20833333335360796,5
245,496661,Dibling,MID,Everton,Ipswich Town,1,2,54,0.0,a,,,0.0,14.899439329861961,0.02666666666666667,0.90547941143944,0.14990150616867837,,0.2032348395020117,0.0,1.8195934713787474,0.3545658059091174,5
438,519913,Fletcher,MID,Man Utd,Fulham,0,3,44,0.3,a,,,0.0,13.133389738145139,0.0356020942408377,0.892267088514515,0.13020546026645746,,0.20140964874813286,0.0,1.93625797090381,0.3537556392091179,5
437,576620,Bendito Mantato,MID,Man Utd,Fulham,0,3,45,0.2,a,,,0.0,10.959166821871811,0.0356020942408377,0.9826782430678526,0.11965927553338325,,0.19086346401505866,0.0,2.527378882772075,0.37895937513028843,5
66,575901,Soler,DEF,Bournemouth,Liverpool,1,4,40,0.3,a,100.0,,0.0,12.826339300283376,0.03258145363408521,0.8574711125933633,0.12220239367015519,,0.1873653009383256,0.0,1.3930288912812239,0.2636902540978431,5
36,441302,Maatsen,DEF,Aston Villa,Spurs,0,3,45,0.6,d,25.0,Ankle injury - 25% chance of playing,0.6,16.647905009951668,0.046296296296296294,0.4879846130817059,0.09026579427669175,,0.18285838686928435,-6.502056865926517e-10,1.3992291954432254,0.351417422958036,5
509,640419,Byfield,DEF,Spurs,Aston Villa,1,3,40,0.1,a,,,0.0,6.341206585058931,0.07214428857715431,0.4819199069618136,0.033955040972191555,,0.1782436181265002,0.0,1.1147750770434852,0.22283323336995003,5
169,567119,Mheuka,FWD,Chelsea,Brentford,0,3,45,0.5,a,,,0.0,6.427395425586135,0.06451612903225806,0.6638087574685791,0.047406237457972907,,0.17643849552248903,0.0,1.1534630748689418,0.21140740574224004,5
243,502697,Alcaraz,MID,Everton,Ipswich Town,1,2,49,0.1,a,,,0.2,8.513269359033774,0.0356020942408377,1.0875264649924463,0.10287117479509456,,0.17407536327676995,0.0,2.208602566967918,0.28012006136669,5
375,591386,Nyoni,MID,Liverpool,Bournemouth,0,3,49,0.0,a,,,0.5,12.68301237433546,0.012195121951219513,1.046093128780759,0.14741791218926295,,0.17180815609170197,0.0,2.1460607575111674,0.3268181899423264,5
508,115556,Davies,DEF,Spurs,Aston Villa,1,3,40,0.8,a,,,0.0,10.068274396833639,0.012195121951219513,1.3015765467180984,0.14560699800934415,,0.16999724191178317,0.0,4.183125622488666,0.4923553172762326,5
134,556637,Oriola,MID,Brighton,Arsenal,1,4,45,0.3,a,,,0.0,4.035087342537599,0.07214428857715431,0.5040648434406855,0.02259939632873007,,0.1668879734830387,0.0,1.2170763274915557,0.1988553469761233,5
51,577285,George Hemmings,MID,Aston Villa,Spurs,0,3,45,1.3,a,,,2.0,12.16285970040755,0.024630541871921183,0.8330662578008543,0.11258297794194819,,0.16184406168579055,0.0,1.84698382230099,0.29886780707239136,5
126,219249,O'Riley,MID,Brighton,Arsenal,1,4,54,0.1,a,,,0.2,11.660719279157652,0.010899182561307902,1.041169796536131,0.1348976524371724,,0.15669601755978818,0.0,1.8946166147116807,0.2672716149646258,5
101,56979,Henderson,MID,Chelsea,Brentford,0,3,49,0.0,d,50.0,Wrist injury - 50% chance of playing,0.0,15.880803393968073,0.022851919561243144,0.5856183239468463,0.1033343274056108,,0.1490381665280971,-9.682024558762582e-10,1.8530037374531392,0.37267259515339,5
92,570241,Ji-soo,DEF,Brentford,Chelsea,1,4,45,0.0,a,,,0.0,1.5511643878602561,0.07214428857715431,0.07620453588320439,0.0013133973583938406,,0.14560197451270246,0.0,3.686068233455386e-09,0.1442885772178386,5
461,611665,Touré,MID,Newcastle,Hull City,1,2,58,0.1,a,,,1.8,1.3420969672761147,0.07214428857715431,0.08329797866460908,0.0012421551616222486,,0.14553073231593086,0.0,3.686068233455386e-09,0.14428857720927596,5
634,613221,Fernandez-Pardo,FWD,Newcastle,Hull City,1,2,60,0.1,a,,,1.0,1.3420969672761147,0.07214428857715431,0.08329797866460908,0.0012421551616222486,,0.14553073231593086,0.0,3.686068233455386e-09,0.14428857720927596,5
247,244860,Hackney,MID,Everton,Ipswich Town,1,2,55,0.2,a,100.0,,2.2,1.3420969672761147,0.07214428857715431,0.08329797866460908,0.0012421551616222486,,0.14553073231593086,0.0,3.686068233455386e-09,0.14428857720927596,5
581,568420,Diomande,DEF,Nott'm Forest,Coventry City,1,2,54,0.5,a,,,1.2,1.3420969672761147,0.07214428857715431,0.07698893123109332,0.0011480734568786633,,0.1454366506111873,0.0,3.686068233455386e-09,0.14428857720927596,5
272,631786,Kusi-Asare,FWD,Fulham,Man Utd,1,4,45,5.8,a,,,0.0,12.052999629024052,0.02666666666666667,0.6868965074308991,0.09199070388047272,,0.14532403721380605,0.0,1.138894844701334,0.2058566571186954,5
558,204561,Schlager,MID,Nott'm Forest,Coventry City,1,2,50,0.1,a,,,2.8,1.1772695410813931,0.07214428857715431,0.07698893123109332,0.001007074708208624,,0.14529565186251725,0.0,3.686068233455386e-09,0.14428857720252525,5
559,632794,Bamba,MID,Newcastle,Hull City,1,2,49,0.1,a,,,0.5,1.1772695410813931,0.07214428857715431,0.07698893123109332,0.001007074708208624,,0.14529565186251725,0.0,3.686068233455386e-09,0.14428857720252525,5
462,636852,Steur,MID,Newcastle,Hull City,1,2,49,0.1,a,,,1.2,1.1772695410813931,0.07214428857715431,0.07698893123109332,0.001007074708208624,,0.14529565186251725,0.0,3.686068233455386e-09,0.14428857720252525,5
340,462635,Gelhardt,MID,Hull City,Newcastle,0,3,50,0.0,a,100.0,,0.0,1.0643550381584885,0.07214428857715431,0.07517765295786813,0.0008890634853626372,,0.14517764063967126,0.0,3.686068233455386e-09,0.14428857719790067,5
646,549940,Fofana,MID,Sunderland,Man City,0,5,55,0.0,a,,,1.0,0.9115465217046972,0.07214428857715431,0.07567303585490258,0.0007664388068930142,,0.14505501596120163,0.0,0.015085521482803115,0.1444413677613725,5
608,523700,Jebbison,FWD,Bournemouth,Liverpool,1,4,50,0.1,a,,,0.5,0.8003846739618818,0.07214428857715431,0.08127369007029363,0.0007227801769843444,,0.14501135733129297,0.0,3.686068233455386e-09,0.14428857718708943,5
566,483067,Silva,DEF,Bournemouth,Liverpool,1,4,50,0.4,a,,,2.5,0.8003846739618818,0.07214428857715431,0.08127369007029363,0.0007227801769843444,,0.14501135733129297,0.0,3.686068233455386e-09,0.14428857718708943,5
286,540324,Belloumi,MID,Hull City,Newcastle,0,3,51,3.7,a,,,6.8,0.8498362091864542,0.07214428857715431,0.07517765295786813,0.0007098743511694386,,0.14499845150547805,0.0,3.686068233455386e-09,0.14428857718911478,5
645,647839,Mouzakitis,MID,Hull City,Newcastle,0,3,50,0.0,a,,,0.0,0.8498362091864542,0.07214428857715431,0.07517765295786813,0.0007098743511694386,,0.14499845150547805,0.0,3.686068233455386e-09,0.14428857718911478,5
637,631000,Vaz,FWD,Hull City,Newcastle,0,3,50,0.1,a,,,0.5,0.8498362091864542,0.07214428857715431,0.07517765295786813,0.0007098743511694386,,0.14499845150547805,0.0,3.686068233455386e-09,0.14428857718911478,5
292,208481,Ömür,MID,Hull City,Newcastle,0,3,49,0.0,a,,,0.0,0.8498362091864542,0.07214428857715431,0.07517765295786813,0.0007098743511694386,,0.14499845150547805,0.0,3.686068233455386e-09,0.14428857718911478,5
576,608227,Stroud,MID,Hull City,Newcastle,0,3,50,0.1,a,,,1.8,0.8498362091864542,0.07214428857715431,0.07517765295786813,0.0007098743511694386,,0.14499845150547805,0.0,3.686068233455386e-09,0.14428857718911478,5
589,469266,Gourna-Douath,MID,Hull City,Newcastle,0,3,50,0.0,a,,,0.8,0.8498362091864542,0.07214428857715431,0.07517765295786813,0.0007098743511694386,,0.14499845150547805,0.0,3.686068233455386e-09,0.14428857718911478,5
617,490884,Cho,MID,Hull City,Newcastle,0,3,50,0.0,a,,,1.0,0.8498362091864542,0.07214428857715431,0.07517765295786813,0.0007098743511694386,,0.14499845150547805,0.0,3.686068233455386e-09,0.14428857718911478,5
574,552946,Hjertø-Dahl,MID,Hull City,Newcastle,0,3,49,0.1,a,,,0.2,0.8498362091864542,0.07214428857715431,0.07517765295786813,0.0007098743511694386,,0.14499845150547805,0.0,3.686068233455386e-09,0.14428857718911478,5
561,622758,Anselmino,DEF,Chelsea,Brentford,0,3,45,0.0,a,100.0,,0.0,0.9895662804029276,0.07214428857715431,0.05035178643076704,0.0005536270001104083,,0.14484220415441904,0.0,3.686068233455386e-09,0.14428857719483762,5
621,616288,McAidoo,MID,Man City,Sunderland,1,2,45,0.1,a,,,0.7,1.1659476825396864,0.07214428857715431,0.0420825868077473,0.0005451788284863128,,0.14483375598279494,0.0,3.686068233455386e-09,0.14428857720206154,5
657,626464,Nunes,MID,Brentford,Chelsea,1,4,45,0.0,a,,,1.1,0.6503495312335654,0.07214428857715431,0.054613811349573105,0.0003946451845563694,,0.144683222338865,0.0,3.686068233455386e-09,0.14428857718094454,5
378,491501,McConnell,MID,Liverpool,Bournemouth,0,3,44,0.2,a,,,0.0,0.753466644910044,0.07214428857715431,0.037294691439942164,0.0003122256225800951,,0.14460080277688872,0.0,3.686068233455386e-09,0.14428857718516783,5
601,611917,Williams-Barnett,MID,Spurs,Aston Villa,1,3,45,0.1,a,,,0.0,0.7095490944156189,0.07214428857715431,0.037253591173939594,0.00029370279867998365,,0.1445822799529886,0.0,3.686068233455386e-09,0.14428857718336913,5
396,616222,Vitor Reis,DEF,Man City,Sunderland,1,2,45,0.0,a,,,0.2,0.9165486248763025,0.07214428857715431,0.024722366632113836,0.0002517694571150191,,0.14454034661142365,0.0,3.686068233455386e-09,0.14428857719184707,5
653,595480,Samba,MID,Man City,Sunderland,1,2,45,0.0,a,,,0.0,0.8888600095275252,0.07214428857715431,0.024722366632113836,0.00024416358933515195,,0.14453274074364378,0.0,3.686068233455386e-09,0.14428857719071306,5
641,437497,Bard,DEF,Leeds,Crystal Palace,1,3,45,0.0,a,,,0.5,0.49503026544358647,0.07214428857715431,0.03411551567480818,0.0001876468086693903,,0.14447622396297802,0.0,3.686068233455386e-09,0.14428857717458324,5
604,592740,Cresswell,MID,Leeds,Crystal Palace,1,3,45,0.1,a,,,0.0,0.49503026544358647,0.07214428857715431,0.03411551567480818,0.0001876468086693903,,0.14447622396297802,0.0,3.686068233455386e-09,0.14428857717458324,5
598,173774,Elvedi,DEF,Leeds,Crystal Palace,1,3,45,0.0,a,,,1.8,0.49503026544358647,0.07214428857715431,0.03411551567480818,0.0001876468086693903,,0.14447622396297802,0.0,3.686068233455386e-09,0.14428857717458324,5
93,513086,Schuster,DEF,Brentford,Chelsea,1,4,45,0.1,a,,,1.8,0.3919131517671083,0.07214428857715431,0.037253591173939594,0.00016222413701802216,,0.14445080129132665,0.0,3.686068233455386e-09,0.14428857717035995,5
650,442299,Affengruber,DEF,Fulham,Man Utd,1,4,45,0.0,a,,,4.0,0.3919131517671083,0.07214428857715431,0.036334315483691676,0.0001582210677612672,,0.14444679822206988,0.0,3.686068233455386e-09,0.14428857717035995,5
626,616069,Zepa,MID,Fulham,Man Utd,1,4,45,0.3,a,,,0.0,0.3919131517671083,0.07214428857715431,0.036334315483691676,0.0001582210677612672,,0.14444679822206988,0.0,3.686068233455386e-09,0.14428857717035995,5
207,242313,Mingueza,DEF,Crystal Palace,Leeds,0,3,44,0.1,a,,,0.5,0.49503026544358647,0.07214428857715431,0.024881403063251286,0.0001368560840334461,,0.14442543323834206,0.0,3.686068233455386e-09,0.14428857717458324,5
577,223723,Tomiyasu,DEF,Crystal Palace,Leeds,0,3,44,0.3,a,,,0.5,0.49503026544358647,0.07214428857715431,0.024881403063251286,0.0001368560840334461,,0.14442543323834206,0.0,3.686068233455386e-09,0.14428857717458324,5
643,172850,Chilwell,DEF,Crystal Palace,Leeds,0,3,45,0.5,a,,,4.0,0.49503026544358647,0.07214428857715431,0.024881403063251286,0.0001368560840334461,,0.14442543323834206,0.0,3.686068233455386e-09,0.14428857717458324,5
633,605972,Ahanor,DEF,Crystal Palace,Leeds,0,3,45,0.0,a,,,1.5,0.49503026544358647,0.07214428857715431,0.024881403063251286,0.0001368560840334461,,0.14442543323834206,0.0,3.686068233455386e-09,0.14428857717458324,5
605,611695,Yalcouyé,MID,Brighton,Arsenal,1,4,45,3.9,a,,,4.8,0.4196017671158856,0.07214428857715431,0.025910441727514118,0.00012080074595131224,,0.14440937790025993,0.0,3.686068233455386e-09,0.14428857717149396,5
596,487992,Ruggeri,DEF,Aston Villa,Spurs,0,3,45,0.1,a,,,0.5,0.49503026544358647,0.07214428857715431,0.020917221456983128,0.00011505175211325155,,0.14440362890642186,0.0,3.686068233455386e-09,0.14428857717458324,5
630,245719,Harwood-Bellis,DEF,Aston Villa,Spurs,0,3,45,0.0,a,,,0.0,0.49503026544358647,0.07214428857715431,0.020917221456983128,0.00011505175211325155,,0.14440362890642186,0.0,3.686068233455386e-09,0.14428857717458324,5
119,451490,Costinha,DEF,Brighton,Arsenal,1,4,45,0.0,a,,,0.8,0.3919131517671083,0.07214428857715431,0.025910441727514118,0.00011282936534564507,,0.14440140651965427,0.0,3.686068233455386e-09,0.14428857717035995,5
614,512123,Hadjam,DEF,Brighton,Arsenal,1,4,45,0.0,a,,,0.0,0.3919131517671083,0.07214428857715431,0.025910441727514118,0.00011282936534564507,,0.14440140651965427,0.0,3.686068233455386e-09,0.14428857717035995,5
658,661016,Ibrahim,MID,Brighton,Arsenal,1,4,45,0.0,a,,,1.1,0.3919131517671083,0.07214428857715431,0.025910441727514118,0.00011282936534564507,,0.14440140651965427,0.0,3.686068233455386e-09,0.14428857717035995,5
612,638411,Methalie,DEF,Sunderland,Man City,0,5,45,0.0,a,100.0,,0.0,0.3919131517671083,0.07214428857715431,0.022205814025901376,9.669722847161408e-05,,0.14438527438278023,0.0,3.686068233455386e-09,0.14428857717035995,5
613,696104,Ahoka,MID,Sunderland,Man City,0,5,45,0.2,a,,,0.0,0.3919131517671083,0.07214428857715431,0.022205814025901376,9.669722847161408e-05,,0.14438527438278023,0.0,3.686068233455386e-09,0.14428857717035995,5
541,93605,Meunier,DEF,Sunderland,Man City,0,5,45,0.3,a,100.0,,2.8,0.3919131517671083,0.07214428857715431,0.022205814025901376,9.669722847161408e-05,,0.14438527438278023,0.0,3.686068233455386e-09,0.14428857717035995,5
651,661313,J.Angulo,FWD,Sunderland,Man City,0,5,45,0.7,a,,,0.0,0.3919131517671083,0.07214428857715431,0.022205814025901376,9.669722847161408e-05,,0.14438527438278023,0.0,3.686068233455386e-09,0.14428857717035995,5
656,566213,Mfuni,DEF,Coventry City,Nott'm Forest,0,3,40,0.1,a,,,1.1,0.32851696685807363,0.07214428857715431,0.021257338646680383,7.759329350758163e-05,,0.14436617044781622,0.0,3.686068233455386e-09,0.14428857716776347,5
175,451284,van Ewijk,DEF,Coventry City,Nott'm Forest,0,3,40,9.8,a,,,1.5,0.19219321768143827,0.07214428857715431,0.01005221190810074,2.1466299460372794e-05,,0.144310043453769,0.0,3.686068233455386e-09,0.14428857716218016,5
173,461102,Thomas,DEF,Coventry City,Nott'm Forest,0,3,40,8.8,a,,,3.8,0.19219321768143827,0.07214428857715431,0.01005221190810074,2.1466299460372794e-05,,0.144310043453769,0.0,3.686068233455386e-09,0.14428857716218016,5
176,173878,Dasilva,DEF,Coventry City,Nott'm Forest,0,3,40,0.7,a,,,1.2,0.19219321768143827,0.07214428857715431,0.01005221190810074,2.1466299460372794e-05,,0.144310043453769,0.0,3.686068233455386e-09,0.14428857716218016,5
178,80178,Bidwell,DEF,Coventry City,Nott'm Forest,0,3,40,0.1,a,,,0.0,0.19219321768143827,0.07214428857715431,0.01005221190810074,2.1466299460372794e-05,,0.144310043453769,0.0,3.686068233455386e-09,0.14428857716218016,5
179,204813,Latibeaudiere,DEF,Coventry City,Nott'm Forest,0,3,40,0.0,a,,,0.0,0.19219321768143827,0.07214428857715431,0.01005221190810074,2.1466299460372794e-05,,0.144310043453769,0.0,3.686068233455386e-09,0.14428857716218016,5
81,561245,Rodríguez,FWD,Bournemouth,Liverpool,1,4,60,0.1,a,100.0,,0.5,0.9652121001566032,0.06451612903225806,0.08758273750380939,0.0009392879778168485,,0.12997154604233296,0.0,0.015085521482803115,0.12919404392976472,5
510,499716,Rowswell,DEF,Spurs,Aston Villa,1,3,40,0.1,a,,,0.0,6.123030732057027,0.04570383912248629,0.5141245670990238,0.03497778360503153,,0.1263854618500041,0.0,0.9938199928329239,0.15902090444773576,5
221,672492,Drakes-Thomas,MID,Crystal Palace,Leeds,0,3,45,0.1,a,,,0.0,7.0739813976882315,0.0356020942408377,0.6478367866258746,0.05091983752588397,,0.12212402600755937,0.0,1.2212176841360918,0.16719164603841558,5
100,244858,Carvalho,MID,Brentford,Chelsea,1,4,50,0.0,a,100.0,,0.0,8.227528027235905,0.0012674271229404308,1.1816907110096508,0.1080265938261803,,0.11056144807206116,0.0,2.059555821336225,0.1908132236203326,5
504,610799,Vuskovic,DEF,Brighton,Arsenal,1,4,50,3.2,a,,,6.0,3.197206713187215,0.04570383912248629,0.20108103514189826,0.007143307060559016,,0.0985509853055316,0.0,0.6033253515358344,0.11284052118015486,5
627,482616,Barcola,MID,Liverpool,Bournemouth,0,3,80,1.9,a,,,2.0,1.107485704853003,0.04570383912248629,0.1487791744443886,0.0018307867652999066,,0.09323846501027248,0.0,3.686068233455386e-09,0.09140767829033111,5
364,214285,Tsimikas,DEF,Liverpool,Bournemouth,0,3,49,0.1,a,,,0.5,1.3443722241457972,0.04570383912248629,0.09222222755694924,0.001377566679737952,,0.09278524492471053,0.0,0.5150767802447326,0.09910162176345555,5
628,624777,Allan,MID,Man City,Sunderland,1,2,60,0.0,a,,,0.0,1.2954372029286094,0.04570383912248629,0.07818958846111497,0.0011254411308245095,,0.09253311937579708,0.0,3.686068233455386e-09,0.09140767829802891,5
616,637238,Bouaddi,MID,Man City,Sunderland,1,2,55,0.2,a,,,0.7,1.2954372029286094,0.04570383912248629,0.07818958846111497,0.0011254411308245095,,0.09253311937579708,0.0,3.686068233455386e-09,0.09140767829802891,5
295,169432,McBurnie,FWD,Hull City,Newcastle,0,3,55,2.0,a,,,3.0,1.0146636353811787,0.04570383912248629,0.08148670039138392,0.0009186843517148725,,0.09232636259668744,0.0,3.686068233455386e-09,0.09140767828652946,5
642,243951,Thomas,MID,Hull City,Newcastle,0,3,55,0.0,a,,,1.0,1.0146636353811787,0.04570383912248629,0.08148670039138392,0.0009186843517148725,,0.09232636259668744,0.0,3.686068233455386e-09,0.09140767828652946,5
570,571779,Palacios,MID,Fulham,Man Utd,1,4,54,0.2,a,,,2.8,0.9652121001566032,0.04570383912248629,0.08349248987917712,0.0008954217944842722,,0.09230310003945685,0.0,3.686068233455386e-09,0.0914076782845041,5
647,533646,Osorio,MID,Crystal Palace,Leeds,0,3,55,0.0,a,,,0.5,1.0146636353811787,0.04570383912248629,0.07834862489225249,0.0008833055617809913,,0.09229098380675357,0.0,0.015085521482803115,0.09157775302352104,5
334,522047,Muharemović,DEF,Leeds,Crystal Palace,1,3,50,4.2,a,,,5.2,0.9035017876383602,0.04570383912248629,0.08127369007029363,0.0008158991585164037,,0.09222357740348898,0.0,3.686068233455386e-09,0.09140767828197668,5
648,587982,Bahoya,MID,Leeds,Crystal Palace,1,3,50,0.0,a,,,0.0,0.9035017876383602,0.04570383912248629,0.08127369007029363,0.0008158991585164037,,0.09222357740348898,0.0,3.686068233455386e-09,0.09140767828197668,5
557,439509,Tzolis,MID,Arsenal,Brighton,0,3,64,14.2,a,,,3.5,1.0146636353811787,0.04570383912248629,0.07201350377797333,0.0008118831504432741,,0.09221956139541584,0.0,3.686068233455386e-09,0.09140767828652946,5
636,500033,Ángel,MID,Fulham,Man Utd,1,4,50,0.0,a,,,0.0,0.8003846739618818,0.04570383912248629,0.08349248987917712,0.0007425123254467878,,0.09215019057041936,0.0,3.686068233455386e-09,0.09140767827775338,5
580,463210,Charles,MID,Fulham,Man Utd,1,4,50,0.1,a,,,2.2,0.8003846739618818,0.04570383912248629,0.08349248987917712,0.0007425123254467878,,0.09215019057041936,0.0,3.686068233455386e-09,0.09140767827775338,5
635,551050,Larsson,MID,Fulham,Man Utd,1,4,50,0.0,a,,,1.0,0.8003846739618818,0.04570383912248629,0.08349248987917712,0.0007425123254467878,,0.09215019057041936,0.0,3.686068233455386e-09,0.09140767827775338,5
218,438464,Doucouré,MID,Crystal Palace,Leeds,0,3,49,0.0,a,,,0.0,0.8498362091864542,0.04570383912248629,0.0720395774587367,0.0006802426824325192,,0.0920879209274051,0.0,3.686068233455386e-09,0.09140767827977873,5
644,450063,Timber,MID,Crystal Palace,Leeds,0,3,50,0.0,a,,,3.0,0.8498362091864542,0.04570383912248629,0.0720395774587367,0.0006802426824325192,,0.0920879209274051,0.0,3.686068233455386e-09,0.09140767827977873,5
588,570794,Khalaili,DEF,Crystal Palace,Leeds,0,3,50,0.3,a,,,3.2,0.8498362091864542,0.04570383912248629,0.0720395774587367,0.0006802426824325192,,0.0920879209274051,0.0,3.686068233455386e-09,0.09140767827977873,5
595,559152,Gozo,MID,Crystal Palace,Leeds,0,3,50,0.0,a,,,0.5,0.8498362091864542,0.04570383912248629,0.0720395774587367,0.0006802426824325192,,0.0920879209274051,0.0,3.686068233455386e-09,0.09140767827977873,5
310,241117,Matusiwa,MID,Ipswich Town,Everton,0,3,49,0.0,a,100.0,,0.0,0.8498362091864542,0.04570383912248629,0.06994534868548348,0.0006604676664121779,,0.09206814591138475,0.0,3.686068233455386e-09,0.09140767827977873,5
324,232457,Mehmeti,MID,Ipswich Town,Everton,0,3,49,0.0,a,,,0.0,0.8498362091864542,0.04570383912248629,0.06994534868548348,0.0006604676664121779,,0.09206814591138475,0.0,3.686068233455386e-09,0.09140767827977873,5
309,501390,Núñez,MID,Ipswich Town,Everton,0,3,49,0.1,a,,,1.5,0.8498362091864542,0.04570383912248629,0.06994534868548348,0.0006604676664121779,,0.09206814591138475,0.0,3.686068233455386e-09,0.09140767827977873,5
321,557012,Walle Egeli,FWD,Ipswich Town,Everton,0,3,45,3.6,a,,,0.2,0.49503026544358647,0.04570383912248629,0.022787174289998092,0.0001253371215276336,,0.09153301536650021,0.0,3.686068233455386e-09,0.09140767826524719,5
323,461587,McAteer,MID,Ipswich Town,Everton,0,3,45,1.1,a,,,0.8,0.49503026544358647,0.04570383912248629,0.022787174289998092,0.0001253371215276336,,0.09153301536650021,0.0,3.686068233455386e-09,0.09140767826524719,5
166,517052,N.Jackson,FWD,Aston Villa,Spurs,0,3,65,1.2,a,,,1.0,1.8438900706153685,0.0425531914893617,0.10195239678522912,0.002088766801196913,,0.08719514977992032,0.0,0.4695792549016119,0.09472696659516835,5
381,514514,Koumas,MID,Liverpool,Bournemouth,0,3,50,0.0,a,,,0.5,0.8498362091864542,0.0425531914893617,0.06994534868548348,0.0006604676664121779,,0.08576685064513558,0.0,3.686068233455386e-09,0.08510638301352956,5
362,606702,Jacquet,DEF,Liverpool,Bournemouth,0,3,50,3.2,a,100.0,,4.5,0.8498362091864542,0.0425531914893617,0.06994534868548348,0.0006604676664121779,,0.08576685064513558,0.0,3.686068233455386e-09,0.08510638301352956,5
600,612855,Osman,MID,Brighton,Arsenal,1,4,50,0.0,a,,,0.8,0.8003846739618818,0.0425531914893617,0.0730686161229995,0.0006498111165828095,,0.08575619409530622,0.0,3.686068233455386e-09,0.08510638301150421,5
120,454490,Svoboda,DEF,Brighton,Arsenal,1,4,50,0.1,a,,,0.0,0.8003846739618818,0.0425531914893617,0.0730686161229995,0.0006498111165828095,,0.08575619409530622,0.0,3.686068233455386e-09,0.08510638301150421,5
429,176297,Rashford,MID,Man Utd,Fulham,0,3,70,1.6,a,,,2.0,1.2731000148476352,0.037815126050420166,0.09055387873834281,0.0012809349374032798,,0.07691118703824361,0.0,0.05563038814405551,0.07641717485608673,5
591,474120,Enciso,MID,Ipswich Town,Everton,0,3,55,0.8,a,100.0,,3.2,1.22918246435321,0.037815126050420166,0.07625439611899927,0.0010414507393257488,,0.07667170284016608,0.0,0.015085521482803115,0.0758362838616435,5
565,513545,M.Sangaré,MID,Brentford,Chelsea,1,4,57,11.7,a,,,5.5,0.9652121001566032,0.037815126050420166,0.09072081300294083,0.0009729425160720333,,0.07660319461691237,0.0,3.686068233455386e-09,0.07563025214037186,5
569,551466,Gonzalo,FWD,Fulham,Man Utd,1,4,60,3.6,a,,,3.0,0.9652121001566032,0.037815126050420166,0.08980153731269289,0.0009630836714097318,,0.07659333577225007,0.0,3.686068233455386e-09,0.07563025214037186,5
315,531442,Fatawu,MID,Ipswich Town,Everton,0,3,55,0.2,a,,,2.2,1.0146636353811787,0.037815126050420166,0.07625439611899927,0.0008596951419988915,,0.07648994724283922,0.0,0.015085521482803115,0.0758003268793888,5
316,543968,Emersonn,FWD,Ipswich Town,Everton,0,3,55,2.9,a,100.0,,6.0,1.0146636353811787,0.037815126050420166,0.07625439611899927,0.0008596951419988915,,0.07648994724283922,0.0,0.015085521482803115,0.0758003268793888,5
377,551499,Munoz,MID,Liverpool,Bournemouth,0,3,65,1.0,a,,,3.5,1.0146636353811787,0.037815126050420166,0.07625439611899927,0.0008596951419988915,,0.07648994724283922,0.0,3.686068233455386e-09,0.07563025214239721,5
639,592984,Andrés,MID,Brighton,Arsenal,1,4,55,0.0,a,,,2.0,0.9652121001566032,0.037815126050420166,0.07937766355651527,0.0008512920149656485,,0.07648154411580597,0.0,3.686068233455386e-09,0.07563025214037186,5
594,538007,David,FWD,Brighton,Arsenal,1,4,60,0.2,a,,,0.2,0.9652121001566032,0.037815126050420166,0.07937766355651527,0.0008512920149656485,,0.07648154411580597,0.0,3.686068233455386e-09,0.07563025214037186,5
318,481624,Philogene,MID,Ipswich Town,Everton,0,3,54,0.1,a,100.0,,0.2,1.0146636353811787,0.037815126050420166,0.06994534868548348,0.000788566686391298,,0.07641881878723163,0.0,0.015085521482803115,0.0758003268793888,5
313,443261,Clarke,MID,Ipswich Town,Everton,0,3,54,0.2,a,,,2.2,1.0146636353811787,0.037815126050420166,0.06994534868548348,0.000788566686391298,,0.07641881878723163,0.0,0.015085521482803115,0.0758003268793888,5
579,445087,Araujo,DEF,Liverpool,Bournemouth,0,3,54,2.9,a,,,3.8,1.0146636353811787,0.037815126050420166,0.06994534868548348,0.000788566686391298,,0.07641881878723163,0.0,3.686068233455386e-09,0.07563025214239721,5
562,442967,Maeda,MID,Ipswich Town,Everton,0,3,54,0.2,a,,,1.8,1.0146636353811787,0.037815126050420166,0.06994534868548348,0.000788566686391298,,0.07641881878723163,0.0,0.015085521482803115,0.0758003268793888,5
164,593117,Quenda,MID,Chelsea,Brentford,0,3,53,0.0,a,100.0,,0.2,0.8498362091864542,0.037815126050420166,0.0720395774587367,0.0006802426824325192,,0.07631049478327286,0.0,3.686068233455386e-09,0.07563025213564649,5
583,498444,Chavarria,DEF,Chelsea,Brentford,0,3,49,0.2,a,,,1.0,0.8498362091864542,0.037815126050420166,0.0720395774587367,0.0006802426824325192,,0.07631049478327286,0.0,3.686068233455386e-09,0.07563025213564649,5
320,147675,Akpom,FWD,Ipswich Town,Everton,0,3,50,1.2,a,,,1.5,0.8498362091864542,0.037815126050420166,0.06994534868548348,0.0006604676664121779,,0.0762907197672525,0.0,3.686068233455386e-09,0.07563025213564649,5
619,218543,Palacios,MID,Ipswich Town,Everton,0,3,50,0.1,a,,,3.0,0.8498362091864542,0.037815126050420166,0.06994534868548348,0.0006604676664121779,,0.0762907197672525,0.0,3.686068233455386e-09,0.07563025213564649,5
189,684268,Shepherd,MID,Coventry City,Nott'm Forest,0,3,45,0.2,a,,,0.0,0.49503026544358647,0.037815126050420166,0.02064051072222536,0.00011352975001904903,,0.07574378185085938,0.0,3.686068233455386e-09,0.07563025212111495,5
631,638987,Mbaye,MID,Aston Villa,Spurs,0,3,60,0.1,a,,,0.5,1.0146636353811787,0.0356020942408377,0.0743844432859843,0.0008386132182262438,,0.07204280169990164,0.0,3.686068233455386e-09,0.07120418852323228,5
53,614071,Manzambi,MID,Aston Villa,Spurs,0,3,59,0.1,a,100.0,,0.2,1.0146636353811787,0.0356020942408377,0.0743844432859843,0.0008386132182262438,,0.07204280169990164,0.0,3.686068233455386e-09,0.07120418852323228,5
655,242893,Gboho,MID,Coventry City,Nott'm Forest,0,3,55,0.0,a,,,2.0,1.0146636353811787,0.0356020942408377,0.07410773255122655,0.0008354935702253737,,0.07203968205190077,0.0,0.015085521482803115,0.07137426326022386,5
568,543158,Barco,MID,Chelsea,Brentford,0,3,54,0.1,a,,,0.2,1.0146636353811787,0.0356020942408377,0.0720395774587367,0.0008121771061733976,,0.0720163655878488,0.0,0.015085521482803115,0.07137426326022386,5
186,241293,Mason-Clark,MID,Coventry City,Nott'm Forest,0,3,54,0.1,a,100.0,,1.0,1.0146636353811787,0.0356020942408377,0.06779868511771076,0.0007643651146177801,,0.07196855359629317,0.0,0.015085521482803115,0.07137426326022386,5
188,226965,Torp,MID,Coventry City,Nott'm Forest,0,3,54,0.1,a,,,0.8,1.0146636353811787,0.0356020942408377,0.06779868511771076,0.0007643651146177801,,0.07196855359629317,0.0,0.015085521482803115,0.07137426326022386,5
584,196100,Hamer,MID,Coventry City,Nott'm Forest,0,3,54,0.1,a,,,0.8,1.0146636353811787,0.0356020942408377,0.06779868511771076,0.0007643651146177801,,0.07196855359629317,0.0,0.015085521482803115,0.07137426326022386,5
599,627221,Cherif,FWD,Coventry City,Nott'm Forest,0,3,50,0.1,a,,,0.2,0.8498362091864542,0.0356020942408377,0.06779868511771076,0.0006401975283140153,,0.07184438600998941,0.0,3.686068233455386e-09,0.07120418851648155,5
194,230730,Thomas-Asante,FWD,Coventry City,Nott'm Forest,0,3,50,0.8,a,,,1.2,0.8498362091864542,0.0356020942408377,0.06779868511771076,0.0006401975283140153,,0.07184438600998941,0.0,3.686068233455386e-09,0.07120418851648155,5
195,218997,Simms,FWD,Coventry City,Nott'm Forest,0,3,50,0.7,a,,,0.8,0.8498362091864542,0.0356020942408377,0.06779868511771076,0.0006401975283140153,,0.07184438600998941,0.0,3.686068233455386e-09,0.07120418851648155,5
185,501459,Sakamoto,MID,Coventry City,Nott'm Forest,0,3,49,0.1,a,,,0.2,0.8498362091864542,0.0356020942408377,0.06779868511771076,0.0006401975283140153,,0.07184438600998941,0.0,3.686068233455386e-09,0.07120418851648155,5
184,168144,Grimes,MID,Coventry City,Nott'm Forest,0,3,49,0.1,a,,,2.0,0.8498362091864542,0.0356020942408377,0.06779868511771076,0.0006401975283140153,,0.07184438600998941,0.0,3.686068233455386e-09,0.07120418851648155,5
183,480457,Rudoni,MID,Coventry City,Nott'm Forest,0,3,50,0.1,a,100.0,,2.0,0.8498362091864542,0.0356020942408377,0.06779868511771076,0.0006401975283140153,,0.07184438600998941,0.0,3.686068233455386e-09,0.07120418851648155,5
575,661888,Yirenkyi,MID,Coventry City,Nott'm Forest,0,3,49,0.2,a,,,1.5,0.8498362091864542,0.0356020942408377,0.06779868511771076,0.0006401975283140153,,0.07184438600998941,0.0,3.686068233455386e-09,0.07120418851648155,5
652,471551,Azeez,MID,Brighton,Arsenal,1,4,55,0.0,d,75.0,Hamstring injury - 75% chance of playing,0.0,0.7239090751174524,0.028361344537815122,0.05953324766738645,0.00047885175841817725,,0.05720154083404842,0.0,2.76455117509154e-09,0.05672268909786673,5
344,486520,Gruev,MID,Leeds,Crystal Palace,1,3,50,0.0,d,25.0,Knee injury - 25% chance of playing,0.0,6.438475559459175,0.008900523560209424,0.33127693062769864,0.023699093569545446,,0.0415001406899643,0.0,0.6037932753746843,0.060995583192260054,5
152,620109,Palestra,DEF,Chelsea,Brentford,0,3,53,0.7,d,50.0,Thigh injury - 50% chance of playing,0.0,0.4249181045932271,0.018907563025210083,0.03601978872936835,0.0001700606706081298,,0.0379851867210283,0.0,1.843034116727693e-09,0.037815126059121705,5
182,539142,Amenda,DEF,Coventry City,Nott'm Forest,0,3,40,0.7,d,25.0,Calf injury - 25% chance of playing,0.2,0.04804830442035957,0.018036072144288578,0.002513052977025185,1.3416437162732996e-06,,0.03607348593229343,0.0,9.215170583638465e-10,0.03607214428906912,5
228,138001,King,GK,Everton,Ipswich Town,1,2,45,0.0,a,,,0.0,4.546175897118399,0.0,0.18718116540119523,0.009455094472682734,,0.009455094472682734,0.0,0.10356473044979876,0.005231372015138212,5
3,437495,Meslier,GK,Arsenal,Brighton,0,3,49,0.0,a,,,0.0,3.2192571102166236,0.0,0.21863573740231504,0.007820496135331747,,0.007820496135331747,0.0,0.6167223717691693,0.022059865337195093,5
227,229600,Travers,GK,Everton,Ipswich Town,1,2,50,0.0,a,,,0.0,2.4514940952658875,0.0,0.15781557187551934,0.004298710473264944,,0.004298710473264944,0.0,0.5726266069545306,0.015597674952679687,5
386,122074,Bettinelli,GK,Man City,Sunderland,1,2,45,0.0,a,,,0.0,2.7663338956244554,0.0,0.12236283904130271,0.0037610718800532793,,0.0037610718800532793,0.0,0.038099152432690755,0.0011710552974346152,5
443,81441,Gillespie,GK,Newcastle,Hull City,1,2,45,0.0,a,,,0.0,2.2097443280595255,0.0,0.11065739748003409,0.0027169395159925974,,0.0027169395159925974,0.0,3.5155667727634915e-05,8.631670817809618e-07,5
567,470551,Horníček,GK,Newcastle,Hull City,1,2,50,1.5,a,,,2.8,1.1772695410813931,0.0,0.07698893123109332,0.001007074708208624,,0.001007074708208624,0.0,3.686068233455386e-09,4.8216620639941376e-11,5
587,106921,Rulli,GK,Man City,Sunderland,1,2,50,0.0,a,,,0.0,1.1306097767338883,0.0,0.0718805410275992,0.0009029871382525004,,0.0009029871382525004,0.0,3.686068233455386e-09,4.6305608693920805e-11,5
251,86873,Lecomte,GK,Fulham,Man Utd,1,4,40,1.1,a,,,0.0,1.2371734616261383,0.0,0.06277034530932038,0.0008628645043755547,,0.0008628645043755547,0.0,0.008027769876046755,0.0001103527094076311,5
495,214572,Austin,GK,Spurs,Aston Villa,1,3,40,1.0,a,,,0.0,1.1614175127983735,0.0,0.06083767643247237,0.000785088253851492,,0.000785088253851492,0.0,0.008027769876046755,0.00010359547247506588,5
597,433969,Suzuki,GK,Aston Villa,Spurs,0,3,50,1.8,a,,,3.5,0.8498362091864542,0.0,0.06807539585246851,0.0006428104038903234,,0.0006428104038903234,0.0,3.686068233455386e-09,3.480615838135928e-11,5
111,49262,Steele,GK,Brighton,Arsenal,1,4,40,4.2,a,,,0.0,1.0615256662328167,0.0,0.036359403564206146,0.0004288493343591309,,0.0004288493343591309,0.0,3.686068233455386e-09,4.347617819220389e-11,5
590,428971,Benda,GK,Nott'm Forest,Coventry City,1,2,45,0.1,a,,,0.0,1.0395918281032375,0.0,0.029830756835607923,0.00034457567813814206,,0.00034457567813814206,0.0,3.686068233455386e-09,4.2577849037012845e-11,5
572,473284,Tzolakis,GK,Hull City,Newcastle,0,3,46,11.1,a,,,7.0,0.49503026544358647,0.0,0.05834980755796268,0.000320943563600005,,0.000320943563600005,0.0,3.686068233455386e-09,2.0274614845006574e-11,5
625,97846,Cairns,GK,Leeds,Crystal Palace,1,3,40,0.2,a,,,0.0,0.6666448182131737,0.0,0.041599226324968826,0.00030813231856908346,,0.00030813231856908346,0.0,3.686068233455386e-09,2.7303314304591333e-11,5
555,169593,Matthews,GK,Crystal Palace,Leeds,0,3,40,1.7,a,,,0.0,0.6666448182131737,0.0,0.027910648970185584,0.00020673877232156747,,0.00020673877232156747,0.0,3.686068233455386e-09,2.7303314304591333e-11,5
615,230650,Di Gregorio,GK,Bournemouth,Liverpool,1,4,45,0.0,a,,,0.0,0.3919131517671083,0.0,0.03411551567480818,0.00014855910302526956,,0.00014855910302526956,0.0,3.686068233455386e-09,1.6051317988912417e-11,5
560,549939,Penders,GK,Chelsea,Brentford,0,3,44,0.1,a,,,0.0,0.49503026544358647,0.0,0.024881403063251286,0.0001368560840334461,,0.0001368560840334461,0.0,3.686068233455386e-09,2.0274614845006574e-11,5
564,240514,Scherpen,GK,Ipswich Town,Everton,0,3,45,0.6,a,,,1.8,0.49503026544358647,0.0,0.022787174289998092,0.0001253371215276336,,0.0001253371215276336,0.0,3.686068233455386e-09,2.0274614845006574e-11,5
300,108813,Walton,GK,Ipswich Town,Everton,0,3,44,0.4,a,,,0.0,0.49503026544358647,0.0,0.022787174289998092,0.0001253371215276336,,0.0001253371215276336,0.0,3.686068233455386e-09,2.0274614845006574e-11,5
110,472739,Rushworth,GK,Coventry City,Nott'm Forest,0,3,45,0.8,a,,,1.2,0.49503026544358647,0.0,0.02064051072222536,0.00011352975001904903,,0.00011352975001904903,0.0,3.686068233455386e-09,2.0274614845006574e-11,5
172,110690,Wilson,GK,Coventry City,Nott'm Forest,0,3,44,0.4,a,,,0.0,0.49503026544358647,0.0,0.02064051072222536,0.00011352975001904903,,0.00011352975001904903,0.0,3.686068233455386e-09,2.0274614845006574e-11,5
58,40383,Forster,GK,Bournemouth,Liverpool,1,4,40,3.5,a,,,0.0,0.2253998531815947,0.0,0.03570267722286512,8.941531338026291e-05,,8.941531338026291e-05,0.0,3.686068233455386e-09,9.231547095979824e-12,5
444,554578,Jaouen,GK,Newcastle,Hull City,1,2,45,0.0,d,50.0,Ankle injury - 50% chance of playing,0.0,0.467759886937515,0.0,0.014915378417803962,7.752017469269147e-05,,7.752017469269147e-05,0.0,1.843034116727693e-09,9.578860334028094e-12,5
629,155465,Zetterer,GK,Leeds,Crystal Palace,1,3,40,0.7,a,,,0.0,0.19219321768143827,0.0,0.02164484745859621,4.622214310323897e-05,,4.622214310323897e-05,0.0,3.686068233455386e-09,7.87152571534584e-12,5
273,167825,Phillips,GK,Hull City,Newcastle,0,3,40,1.4,a,,,0.0,0.19219321768143827,0.0,0.013830981807866558,2.953578774830344e-05,,2.953578774830344e-05,0.0,3.686068233455386e-09,7.87152571534584e-12,5
301,112520,Palmer,GK,Ipswich Town,Everton,0,3,40,4.0,a,,,0.0,0.19219321768143827,0.0,0.010316506073786027,2.2030694417233755e-05,,2.2030694417233755e-05,0.0,3.686068233455386e-09,7.87152571534584e-12,5
302,50093,Button,GK,Ipswich Town,Everton,0,3,40,0.6,a,,,0.0,0.19219321768143827,0.0,0.010316506073786027,2.2030694417233755e-05,,2.2030694417233755e-05,0.0,3.686068233455386e-09,7.87152571534584e-12,5
355,464353,Davies,GK,Liverpool,Bournemouth,0,3,40,0.2,a,,,0.0,0.19219321768143827,0.0,0.010316506073786027,2.2030694417233755e-05,,2.2030694417233755e-05,0.0,3.686068233455386e-09,7.87152571534584e-12,5
296,213292,Akintola,MID,Hull City,Newcastle,0,3,50,0.0,u,0.0,Has joined Omonoia FC permanently,0.0,0.0,0.0,0.0,0.0,,0.0,0.0,0.0,0.0,5
547,461199,Mundle,MID,Sunderland,Man City,0,5,49,0.0,i,0.0,Knee injury - Unknown return date,0.0,0.0,0.0,0.0,0.0,,0.0,0.0,0.0,0.0,5
546,535818,Adingra,MID,Sunderland,Man City,0,5,49,0.0,u,0.0,Has joined Ajax on loan for the rest of the season,0.0,0.0,0.0,0.0,0.0,,0.0,-0.0,0.0,0.0,5
543,547027,Diarra,MID,Sunderland,Man City,0,5,54,0.0,i,0.0,Hamstring injury - Unknown return date,0.0,0.0,0.0,0.0,0.0,,0.0,0.0,0.0,0.0,5
18,444145,Martinelli,MID,Arsenal,Brighton,0,3,63,0.1,u,0.0,Has joined Al Hilal permanently,0.0,0.0,0.0,0.0,0.0,,0.0,0.0,0.0,0.0,5
297,470294,Gyabi,MID,Hull City,Newcastle,0,3,45,0.0,i,0.0,Thigh injury - Unknown return date,0.0,0.0,0.0,0.0,0.0,,0.0,0.0,0.0,0.0,5
299,534392,Burstow,FWD,Hull City,Newcastle,0,3,45,0.0,u,0.0,Has joined Sheffield Wednesday on loan for the rest of the season,0.0,0.0,0.0,0.0,0.0,,0.0,0.0,0.0,0.0,5
298,500957,Destan,FWD,Hull City,Newcastle,0,3,45,0.2,u,0.0,Has joined Konyaspor permanently,0.0,0.0,0.0,0.0,0.0,,0.0,0.0,0.0,0.0,5
23,438098,Fábio Vieira,MID,Arsenal,Brighton,0,3,55,0.0,u,0.0,Has joined Hamburger SV permanently,0.0,0.0,0.0,0.0,0.0,,0.0,0.0,0.0,0.0,5
24,200641,Nelson,MID,Arsenal,Brighton,0,3,55,0.0,u,0.0,has departed the club as a free agent.,0.0,0.0,0.0,0.0,0.0,,0.0,0.0,0.0,0.0,5
27,205651,G.Jesus,FWD,Arsenal,Brighton,0,3,59,0.2,u,0.0,Has joined FC Barcelona permanently,0.0,0.0,0.0,0.0,0.0,,0.0,0.0,0.0,0.0,5
30,101188,Digne,DEF,Aston Villa,Spurs,0,3,45,0.1,u,0.0,Has joined Paris Saint-Germain permanently,0.0,0.0,0.0,0.0,0.0,,0.0,0.0,0.0,0.0,5
563,445028,Morita,MID,Hull City,Newcastle,0,3,50,0.0,i,0.0,Calf injury - Expected back 11 Oct,0.0,0.0,0.0,0.0,0.0,,0.0,0.0,0.0,0.0,5
586,606930,Mendy,DEF,Hull City,Newcastle,0,3,41,7.0,i,0.0,Concussion - Expected back 11 Oct,0.0,0.0,0.0,0.0,0.0,,0.0,0.0,0.0,0.0,5
278,501902,Hughes,DEF,Hull City,Newcastle,0,3,39,0.3,i,0.0,Groin injury - Unknown return date,0.0,0.0,0.0,0.0,0.0,,0.0,0.0,0.0,0.0,5
22,499175,Nwaneri,MID,Arsenal,Brighton,0,3,54,0.0,u,0.0,Has joined Borussia Dortmund on loan for the rest of the season,0.0,0.0,0.0,0.0,0.0,,0.0,0.0,0.0,0.0,5
404,433036,Reijnders,MID,Man City,Sunderland,1,2,60,0.0,u,0.0,Has joined Al Qadsiah permanently,0.0,0.0,0.0,0.0,0.0,,0.0,0.0,0.0,0.0,5
402,220566,Rodrigo,MID,Man City,Sunderland,1,2,65,0.0,u,0.0,Has joined Barcelona permanently,0.0,0.0,0.0,0.0,0.0,,0.0,0.0,0.0,0.0,5
400,248875,Doku,MID,Man City,Sunderland,1,2,74,0.7,i,0.0,Calf injury - Expected back 20 Sep,0.0,0.0,0.0,0.0,0.0,,0.0,0.0,0.0,0.0,5
398,209244,Foden,MID,Man City,Sunderland,1,2,70,2.7,s,0.0,Suspended until 17 Oct,0.0,0.0,0.0,0.0,0.0,,0.0,0.0,0.0,0.0,5
191,492498,Borges Rodrigues,MID,Coventry City,Nott'm Forest,0,3,45,0.1,u,0.0,Has joined Burton Albion on loan for the rest of the season,0.0,0.0,0.0,0.0,0.0,,0.0,0.0,0.0,0.0,5
192,629397,Andrews,MID,Coventry City,Nott'm Forest,0,3,45,0.3,u,0.0,Has joined Oxford United on loan for the rest of the season,0.0,0.0,0.0,0.0,0.0,,0.0,0.0,0.0,0.0,5
193,176412,Wright,FWD,Coventry City,Nott'm Forest,0,3,54,0.1,i,0.0,Thigh injury - Unknown return date,0.0,0.0,0.0,0.0,0.0,,0.0,0.0,0.0,0.0,5
196,551262,Markelo,FWD,Coventry City,Nott'm Forest,0,3,50,0.0,u,0.0,Has joined Shabab Al-Ahli Dubai permanently,0.0,0.0,0.0,0.0,0.0,,0.0,0.0,0.0,0.0,5
373,206915,C.Jones,MID,Liverpool,Bournemouth,0,3,55,0.0,u,0.0,Has joined Internazionale permanently,0.0,0.0,0.0,0.0,0.0,,0.0,0.0,0.0,0.0,5
215,489706,Devenny,MID,Crystal Palace,Leeds,0,3,50,0.0,u,0.0,Has joined Stoke City permanently,0.0,0.0,0.0,0.0,0.0,,0.0,0.0,0.0,0.0,5
216,606921,Esse,MID,Crystal Palace,Leeds,0,3,50,0.0,u,0.0,Has joined Millwall on loan for the rest of the season,0.0,0.0,0.0,0.0,0.0,,0.0,0.0,0.0,0.0,5
217,536694,M.França,MID,Crystal Palace,Leeds,0,3,49,0.0,u,0.0,Has joined Alverca on loan for the rest of the season,0.0,0.0,0.0,0.0,0.0,,0.0,0.0,0.0,0.0,5
197,549653,Bassette,FWD,Coventry City,Nott'm Forest,0,3,45,0.0,u,0.0,Has joined KVC Westerlo on loan for the rest of the season,0.0,0.0,0.0,0.0,0.0,,0.0,0.0,0.0,0.0,5
492,210156,Awoniyi,FWD,Coventry City,Nott'm Forest,0,3,55,0.5,s,0.0,Suspended until 19 Oct,0.0,0.0,0.0,0.0,0.0,,0.0,0.0,0.0,0.0,5
365,489580,Ramsay,DEF,Liverpool,Bournemouth,0,3,40,0.1,u,0.0,Has joined St Mirren on loan for the rest of the season,0.0,0.0,0.0,0.0,0.0,,0.0,0.0,0.0,0.0,5
370,223541,Chiesa,MID,Liverpool,Bournemouth,0,3,54,0.0,i,0.0,Back injury - Unknown return date,0.0,0.0,0.0,0.0,0.0,,0.0,0.0,0.0,0.0,5
537,519634,Seelt,DEF,Sunderland,Man City,0,5,45,0.0,u,0.0,Has joined Swansea City on loan for the rest of the season,0.0,0.0,0.0,0.0,0.0,,0.0,0.0,0.0,0.0,5
538,477547,Hjelde,DEF,Sunderland,Man City,0,5,40,0.0,u,0.0,Has joined KV Mechelen on loan for the rest of the season,0.0,0.0,0.0,0.0,0.0,,0.0,0.0,0.0,0.0,5
540,105717,Masuaku,DEF,Sunderland,Man City,0,5,40,0.1,u,0.0,Has joined Konyaspor permanently,0.0,0.0,0.0,0.0,0.0,,0.0,0.0,0.0,0.0,5
6,462424,Saliba,DEF,Arsenal,Brighton,0,3,59,0.2,i,0.0,Back injury - Unknown return date,0.0,0.0,0.0,0.0,0.0,,0.0,0.0,0.0,0.0,5
153,220362,Disasi,DEF,Crystal Palace,Leeds,0,3,45,0.1,s,0.0,Suspended until 25 Oct,0.0,0.0,0.0,0.0,0.0,,0.0,-0.0,0.0,0.0,5
198,172649,Henderson,GK,Crystal Palace,Leeds,0,3,50,1.5,i,0.0,Foot injury - Expected back 11 Oct,0.0,0.0,0.0,0.0,0.0,,0.0,0.0,0.0,0.0,5
205,218364,Sosa,DEF,Crystal Palace,Leeds,0,3,45,0.0,u,0.0,Has joined FC Cologne on loan for the rest of the season,0.0,0.0,0.0,0.0,0.0,,0.0,0.0,0.0,0.0,5
206,515621,Chadi Riad,DEF,Crystal Palace,Leeds,0,3,44,0.0,i,0.0,Knee injury - Unknown return date,0.0,0.0,0.0,0.0,0.0,,0.0,-0.0,0.0,0.0,5
376,535928,Bajcetic,MID,Liverpool,Bournemouth,0,3,50,0.0,u,0.0,Has joined Celta Vigo permanently,0.0,0.0,0.0,0.0,0.0,,0.0,0.0,0.0,0.0,5
380,510663,Ekitiké,FWD,Liverpool,Bournemouth,0,3,74,0.1,i,0.0,Achilles injury - Unknown return date,0.0,0.0,0.0,0.0,0.0,,0.0,0.0,0.0,0.0,5
383,444884,Elliott,MID,Liverpool,Bournemouth,0,3,54,0.0,u,0.0,Has joined Valencia on loan for the rest of the season,0.0,0.0,0.0,0.0,0.0,,0.0,0.0,0.0,0.0,5
394,494307,Alleyne,DEF,Man City,Sunderland,1,2,50,0.0,u,0.0,Has joined Burnley on loan for the rest of the season,0.0,0.0,0.0,0.0,0.0,,0.0,0.0,0.0,0.0,5
528,490145,Scarlett,FWD,Spurs,Aston Villa,1,3,45,1.2,u,0.0,Has joined Leyton Orient permanently,0.0,0.0,0.0,0.0,0.0,,0.0,0.0,0.0,0.0,5
578,465920,Mudryk,MID,Spurs,Aston Villa,1,3,54,0.0,i,0.0,Ankle injury - Unknown return date,0.0,0.0,0.0,0.0,0.0,,0.0,0.0,0.0,0.0,5
530,232571,Patterson,GK,Sunderland,Man City,0,5,40,0.1,u,0.0,Has joined Wrexham permanently,0.0,0.0,0.0,0.0,0.0,,0.0,0.0,0.0,0.0,5
536,434399,Reinildo,DEF,Sunderland,Man City,0,5,45,0.3,s,0.0,Suspended until 10 Oct,0.0,0.0,0.0,0.0,0.0,,0.0,-0.0,0.0,0.0,5
354,432987,Jaros,GK,Liverpool,Bournemouth,0,3,40,0.0,i,0.0,Knee injury - Unknown return date,0.0,0.0,0.0,0.0,0.0,,0.0,0.0,0.0,0.0,5
353,586268,Pecsi,GK,Liverpool,Bournemouth,0,3,40,0.0,u,0.0,Has joined TSV Hartberg on loan for the rest of the season,0.0,0.0,0.0,0.0,0.0,,0.0,0.0,0.0,0.0,5
21,128295,Nørgaard,MID,Everton,Ipswich Town,1,2,49,0.0,i,0.0,Groin injury - Unknown return date,0.0,0.0,0.0,0.0,0.0,,0.0,0.0,0.0,0.0,5
234,243571,Patterson,DEF,Everton,Ipswich Town,1,2,45,0.0,u,0.0,Has joined Torino permanently,0.0,0.0,0.0,0.0,0.0,,0.0,0.0,0.0,0.0,5
416,209365,De Ligt,DEF,Man Utd,Fulham,0,3,50,0.0,i,0.0,Back injury - Unknown return date,0.0,0.0,0.0,0.0,0.0,,0.0,0.0,0.0,0.0,5
131,535301,Baleba,MID,Man Utd,Fulham,0,3,49,0.1,i,0.0,Ankle injury - Expected back 19 Sep,0.0,0.0,0.0,0.0,0.0,,0.0,0.0,0.0,0.0,5
413,451302,Bayindir,GK,Man Utd,Fulham,0,3,45,0.0,u,0.0,Has joined Celta Vigo on loan for the rest of the season,0.0,0.0,0.0,0.0,0.0,,0.0,0.0,0.0,0.0,5
414,21205,Heaton,GK,Man Utd,Fulham,0,3,40,0.1,i,0.0,Hamstring injury - Unknown return date,0.0,0.0,0.0,0.0,0.0,,0.0,0.0,0.0,0.0,5
409,590039,Mukasa,MID,Man City,Sunderland,1,2,45,0.1,u,0.0,has joined West Ham on loan for the rest of the seaon.,0.0,0.0,0.0,0.0,0.0,,0.0,0.0,0.0,0.0,5
408,155405,Phillips,MID,Man City,Sunderland,1,2,50,0.0,u,0.0,Has joined Sheffield United on loan for the rest of the season,0.0,0.0,0.0,0.0,0.0,,0.0,0.0,0.0,0.0,5
407,575204,Echeverri,MID,Man City,Sunderland,1,2,49,0.0,u,0.0,Has joined Benfica on loan for the rest of the season,0.0,0.0,0.0,0.0,0.0,,0.0,0.0,0.0,0.0,5
410,649208,Monga,MID,Man City,Sunderland,1,2,49,0.0,u,0.0,Has joined Swansea City on loan for the rest of the season,0.0,0.0,0.0,0.0,0.0,,0.0,0.0,0.0,0.0,5
219,450542,J.Rak-Sakyi,MID,Crystal Palace,Leeds,0,3,49,0.0,u,0.0,has joined  Kasimpasa on loan for the rest of the seaon.,0.0,0.0,0.0,0.0,0.0,,0.0,0.0,0.0,0.0,5
220,590014,Cardines,DEF,Crystal Palace,Leeds,0,3,45,0.0,u,0.0,Has joined Bristol City on loan for the rest of the season,0.0,0.0,0.0,0.0,0.0,,0.0,0.0,0.0,0.0,5
223,231747,Mateta,FWD,Crystal Palace,Leeds,0,3,63,1.4,i,0.0,Hamstring injury - Expected back 11 Oct,0.0,0.0,0.0,0.0,0.0,,0.0,-0.0,0.0,0.0,5
225,660392,Uche,FWD,Crystal Palace,Leeds,0,3,50,0.0,u,0.0,has returned to Getafe CF,0.0,0.0,0.0,0.0,0.0,,0.0,0.0,0.0,0.0,5
348,235826,Piroe,FWD,Leeds,Crystal Palace,1,3,50,0.1,u,0.0,Has joined West Ham United on loan for the rest of the season,0.0,0.0,0.0,0.0,0.0,,0.0,0.0,0.0,0.0,5
342,221399,Harrison,MID,Leeds,Crystal Palace,1,3,50,0.0,u,0.0,Has joined New England Revolution permanently,0.0,0.0,0.0,0.0,0.0,,0.0,0.0,0.0,0.0,5
349,565297,Mateo Joseph,FWD,Leeds,Crystal Palace,1,3,45,0.1,i,0.0,Knee injury - Unknown return date,0.0,0.0,0.0,0.0,0.0,,0.0,0.0,0.0,0.0,5
187,439668,Eccles,MID,Coventry City,Nott'm Forest,0,3,49,0.0,i,0.0,Unspecified injury - Expected back 12 Oct,0.0,0.0,0.0,0.0,0.0,,0.0,0.0,0.0,0.0,5
436,490881,Collyer,MID,Man Utd,Fulham,0,3,50,0.0,u,0.0,Has joined West Brom permanently,0.0,0.0,0.0,0.0,0.0,,0.0,0.0,0.0,0.0,5
441,596047,Obi,FWD,Man Utd,Fulham,0,3,45,1.1,u,0.0,Has joined Willem II on loan for the rest of the season,0.0,0.0,0.0,0.0,0.0,,0.0,0.0,0.0,0.0,5
431,493250,Amad,MID,Man Utd,Fulham,0,3,57,0.3,i,0.0,Unspecified injury - Unknown return date,0.0,0.0,0.0,0.0,0.0,,0.0,0.0,0.0,0.0,5
174,436761,Kitching,DEF,Coventry City,Nott'm Forest,0,3,40,0.4,u,0.0,Has joined Sheffield United on loan for the rest of the season,0.0,0.0,0.0,0.0,0.0,,0.0,0.0,0.0,0.0,5
181,577411,Brau,DEF,Coventry City,Nott'm Forest,0,3,40,0.0,u,0.0,Has joined Academico de Viseu on loan for the rest of the season,0.0,0.0,0.0,0.0,0.0,,0.0,0.0,0.0,0.0,5
266,76357,Cairney,MID,Fulham,Man Utd,1,4,49,0.0,i,0.0,Knee injury - Expected back 10 Oct,0.0,0.0,0.0,0.0,0.0,,0.0,-0.0,0.0,0.0,5
235,499300,Aznou,DEF,Everton,Ipswich Town,1,2,40,0.1,u,0.0,Has joined Malaga on loan for the rest of the season,0.0,0.0,0.0,0.0,0.0,,0.0,0.0,0.0,0.0,5
248,486385,Beto,FWD,Everton,Ipswich Town,1,2,54,0.7,u,0.0,Has joined Fiorentina permanently,0.0,0.0,0.0,0.0,0.0,,0.0,0.0,0.0,0.0,5
333,437738,Bornauw,DEF,Leeds,Crystal Palace,1,3,45,0.0,u,0.0,Has joined Hamburg SV on loan for the rest of the season,0.0,0.0,0.0,0.0,0.0,,0.0,0.0,0.0,0.0,5
177,465390,Kesler-Hayden,DEF,Coventry City,Nott'm Forest,0,3,40,0.0,i,0.0,Hamstring injury - Unknown return date,0.0,0.0,0.0,0.0,0.0,,0.0,0.0,0.0,0.0,5
363,647681,Leoni,DEF,Liverpool,Bournemouth,0,3,40,0.0,i,0.0,Knee injury - Unknown return date,0.0,0.0,0.0,0.0,0.0,,0.0,0.0,0.0,0.0,5
360,492777,Bradley,DEF,Liverpool,Bournemouth,0,3,50,0.0,i,0.0,Knee injury - Unknown return date,0.0,0.0,0.0,0.0,0.0,,0.0,0.0,0.0,0.0,5
146,242880,B.Badiashile,DEF,Chelsea,Brentford,0,3,45,0.0,u,0.0,Has joined Napoli on loan for the rest of the season,0.0,0.0,0.0,0.0,0.0,,0.0,0.0,0.0,0.0,5
143,180736,Chalobah,DEF,Chelsea,Brentford,0,3,55,0.1,u,0.0,Has joined Como permanently,0.0,0.0,0.0,0.0,0.0,,0.0,0.0,0.0,0.0,5
141,508479,Jörgensen,GK,Chelsea,Brentford,0,3,50,0.0,u,0.0,Has joined RC Strasbourg on loan for the rest of the season,0.0,0.0,0.0,0.0,0.0,,0.0,0.0,0.0,0.0,5
150,574458,M.Sarr,DEF,Chelsea,Brentford,0,3,45,0.0,u,0.0,Has joined Real Sociedad on loan for the rest of the season,0.0,0.0,0.0,0.0,0.0,,0.0,0.0,0.0,0.0,5
454,449434,Elanga,MID,Newcastle,Hull City,1,2,62,8.0,i,0.0,Unspecified injury - Unknown return date,0.0,0.0,0.0,0.0,0.0,,0.0,0.0,0.0,0.0,5
456,232653,J.Ramsey,MID,Newcastle,Hull City,1,2,49,0.3,i,0.0,Thigh injury - Unknown return date,0.0,0.0,0.0,0.0,0.0,,0.0,0.0,0.0,0.0,5
448,78916,Burn,DEF,Newcastle,Hull City,1,2,49,0.8,i,0.0,Ankle injury - Expected back 19 Sep,0.0,0.0,0.0,0.0,0.0,,0.0,0.0,0.0,0.0,5
451,545477,A.Murphy,DEF,Newcastle,Hull City,1,2,40,0.1,u,0.0,Has joined FC Kaiserslautern on loan for the rest of the season,0.0,0.0,0.0,0.0,0.0,,0.0,0.0,0.0,0.0,5
139,487117,Ferguson,FWD,Brighton,Arsenal,1,4,50,0.0,i,0.0,Ankle injury - Expected back 10 Oct,0.0,0.0,0.0,0.0,0.0,,0.0,0.0,0.0,0.0,5
458,180974,Joelinton,MID,Newcastle,Hull City,1,2,54,0.0,i,0.0,Unspecified injury - Unknown return date,0.0,0.0,0.0,0.0,0.0,,0.0,0.0,0.0,0.0,5
275,494950,Cartwright,GK,Hull City,Newcastle,0,3,40,0.0,u,0.0,Has joined Grimsby Town on loan for the rest of the season,0.0,0.0,0.0,0.0,0.0,,0.0,0.0,0.0,0.0,5
274,105666,Butland,GK,Hull City,Newcastle,0,3,45,0.1,i,0.0,Arm injury - Unknown return date,0.0,0.0,0.0,0.0,0.0,,0.0,0.0,0.0,0.0,5
276,444307,Lo-Tutala,GK,Hull City,Newcastle,0,3,40,0.0,u,0.0,Has joined Colchester United on loan for the rest of the season,0.0,0.0,0.0,0.0,0.0,,0.0,0.0,0.0,0.0,5
554,546600,Van Oevelen,GK,Ipswich Town,Everton,0,3,45,0.0,u,0.0,Has joined Valencia on loan for the rest of the season,0.0,0.0,0.0,0.0,0.0,,0.0,0.0,0.0,0.0,5
602,524180,Humphreys,MID,Ipswich Town,Everton,0,3,45,0.0,u,0.0,Has joined Huddersfield Town on loan for the rest of the season,0.0,0.0,0.0,0.0,0.0,,0.0,0.0,0.0,0.0,5
326,201595,Perri,GK,Leeds,Crystal Palace,1,3,45,0.3,u,0.0,Has joined Torino on loan for the rest of the season,0.0,0.0,0.0,0.0,0.0,,0.0,0.0,0.0,0.0,5
329,214225,Rodon,DEF,Leeds,Crystal Palace,1,3,44,1.0,i,0.0,Hamstring injury - Expected back 21 Nov,0.0,0.0,0.0,0.0,0.0,,0.0,0.0,0.0,0.0,5
252,505079,McNally,GK,Fulham,Man Utd,1,4,40,0.1,u,0.0,Has joined York City on loan for the rest of the season,0.0,0.0,0.0,0.0,0.0,,0.0,0.0,0.0,0.0,5
314,229164,Ogbene,MID,Ipswich Town,Everton,0,3,49,0.0,u,0.0,Has joined Lincoln City on loan until January,0.0,0.0,0.0,0.0,0.0,,0.0,0.0,0.0,0.0,5
317,222625,Hirst,FWD,Ipswich Town,Everton,0,3,50,0.1,u,0.0,Has joined Stoke City permanently,0.0,0.0,0.0,0.0,0.0,,0.0,0.0,0.0,0.0,5
319,172453,Szmodics,MID,Ipswich Town,Everton,0,3,50,0.0,u,0.0,Has joined Derby County on loan for the rest of the season,0.0,0.0,0.0,0.0,0.0,,0.0,0.0,0.0,0.0,5
322,462387,Al-Hamadi,FWD,Ipswich Town,Everton,0,3,50,0.1,u,0.0,Has joined Sheffield Wednesday on loan for the rest of the season,0.0,0.0,0.0,0.0,0.0,,0.0,0.0,0.0,0.0,5
610,547686,De Fougerolles,DEF,Fulham,Man Utd,1,4,40,0.1,u,0.0,has joined  Real Salt Lake on loan for the rest of the seaon.,0.0,0.0,0.0,0.0,0.0,,0.0,0.0,0.0,0.0,5
433,232112,Ugarte,MID,Man Utd,Fulham,0,3,50,0.0,i,0.0,Knee injury - Unknown return date,0.0,0.0,0.0,0.0,0.0,,0.0,0.0,0.0,0.0,5
163,491007,D.Essugo,MID,Chelsea,Brentford,0,3,45,0.1,u,0.0,Has joined RC Strasbourg on loan for the rest of the season,0.0,0.0,0.0,0.0,0.0,,0.0,0.0,0.0,0.0,5
405,465694,N.Gonzalez,MID,Newcastle,Hull City,1,2,55,0.2,i,0.0,Concussion - Expected back 12 Oct,0.0,0.0,0.0,0.0,0.0,,0.0,0.0,0.0,0.0,5
170,503037,Emegha,FWD,Chelsea,Brentford,0,3,50,0.1,i,0.0,Hamstring injury - Expected back 18 Sep,0.0,0.0,0.0,0.0,0.0,,0.0,0.0,0.0,0.0,5
168,499309,Marc Guiu,FWD,Chelsea,Brentford,0,3,50,0.2,u,0.0,Has joined RB Leipzig permanently,0.0,0.0,0.0,0.0,0.0,,0.0,0.0,0.0,0.0,5
171,484389,Dovin,GK,Coventry City,Nott'm Forest,0,3,40,1.1,u,0.0,Has joined Leyton Orient on loan for the rest of the season,0.0,0.0,0.0,0.0,0.0,,0.0,0.0,0.0,0.0,5
341,492859,Gnonto,MID,Leeds,Crystal Palace,1,3,50,0.0,u,0.0,Has joined ACF Fiorentina on loan for the rest of the season,0.0,0.0,0.0,0.0,0.0,,0.0,0.0,0.0,0.0,5
180,220583,Woolfenden,DEF,Coventry City,Nott'm Forest,0,3,40,0.1,i,0.0,Knee injury - Unknown return date,0.0,0.0,0.0,0.0,0.0,,0.0,0.0,0.0,0.0,5
425,547676,Fredricson,DEF,Man Utd,Fulham,0,3,40,0.0,u,0.0,Has joined Lausanne-Sport permanently,0.0,0.0,0.0,0.0,0.0,,0.0,0.0,0.0,0.0,5
122,592031,Minteh,MID,Brighton,Arsenal,1,4,59,0.0,i,0.0,Leg injury - Expected back 28 Nov,0.0,0.0,0.0,0.0,0.0,,0.0,0.0,0.0,0.0,5
121,451340,Mitoma,MID,Brighton,Arsenal,1,4,59,0.0,i,0.0,Hamstring injury - Expected back 10 Oct,0.0,0.0,0.0,0.0,0.0,,0.0,0.0,0.0,0.0,5
609,553746,Shahar,DEF,Newcastle,Hull City,1,2,40,0.2,u,0.0,has joined Arouca on loan for the rest of the seaon.,0.0,0.0,0.0,0.0,0.0,,0.0,0.0,0.0,0.0,5
593,463726,Dedić,DEF,Newcastle,Hull City,1,2,45,2.7,i,0.0,Unspecified injury - Unknown return date,0.0,0.0,0.0,0.0,0.0,,0.0,0.0,0.0,0.0,5
466,599303,Neave,FWD,Newcastle,Hull City,1,2,45,0.6,u,0.0,Has joined Wolves on loan for the rest of the season,0.0,0.0,0.0,0.0,0.0,,0.0,0.0,0.0,0.0,5
465,538207,Osula,FWD,Newcastle,Hull City,1,2,59,0.3,i,0.0,Foot injury - Unknown return date,0.0,0.0,0.0,0.0,0.0,,0.0,0.0,0.0,0.0,5
463,470313,Woltemade,FWD,Newcastle,Hull City,1,2,59,0.5,u,0.0,Has joined Juventus on loan for the rest of the season,0.0,0.0,0.0,0.0,0.0,,0.0,0.0,0.0,0.0,5
140,215059,Sánchez,GK,Chelsea,Brentford,0,3,49,0.8,u,0.0,Has joined Como on loan for the rest of the season,0.0,0.0,0.0,0.0,0.0,,0.0,0.0,0.0,0.0,5
624,519324,Cozier-Duberry,MID,Brighton,Arsenal,1,4,50,0.0,u,0.0,Has joined Middlesbrough on loan for the rest of the season,0.0,0.0,0.0,0.0,0.0,,0.0,0.0,0.0,0.0,5
470,485047,Morato,DEF,Nott'm Forest,Coventry City,1,2,50,0.0,u,0.0,Has joined West Ham on loan for the rest of the season,0.0,0.0,0.0,0.0,0.0,,0.0,0.0,0.0,0.0,5
477,549067,Abbott,DEF,Nott'm Forest,Coventry City,1,2,40,0.2,u,0.0,Has joined Southampton on loan for the rest of the season,0.0,0.0,0.0,0.0,0.0,,0.0,0.0,0.0,0.0,5
471,227444,Milenković,DEF,Nott'm Forest,Coventry City,1,2,55,1.3,i,0.0,Hamstring injury - Expected back 11 Oct,0.0,0.0,0.0,0.0,0.0,,0.0,0.0,0.0,0.0,5
133,549074,Watson,MID,Brighton,Arsenal,1,4,50,0.0,u,0.0,Has joined Leicester City on loan for the rest of the season,0.0,0.0,0.0,0.0,0.0,,0.0,0.0,0.0,0.0,5
123,532529,Hinshelwood,MID,Brighton,Arsenal,1,4,59,0.7,i,0.0,Ankle injury - Expected back 10 Oct,0.0,0.0,0.0,0.0,0.0,,0.0,0.0,0.0,0.0,5
130,467779,Wieffer,DEF,Brighton,Arsenal,1,4,49,0.2,i,0.0,Knee injury - Unknown return date,0.0,0.0,0.0,0.0,0.0,,0.0,0.0,0.0,0.0,5
128,536916,Buonanotte,MID,Brighton,Arsenal,1,4,50,0.0,u,0.0,Has joined Elche on loan for the rest of the season,0.0,0.0,0.0,0.0,0.0,,0.0,0.0,0.0,0.0,5
118,223434,Igor,DEF,Brighton,Arsenal,1,4,45,0.0,u,0.0,Has joined Burnley permanently,0.0,0.0,0.0,0.0,0.0,,0.0,-0.0,0.0,0.0,5
107,593174,Furo,FWD,Brentford,Chelsea,1,4,45,1.0,i,0.0,Unspecified injury - Unknown return date,0.0,0.0,0.0,0.0,0.0,,0.0,0.0,0.0,0.0,5
484,503301,Hutchinson,MID,Nott'm Forest,Coventry City,1,2,54,0.1,u,0.0,Has joined AC Milan on loan for the rest of the season,0.0,0.0,0.0,0.0,0.0,,0.0,0.0,0.0,0.0,5
97,207283,Jensen,MID,Brentford,Chelsea,1,4,54,0.1,i,0.0,Unspecified injury - Expected back 10 Oct,0.0,0.0,0.0,0.0,0.0,,0.0,0.0,0.0,0.0,5
485,476887,Bakwa,MID,Nott'm Forest,Coventry City,1,2,55,0.0,u,0.0,Has joined Lille on loan for the rest of the season,0.0,0.0,0.0,0.0,0.0,,0.0,0.0,0.0,0.0,5
77,489888,Adli,MID,Bournemouth,Liverpool,1,4,49,0.0,i,0.0,Calf injury - Unknown return date,0.0,0.0,0.0,0.0,0.0,,0.0,0.0,0.0,0.0,5
103,183656,Dasilva,MID,Brentford,Chelsea,1,4,49,0.0,i,0.0,Hamstring injury - Expected back 10 Oct,0.0,0.0,0.0,0.0,0.0,,0.0,0.0,0.0,0.0,5
99,543295,Milambo,MID,Brentford,Chelsea,1,4,50,0.0,i,0.0,Knee injury - Unknown return date,0.0,0.0,0.0,0.0,0.0,,0.0,0.0,0.0,0.0,5
80,168636,Enes Ünal,FWD,Bournemouth,Liverpool,1,4,55,0.0,u,0.0,Has joined Getafe permanently,0.0,0.0,0.0,0.0,0.0,,0.0,0.0,0.0,0.0,5
78,560262,Kroupi.Jr,MID,Bournemouth,Liverpool,1,4,74,0.2,i,0.0,Foot injury - Expected back 7 Nov,0.0,0.0,0.0,0.0,0.0,,0.0,0.0,0.0,0.0,5
85,444765,Van den Berg,DEF,Brentford,Chelsea,1,4,49,0.1,i,0.0,Groin injury - Unknown return date,0.0,0.0,0.0,0.0,0.0,,0.0,0.0,0.0,0.0,5
475,500151,Savona,DEF,Nott'm Forest,Coventry City,1,2,45,0.0,i,0.0,Knee injury - Unknown return date,0.0,0.0,0.0,0.0,0.0,,0.0,0.0,0.0,0.0,5
479,538638,Bindon,DEF,Nott'm Forest,Coventry City,1,2,40,0.1,u,0.0,Has joined Charlton Athletic on loan for the rest of the season,0.0,0.0,0.0,0.0,0.0,,0.0,0.0,0.0,0.0,5
135,700308,Yohanna,MID,Brighton,Arsenal,1,4,49,0.0,i,0.0,Unspecified injury - Expected back 10 Oct,0.0,0.0,0.0,0.0,0.0,,0.0,0.0,0.0,0.0,5
137,608181,Tzimas,FWD,Brighton,Arsenal,1,4,54,0.0,i,0.0,Knee injury - Unknown return date,0.0,0.0,0.0,0.0,0.0,,0.0,0.0,0.0,0.0,5
132,597320,Howell,MID,Brighton,Arsenal,1,4,45,0.0,u,0.0,Has joined Leicester City on loan for the rest of the season,0.0,0.0,0.0,0.0,0.0,,0.0,0.0,0.0,0.0,5
494,184254,Vicario,GK,Spurs,Aston Villa,1,3,45,0.1,u,0.0,Has joined Juventus on loan for the rest of the season,0.0,0.0,0.0,0.0,0.0,,0.0,0.0,0.0,0.0,5
65,436893,J.Araujo,DEF,Bournemouth,Liverpool,1,4,44,0.0,i,0.0,Thigh injury - Unknown return date,0.0,0.0,0.0,0.0,0.0,,0.0,0.0,0.0,0.0,5
63,620487,Milosavljević,DEF,Bournemouth,Liverpool,1,4,49,0.0,i,0.0,Thigh injury - Unknown return date,0.0,0.0,0.0,0.0,0.0,,0.0,0.0,0.0,0.0,5
59,444172,Dennis,GK,Bournemouth,Liverpool,1,4,40,0.1,u,0.0,Has joined MK Dons permanently,0.0,0.0,0.0,0.0,0.0,,0.0,0.0,0.0,0.0,5
84,432830,Collins,DEF,Brentford,Chelsea,1,4,54,1.1,i,0.0,Calf injury - Unknown return date,0.0,0.0,0.0,0.0,0.0,,0.0,0.0,0.0,0.0,5
505,232859,Spence,DEF,Spurs,Aston Villa,1,3,45,0.2,u,0.0,Has joined Internazionale permanently,0.0,0.0,0.0,0.0,0.0,,0.0,-0.0,0.0,0.0,5
55,178301,Watkins,FWD,Aston Villa,Spurs,0,3,78,2.7,u,0.0,Has joined Al Hilal permanently,0.0,0.0,0.0,0.0,0.0,,0.0,0.0,0.0,0.0,5
500,221632,Romero,DEF,Spurs,Aston Villa,1,3,50,0.1,u,0.0,Has joined Atletico Madrid permanently,0.0,0.0,0.0,0.0,0.0,,0.0,0.0,0.0,0.0,5
283,449428,Jacob,DEF,Hull City,Newcastle,0,3,40,0.0,u,0.0,Has joined Newport County on loan until January,0.0,0.0,0.0,0.0,0.0,,0.0,0.0,0.0,0.0,5
281,433590,Drameh,DEF,Hull City,Newcastle,0,3,40,0.0,u,0.0,Has joined Genoa permanently,0.0,0.0,0.0,0.0,0.0,,0.0,0.0,0.0,0.0,5
582,690838,Madjo,FWD,Aston Villa,Spurs,0,3,54,0.2,i,0.0,Unspecified injury - Unknown return date,0.0,0.0,0.0,0.0,0.0,,0.0,0.0,0.0,0.0,5
287,232905,Millar,MID,Hull City,Newcastle,0,3,50,0.0,u,0.0,Has joined Birmingham on loan for the rest of the season,0.0,0.0,0.0,0.0,0.0,,0.0,0.0,0.0,0.0,5
632,626751,Ansah,FWD,Hull City,Newcastle,0,3,50,0.0,i,0.0,Back injury - Unknown return date,0.0,0.0,0.0,0.0,0.0,,0.0,0.0,0.0,0.0,5
293,490161,Kamara,MID,Hull City,Newcastle,0,3,50,0.0,u,0.0,Has joined Portsmouth permanently,0.0,0.0,0.0,0.0,0.0,,0.0,0.0,0.0,0.0,5
507,548308,Phillips,DEF,Spurs,Aston Villa,1,3,45,0.0,u,0.0,Has joined Middlesbrough permanently,0.0,0.0,0.0,0.0,0.0,,0.0,0.0,0.0,0.0,5
511,616221,Souza,DEF,Spurs,Aston Villa,1,3,40,0.2,u,0.0,Has joined FC Porto on loan for the rest of the season,0.0,0.0,0.0,0.0,0.0,,0.0,0.0,0.0,0.0,5
307,222018,Johnson,DEF,Ipswich Town,Everton,0,3,40,0.1,u,0.0,Has joined Stoke City on loan for the rest of the season,0.0,0.0,0.0,0.0,0.0,,0.0,0.0,0.0,0.0,5
291,465525,Matazo,MID,Hull City,Newcastle,0,3,45,0.0,i,0.0,Knee injury - Unknown return date,0.0,0.0,0.0,0.0,0.0,,0.0,0.0,0.0,0.0,5
312,231899,Taylor,MID,Ipswich Town,Everton,0,3,45,0.0,i,0.0,Knee injury - Unknown return date,0.0,0.0,0.0,0.0,0.0,,0.0,0.0,0.0,0.0,5
311,149929,Burns,MID,Ipswich Town,Everton,0,3,50,0.0,u,0.0,Has joined Leicester City permanently,0.0,0.0,0.0,0.0,0.0,,0.0,0.0,0.0,0.0,5
607,571380,Lynch,MID,Aston Villa,Spurs,0,3,45,0.1,u,0.0,Has joined Oxford United on loan until January,0.0,0.0,0.0,0.0,0.0,,0.0,0.0,0.0,0.0,5
618,119090,Goretzka,MID,Aston Villa,Spurs,0,3,59,0.0,i,0.0,Knee injury - Expected back 10 Oct,0.0,0.0,0.0,0.0,0.0,,0.0,0.0,0.0,0.0,5
513,493362,Xavi,MID,Spurs,Aston Villa,1,3,59,0.0,i,0.0,Knee injury - Unknown return date,0.0,0.0,0.0,0.0,0.0,,0.0,0.0,0.0,0.0,5
517,550839,Odobert,MID,Spurs,Aston Villa,1,3,55,0.0,i,0.0,Knee injury - Unknown return date,0.0,0.0,0.0,0.0,0.0,,0.0,0.0,0.0,0.0,5
518,482442,P.M.Sarr,MID,Spurs,Aston Villa,1,3,49,0.1,u,0.0,Has joined Juventus on loan for the rest of the season,0.0,0.0,0.0,0.0,0.0,,0.0,0.0,0.0,0.0,5
521,445044,Kulusevski,MID,Spurs,Aston Villa,1,3,65,0.0,i,0.0,Knee injury - Unknown return date,0.0,0.0,0.0,0.0,0.0,,0.0,0.0,0.0,0.0,5
523,499721,Moore,MID,Spurs,Aston Villa,1,3,50,0.1,u,0.0,Has joined FC Köln on loan for the rest of the season,0.0,0.0,0.0,0.0,0.0,,0.0,0.0,0.0,0.0,5
527,212319,Richarlison,FWD,Spurs,Aston Villa,1,3,59,0.8,u,0.0,not included in squad.,0.0,0.0,0.0,0.0,0.0,,0.0,0.0,0.0,0.0,5
39,578545,Nedeljkovic,DEF,Aston Villa,Spurs,0,3,40,0.1,u,0.0,Has joined Rangers on loan for the rest of the season,0.0,0.0,0.0,0.0,0.0,,0.0,0.0,0.0,0.0,5
44,215711,Bailey,MID,Aston Villa,Spurs,0,3,54,0.1,u,0.0,Has joined Olympiakos permanently,0.0,0.0,0.0,0.0,0.0,,0.0,0.0,0.0,0.0,5
48,449871,Onana,MID,Aston Villa,Spurs,0,3,49,0.0,i,0.0,Knee injury - Unknown return date,0.0,0.0,0.0,0.0,0.0,,0.0,0.0,0.0,0.0,5
49,469247,Iling Jr,MID,Aston Villa,Spurs,0,3,50,0.0,u,0.0,Has joined Bolton Wanderers on loan for the rest of the season,0.0,0.0,0.0,0.0,0.0,,0.0,0.0,0.0,0.0,5
