id,player_code,web_name,position,team_name,opponent_name,was_home,fdr,now_cost,selected_by_percent,status,chance_of_playing_next_round,news,ep_next,pred_minutes,pred_defcon,pred_points,pred_points_decomposed,pred_points_tabfm,e_points_final,pred_points_p10,pred_points_p90,e_points_p90,event
368,424876,Szoboszlai,MID,Liverpool,Man City,1,4,70,32.9,a,,,3.0,89.77777777777777,0.02666666666666667,6.690075235417915,6.673556531132932,,6.726889864466266,0.7387414229539787,10.718218075321966,10.745086672666849,6
452,208706,Bruno G.,MID,Arsenal,Leeds,1,3,67,1.8,a,100.0,,2.2,84.6896551724138,0.07214428857715431,6.8511950023242125,6.446948247397803,,6.591236824552111,0.837660613385597,12.314806933116932,11.732474718049014,6
411,223094,Haaland,FWD,Man City,Liverpool,0,4,156,73.7,a,,,9.2,86.72571428576741,0.0012674271229404308,6.789564511939284,6.542553688747025,,6.5450885429929055,0.6765415905849322,13.065689667613137,12.592882288244995,6
155,448047,Enzo,MID,Man City,Liverpool,0,4,69,3.6,a,,,3.0,86.5,0.0356020942408377,6.086309761150288,5.849619937105555,,5.92082412558723,0.6189756293046669,10.175049141028502,9.850556974025736,6
106,502500,Thiago,FWD,Brentford,Aston Villa,0,3,78,9.0,a,,,2.5,86.36842105263158,0.025380710659898477,5.788244341530316,5.55468360494225,,5.605445026262047,0.48315215701760267,9.758087814796959,9.415101833063543,6
40,244850,Rogers,MID,Chelsea,Bournemouth,1,3,77,40.4,a,,,5.2,89.66024796930999,0.0356020942408377,5.106589798481685,5.087312306771296,,5.158516495252972,0.6927145110364601,9.724195906679213,9.758691036203981,6
5,445122,J.Timber,DEF,Arsenal,Leeds,1,3,65,0.4,a,100.0,,0.2,81.73333333333333,0.0356020942408377,5.455101385855346,4.954040221524929,,5.0252444100066045,0.0,14.041154890770645,12.82265300039635,6
498,221466,Senesi,DEF,Spurs,Man Utd,0,4,58,3.5,a,,,0.0,88.86486486486487,0.25784753363228696,4.48920510600911,4.432584501068455,,4.948279568333028,0.07701667681485985,8.934250035267983,9.337260867853502,6
237,440993,Ndiaye,MID,Man City,Liverpool,0,4,58,6.8,a,,,3.2,86.90625,0.0356020942408377,4.928761916131105,4.759335725264098,,4.830539913745773,0.08475064398931881,9.782595646969174,9.517523110086282,6
426,141746,B.Fernandes,MID,Man Utd,Spurs,1,2,119,38.6,a,,,7.2,90.0,0.012345679012345678,4.75847567336875,4.75847567336875,,4.783167031393441,0.6765415905849322,11.172189123916013,11.196880481940704,6
208,232185,Sarr,MID,Crystal Palace,Nott'm Forest,1,3,62,0.6,a,100.0,,0.2,77.60714285714286,0.0012674271229404308,5.35687013790945,4.619237622887792,,4.621772477133673,-5.049248799494045e-13,15.290755815469828,13.18777786496649,6
356,97032,Virgil,DEF,Liverpool,Man City,1,4,65,16.2,a,,,5.8,90.0,0.10551558752997602,4.3740002056032035,4.3740002056032035,,4.585031380663155,0.676149481626282,9.394795251197987,9.60582642625794,6
12,223340,Saka,MID,Arsenal,Leeds,1,3,95,13.6,a,,,5.8,71.54838709677419,0.025380710659898477,5.646703394351725,4.489028003108289,,4.539789424428086,0.7335576174214944,11.232470669890622,8.980374305125316,6
481,215379,Anderson,MID,Man City,Liverpool,0,4,63,4.0,a,100.0,,3.2,87.6842105263158,0.10551558752997602,4.372925488689709,4.260405768512897,,4.471436943572849,0.8453371556016968,12.794420945189614,12.676238949730068,6
427,446008,Mbeumo,MID,Man Utd,Spurs,1,2,79,20.6,a,,,5.8,79.12121212121212,0.0012674271229404308,5.048414920846255,4.43818564253521,,4.440720496781091,0.809974471322232,11.405525371999435,10.029412546599593,6
69,503139,Scott,MID,Bournemouth,Chelsea,0,4,61,5.7,a,,,7.0,86.18883781291021,0.1552511415525114,4.291179460967008,4.109464117637521,,4.419966400742544,0.07324557379563096,7.905822882303677,7.881543240665755,6
226,111234,Pickford,GK,Everton,Hull City,0,2,55,9.1,a,,,4.5,90.0,0.0,4.366607134824247,4.366607134824247,,4.366607134824247,0.07695846113261748,6.986685881028517,6.986685881028517,6
384,204936,Donnarumma,GK,Man City,Liverpool,0,4,55,7.6,a,,,4.0,90.0,0.0,4.311398518132816,4.311398518132816,,4.311398518132816,0.00020837390854285809,8.104441852382509,8.104441852382509,6
367,243298,Gakpo,MID,Liverpool,Man City,1,4,72,12.6,a,100.0,,5.0,76.0,0.0031545741324921135,5.059187332291983,4.272202636157674,,4.278511784422658,0.07451425105235958,8.823216371979793,7.457025195714587,6
61,494521,Truffert,DEF,Bournemouth,Chelsea,0,4,54,3.0,a,,,2.2,88.89473684210526,0.10551558752997602,4.06578203807904,4.015851381471052,,4.226882556531003,0.7120441975443296,8.622886462017014,8.728022540175003,6
79,444102,Evanilson,FWD,Bournemouth,Chelsea,0,4,60,3.2,a,,,3.5,76.13888888888889,0.012345679012345678,4.938611576368698,4.17800442309463,,4.2026957811193215,0.09260701957654549,9.667898230616945,8.203613904358347,6
388,209036,Guéhi,DEF,Man City,Liverpool,0,4,60,18.3,a,,,5.0,90.0,0.1552511415525114,3.8073917904554464,3.8073917904554464,,4.117894073560469,0.07745099912841397,8.827876109884864,9.138378392989887,6
156,247632,Neto,MID,Chelsea,Bournemouth,1,3,65,1.4,a,,,3.2,77.32352941176471,0.012345679012345678,4.758351461620286,4.088139213267887,,4.112830571292578,0.6088644336319385,10.714610032765476,9.230152069181697,6
94,513418,Schade,MID,Brentford,Aston Villa,0,3,62,11.2,a,,,9.0,78.4,0.0031545741324921135,4.694698679833294,4.089604183321447,,4.095913331586432,0.07429106521888393,8.41153009226635,7.333686473083672,6
469,215136,N.Williams,DEF,Nott'm Forest,Crystal Palace,0,3,50,8.8,a,,,4.2,86.56756756756756,0.10416666666666667,4.015658647563671,3.862508903347279,,4.070842236680612,0.1070176148148728,7.375366414130944,7.302417004342766,6
239,232928,Garner,MID,Everton,Hull City,0,2,60,0.2,a,100.0,,2.5,89.8157894736842,0.15549339458773678,3.748948600110135,3.741275313501722,,4.052262102677195,0.7411504932452738,7.4435329124162894,7.739284400309039,6
512,460842,Kudus,MID,Spurs,Man Utd,0,4,65,0.2,a,100.0,,1.8,80.78947368421052,0.025380710659898477,4.41756272701303,3.965472974248539,,4.016234395568336,0.0,14.47337227868477,13.042940630548523,6
1,154561,Raya,GK,Arsenal,Leeds,1,3,61,42.2,a,,,6.0,90.0,0.0,4.002288599881275,4.002288599881275,,4.002288599881275,0.08661403208833098,8.002961005876841,8.002961005876841,6
112,469142,Van Hecke,DEF,Spurs,Man Utd,0,4,49,6.6,a,,,5.8,89.16666666666667,0.18518518518518517,3.6566611270793006,3.6228031536804184,,3.9931735240507886,8.239308479084444e-05,8.424548039119003,8.716913335053087,6
503,491279,Van de Ven,DEF,Spurs,Man Utd,0,4,50,3.8,a,100.0,,4.0,86.88571428571429,0.18518518518518517,3.734569887306775,3.6053419134285405,,3.9757122837989107,0.07604966412311771,8.47770045207341,8.554715473467272,6
201,247348,Muñoz,DEF,Nott'm Forest,Crystal Palace,0,3,54,5.7,a,,,1.2,82.75862068965517,0.07214428857715431,4.116443409259178,3.785235318859014,,3.9295238960133227,-5.751273633779214e-13,13.95366309633159,12.975243148493702,6
200,437499,Lacroix,DEF,Chelsea,Bournemouth,1,3,59,6.8,a,,,1.8,88.14285714285714,0.25784753363228696,3.4855253337552554,3.41360179512221,,3.929296862386784,0.035662811803563184,9.718152283592637,10.033314049767204,6
496,485055,Kinsky,GK,Spurs,Man Utd,0,4,45,17.3,a,,,4.0,90.0,0.0,3.9057744230611595,3.9057744230611595,,3.9057744230611595,0.00012602098493544016,7.754931192157886,7.754931192157886,6
31,199798,Konsa,DEF,Arsenal,Leeds,1,3,46,19.4,a,,,3.0,89.26470588235294,0.25784753363228696,3.403834310489703,3.376025206645833,,3.891720273910407,8.166224112488643e-05,6.953109144093241,7.411997764102152,6
525,551226,Fernandes,MID,Spurs,Man Utd,0,4,57,0.8,a,,,1.5,83.80555555555556,0.25784753363228696,3.6170118407229963,3.3680631862534818,,3.8837582535180557,0.689262843411747,8.354042834415058,8.29475285474304,6
67,499604,Rayan,MID,Bournemouth,Chelsea,0,4,63,1.6,a,,,2.0,74.0,0.07214428857715431,4.517022700613963,3.713996442727036,,3.858285019881345,0.635383326054373,11.086219284018723,9.259624432903035,6
351,449027,Mamardashvili,GK,Liverpool,Man City,1,4,49,0.1,a,,,0.0,86.7,0.0,3.9729803916356228,3.827304443942317,,3.827304443942317,0.0001652551013276954,8.73826236620377,8.417859412776298,6
229,17761,Tarkowski,DEF,Everton,Hull City,0,2,61,16.2,a,,,9.2,90.0,0.18518518518518517,3.450259347530574,3.450259347530574,,3.8206297179009443,0.7474499571530938,8.31247891365714,8.68284928402751,6
68,201658,Tavernier,MID,Bournemouth,Chelsea,0,4,61,6.7,a,,,5.2,80.3529411764706,0.04570383912248629,4.1574731705720405,3.7118355235303317,,3.803243201775304,0.7017761290969197,9.466039517418952,8.542786750659541,6
28,98980,Martinez,GK,Chelsea,Bournemouth,1,3,50,4.8,a,,,2.2,88.59375,0.0,3.811041394694389,3.751493872902289,,3.751493872902289,0.07527780452075794,7.000658237115939,6.891272952161002,6
387,472769,O'Reilly,DEF,Man City,Liverpool,0,4,63,11.0,a,100.0,,1.0,84.67921211436474,0.037815126050420166,3.8363093270108997,3.6095072359807983,,3.6851374880816388,0.5294735390561134,9.498638473207556,9.0127104973276,6
535,201895,Alderete,DEF,Sunderland,Brighton,1,3,48,0.2,a,100.0,,0.0,84.75757575757575,0.18518518518518517,3.5107495436029548,3.306251337864466,,3.676621708234836,0.0,11.292504838670778,11.005096307664028,6
472,575476,Murillo,DEF,Nott'm Forest,Crystal Palace,0,3,55,2.1,a,100.0,,4.8,85.2,0.15789473684210525,3.5373099428522172,3.3486534125667657,,3.6644428862509764,3.8571146144153075e-10,12.197382316482727,11.862644733287858,6
544,84450,Xhaka,MID,Sunderland,Brighton,1,3,55,3.6,a,,,3.0,85.32352941176471,0.18518518518518517,3.4697220142367597,3.2894325370264186,,3.659802907396789,8.252706727657684e-05,7.599767168260698,7.575247675966542,6
350,116535,A.Becker,GK,Liverpool,Man City,1,4,55,4.0,a,,,6.2,90.0,0.0,3.624310748441287,3.624310748441287,,3.624310748441287,0.07598165589359199,7.75025176780169,7.75025176780169,6
371,441266,Gravenberch,MID,Liverpool,Man City,1,4,58,1.1,a,,,1.0,83.08333333333333,0.037815126050420166,3.807320487541575,3.514720857480509,,3.5903511095813494,0.11583114108118941,9.365511408183217,8.721384765025531,6
468,221389,John,GK,Nott'm Forest,Crystal Palace,0,3,45,0.1,a,,,0.0,87.4,0.0,3.688013731910561,3.5814711129887002,,3.5814711129887002,-8.44301903506127e-09,7.825236069140007,7.599173693809296,6
529,498016,Roefs,GK,Sunderland,Brighton,1,3,49,2.5,a,,,2.5,90.0,0.0,3.5457069429941113,3.5457069429941113,,3.5457069429941113,0.07714319675803999,7.1123003372168405,7.1123003372168405,6
82,200720,Kelleher,GK,Brentford,Aston Villa,0,3,50,6.1,a,,,3.2,90.0,0.0,3.540573092276759,3.540573092276759,,3.540573092276759,0.07428143966383904,7.143426262376901,7.143426262376901,6
124,60307,Groß,MID,Brighton,Sunderland,0,3,58,28.4,a,,,11.2,86.10526315789474,0.04570383912248629,3.5993651127345023,3.4436031137038863,,3.5350107919488587,0.6966443511911856,8.43514030501665,8.161518519769675,6
57,457569,Petrović,GK,Bournemouth,Chelsea,0,4,45,3.0,a,,,1.8,90.0,0.0,3.531929047995725,3.531929047995725,,3.531929047995725,0.00020360751103651136,7.932187543595341,7.932187543595341,6
473,159506,Aina,DEF,Nott'm Forest,Crystal Palace,0,3,44,2.4,a,,,0.8,88.16666666666667,0.1552511415525114,3.1729624683540774,3.1083280477024204,,3.4188303308074435,-4.1013412315799566e-14,6.950275219687918,7.11919782239189,6
60,463981,Hill,DEF,Bournemouth,Chelsea,0,4,55,0.8,a,,,2.8,80.53901625080454,0.25784753363228696,3.198809742516198,2.862544331508266,,3.37823939877284,0.07324557392601704,7.629938155198672,7.343558545866568,6
372,243016,Mac Allister,MID,Liverpool,Man City,1,4,54,1.3,a,,,2.5,85.18059152236636,0.0356020942408377,3.4800182860774083,3.2936668457413907,,3.364871034223066,0.44403933654434735,7.681161834970822,7.341047618279893,6
611,214590,Wan-Bissaka,DEF,Aston Villa,Brentford,1,3,45,0.2,a,,,1.5,83.2,0.04570383912248629,3.511825226201245,3.2464873202215956,,3.337894998466568,1.1419805106483758e-09,8.700625739079221,8.134652805927098,6
497,67089,Dubravka,GK,Spurs,Man Utd,0,4,40,17.1,a,,,0.0,90.0,0.0,3.334881582647122,3.334881582647122,,3.334881582647122,0.00023900291355262416,8.813576943846591,8.813576943846591,6
423,106760,Shaw,DEF,Man Utd,Spurs,1,2,43,7.7,a,100.0,,2.0,84.73684210526316,0.07214428857715431,3.3880738840588025,3.1899409083828494,,3.334229485537158,8.804528637573906e-05,6.933537663676132,6.672356202018972,6
491,482973,Igor Jesus,FWD,Nott'm Forest,Crystal Palace,0,3,58,2.6,a,,,2.5,77.28547410166792,0.025380710659898477,3.7982299391780097,3.2616444621835754,,3.3124058835033723,0.5294735390561134,8.359980682810429,7.229706649673014,6
109,489639,Verbruggen,GK,Brighton,Sunderland,0,3,45,21.6,a,,,4.2,90.0,0.0,3.3108363371269447,3.3108363371269447,,3.3108363371269447,0.0002115645260529025,7.382392690926589,7.382392690926589,6
261,153133,Iwobi,MID,Fulham,Ipswich Town,0,2,54,0.7,a,,,3.0,83.44827586206897,0.04570383912248629,3.4549191353793427,3.20341161211418,,3.294819290359152,0.7219623548397591,6.927517444316427,6.514623086385108,6
136,50175,Welbeck,FWD,Chelsea,Bournemouth,1,3,59,1.0,a,100.0,,1.0,60.78378378378378,0.0012674271229404308,4.837151065807941,3.266892716817435,,3.269427571063316,8.963173469379041e-11,11.252627534386532,7.60228239924147,6
620,613804,Diouf,DEF,Brentford,Aston Villa,0,3,45,0.1,a,,,0.5,84.5625,0.07214428857715431,3.295650252326382,3.0965380495816635,,3.240826626735972,0.10565752672418986,7.135956530937868,6.84911440101468,6
105,444180,Anthony,MID,Brentford,Aston Villa,0,3,59,0.1,a,,,3.5,73.43243243243244,0.0356020942408377,3.8817085157980626,3.167147758985987,,3.2383519474676623,0.5261789602912149,8.440501063024096,6.957943344108243,6
526,154566,Solanke,FWD,Spurs,Man Utd,0,4,58,0.8,a,,,1.5,66.46666666666667,0.012195121951219513,4.337188777233367,3.203094230297531,,3.22748447419997,3.899902689364171e-10,16.046441190907046,11.874984219705643,6
335,466525,Stach,MID,Leeds,Arsenal,0,5,60,2.5,a,,,3.5,81.6896551724138,0.10551558752997602,3.260587289936607,2.959513904160851,,3.170545079220803,0.8066755676647258,8.117449767469523,7.578938645993016,6
533,200834,Mukiele,DEF,Sunderland,Brighton,1,3,54,1.9,a,100.0,,3.2,87.0,0.10551558752997602,3.0439518440381663,2.9424867825702274,,3.1535179576301795,0.47799382375753646,7.510281847599451,7.470970294406087,6
346,177815,Calvert-Lewin,FWD,Leeds,Arsenal,0,5,60,24.9,a,,,5.2,77.74285714285715,0.012195121951219513,3.6196344083646306,3.126674674654019,,3.151064918556458,0.7059142172429714,9.33384400181844,8.087053586425604,6
445,465642,Thiaw,DEF,Newcastle,Coventry City,0,2,50,2.2,a,,,2.8,84.65714285714286,0.18518518518518517,2.95318265583041,2.777866733087462,,3.148237103457832,8.410194666027822e-05,6.411889144983889,6.4016172073822,6
47,226944,Kamara,MID,Aston Villa,Brentford,1,3,50,0.3,a,100.0,,3.2,78.33333333333333,0.10551558752997602,3.353983733973756,2.9192080647549354,,3.1302392398148875,0.10673186453680851,6.756441168068162,6.091637376897055,6
83,507433,Valdimarsson,GK,Brentford,Aston Villa,0,3,45,0.1,a,,,0.0,90.0,0.0,3.1280411746100203,3.1280411746100203,,3.1280411746100203,0.0,7.351745349188879,7.351745349188879,6
54,448089,Gomes,MID,Aston Villa,Brentford,1,3,55,0.0,a,100.0,,1.0,83.76470215291992,0.10576923076923077,3.1166225569098134,2.900699557806914,,3.1122380193453756,0.07324557377455143,6.401216506383834,6.169271729022867,6
455,432422,Tonali,MID,Spurs,Man Utd,0,4,53,1.9,a,100.0,,3.0,72.4,0.18518518518518517,3.4070197555294075,2.7407581144481012,,3.1111284848184715,-1.8429812966020933e-08,8.932705942912389,7.556236040002115,6
88,607464,Kayode,DEF,Brentford,Aston Villa,0,3,46,7.6,a,,,2.5,88.05405405405405,0.10551558752997602,2.9541894564997455,2.890315089872724,,3.101346264932676,8.621458086490152e-05,7.422764123757224,7.473303101546749,6
2,109745,Arrizabalaga,GK,Arsenal,Leeds,1,3,49,0.1,a,,,0.0,90.0,0.0,3.0897278538459774,3.0897278538459774,,3.0897278538459774,0.07921896671094975,6.54426221518404,6.54426221518404,6
4,226597,Gabriel,DEF,Arsenal,Leeds,1,3,80,22.8,a,,,5.0,74.21647741829706,0.1552511415525114,3.356667790444552,2.7680006585583685,,3.078502941663391,0.0,8.050925332039165,6.94951692867925,6
412,465247,Lammens,GK,Man Utd,Spurs,1,2,49,9.9,a,,,2.5,90.0,0.0,3.0585977601112644,3.0585977601112644,,3.0585977601112644,0.07484578880255273,6.700563301847573,6.700563301847573,6
86,249231,Lewis-Potter,MID,Brentford,Aston Villa,0,3,55,1.7,a,,,3.0,78.11492416554627,0.07214428857715431,3.3499940814098172,2.907605929159519,,3.0518945063138276,0.45699140190843623,7.655232227086959,6.788598409249238,6
19,481655,Zubimendi,MID,Arsenal,Leeds,1,3,53,0.6,a,,,1.0,78.71052631578948,0.07214428857715431,3.3237020009321108,2.9067814867801007,,3.0510700639344095,0.05369039213609831,7.505615025046092,6.708409787655146,6
480,222531,Gibbs-White,MID,Nott'm Forest,Crystal Palace,0,3,80,15.7,a,100.0,,6.5,83.8108108108108,0.010899182561307902,3.1704386211877496,2.952411460751715,,2.974209825874331,0.7272587519170359,11.643493118249852,10.864582797462793,6
542,484420,E.Le Fée,MID,Sunderland,Brighton,1,3,57,3.4,a,,,4.0,81.69458767245033,0.07214428857715431,3.1123915561472506,2.825172720607396,,2.969461297761705,0.6765415905849322,9.209718096058541,8.504112159787717,6
250,80201,Leno,GK,Fulham,Ipswich Town,0,2,45,3.3,a,,,4.0,90.0,0.0,2.9624332119782943,2.9624332119782943,,2.9624332119782943,0.0002000889150252121,6.421554851899022,6.421554851899022,6
41,195546,Buendía,MID,Aston Villa,Brentford,1,3,59,1.0,a,,,4.8,73.90354873891802,0.10551558752997602,3.3493966291674995,2.750358855884978,,2.96139003094493,0.631077455219603,8.29328158479832,7.021063839590107,6
531,515046,Ellborg,GK,Sunderland,Brighton,1,3,45,0.1,a,,,0.0,90.0,0.0,2.953898958312639,2.953898958312639,,2.953898958312639,0.00013324323472279538,6.777131888076565,6.777131888076565,6
91,231065,Pinnock,DEF,Coventry City,Newcastle,1,3,45,0.1,a,,,3.5,79.5,0.34408602150537637,2.549432628051692,2.251998821445661,,2.940170864456414,-1.3191627504368513e-09,6.151776586800609,6.122241361351291,6
231,106611,Keane,DEF,Everton,Hull City,0,2,48,0.7,a,,,0.0,82.98040621326162,0.25784753363228696,2.6203018245442875,2.4159301089115064,,2.9316251761760803,0.1002636036063729,6.027749510953813,6.07330732249498,6
623,79602,Bentley,GK,Coventry City,Newcastle,1,3,40,0.6,a,,,0.0,90.0,0.0,2.912933148350876,2.912933148350876,,2.912933148350876,0.0001390072915138395,6.739394302297843,6.739394302297843,6
33,149484,Mings,DEF,Aston Villa,Brentford,1,3,45,0.4,a,,,2.2,80.57252091846705,0.25784753363228696,2.6451228348287534,2.3680468326794957,,2.8837418999440696,2.5427571696084453e-08,6.345917575113866,6.19687925135046,6
199,121709,Benitez,GK,Crystal Palace,Nott'm Forest,1,3,45,0.1,a,,,2.0,90.0,0.0,2.882679630116942,2.882679630116942,,2.882679630116942,0.00012877033671212013,7.232613992417469,7.232613992417469,6
640,431639,Flemming,FWD,Ipswich Town,Fulham,1,2,55,0.1,a,,,2.0,74.76680812351078,0.0031545741324921135,3.448512061600248,2.864824884680871,,2.871134032945855,0.1002636036063729,7.96263189628757,6.621204383241425,6
236,215413,Dewsbury-Hall,MID,Everton,Hull City,0,2,66,6.0,a,,,2.2,84.80645161290323,0.10551558752997602,2.8116489122538932,2.649399638105909,,2.860430813165861,0.5466603195010981,7.539690943028915,7.315636009906911,6
516,202993,Bentancur,MID,Spurs,Man Utd,0,4,55,0.2,a,,,3.5,72.3076923076923,0.125,3.23526209928368,2.5992704045527004,,2.8492704045527004,0.07532372092677501,6.900554786762022,5.79403546970624,6
501,135720,Danso,DEF,Sunderland,Brighton,1,3,50,0.2,a,,,0.8,80.26546391804206,0.25784753363228696,2.614827624248418,2.3320039147334555,,2.8476989819980294,0.07316662063883378,6.567887270472423,6.373189719774263,6
203,651426,Canvot,DEF,Crystal Palace,Nott'm Forest,1,3,48,0.2,a,,,2.2,78.40929368491688,0.25784753363228696,2.6738034187902464,2.329455972440658,,2.845151039705232,0.07316659516906462,6.413598315511421,6.103314110575942,6
113,231416,F.Kadıoğlu,DEF,Brighton,Sunderland,0,3,44,1.6,a,100.0,,3.2,84.71493714157502,0.07214428857715431,2.8519827508379225,2.684505994067676,,2.8287945712219846,0.07518454458591323,6.531185842563741,6.291944111740221,6
442,98747,Pope,GK,Newcastle,Coventry City,0,2,49,0.9,a,,,0.0,89.48148148148148,0.0,2.8333384122137155,2.81701465181413,,2.81701465181413,0.07598522136125008,6.257513703157068,6.22146218387962,6
385,432720,Trafford,GK,Leeds,Arsenal,0,5,50,5.5,a,,,4.8,90.0,0.0,2.8116594024892,2.8116594024892,,2.8116594024892,0.08240737267398847,6.814117348462495,6.814117348462495,6
154,244851,Palmer,MID,Chelsea,Bournemouth,1,3,97,25.9,d,75.0,Muscular injury - 75% chance of playing,2.8,63.00256193205255,0.002365930599369085,4.001236095944208,2.8009791659943235,,2.8057110271930616,0.3427435714563607,7.862219620582107,5.50850940085566,6
15,184029,Ødegaard,MID,Arsenal,Leeds,1,3,68,19.8,a,,,4.5,68.55029789506399,0.03258145363408521,3.5623801753172715,2.713358024816325,,2.7785209320844952,0.5009545278084093,7.9814371672117455,6.144383967747069,6
514,511499,Tel,MID,Spurs,Man Utd,0,4,57,0.2,a,,,1.5,64.38699802557346,0.037815126050420166,3.7676025281391805,2.6953846282271443,,2.771014880327985,0.676462611952844,7.749044288863802,5.619382466847005,6
390,171314,Rúben,DEF,Man City,Liverpool,0,4,55,1.9,a,,,3.8,82.26923076923077,0.07214428857715431,2.8543460623933914,2.6091650544698566,,2.7534536316241653,8.345464845801785e-05,7.609225936646871,7.0999015166789485,6
459,547719,L.Miley,MID,Newcastle,Coventry City,0,2,55,0.1,a,100.0,,2.2,81.56117341428892,0.18518518518518517,2.6249334889114833,2.378807283223155,,2.749177653593525,0.07316659516906462,6.099358435809278,5.8978240492475535,6
534,487676,Hume,DEF,Sunderland,Brighton,1,3,43,2.8,a,,,2.0,80.64605215116387,0.03258145363408521,2.9887396508355546,2.6781117083059494,,2.7432746155741197,0.1022025361561225,6.455905797361432,5.850088636346073,6
259,219924,Diop,DEF,Ipswich Town,Fulham,1,2,40,12.8,a,,,2.5,64.60533731680356,0.10576923076923077,3.515107056813972,2.5232741901127027,,2.7348126516511644,-2.5797432336399634e-09,5.946350777012334,4.480049547682004,6
467,85633,Sels,GK,Nott'm Forest,Crystal Palace,0,3,50,1.6,a,,,3.0,86.03225806451613,0.0,2.8536243068280513,2.7278193642689654,,2.7278193642689654,0.0734384827518253,6.498519282105948,6.212025421281923,6
257,232892,Bassey,DEF,Fulham,Ipswich Town,0,2,45,0.7,a,,,3.8,84.4,0.1552511415525114,2.5719327511602863,2.4119013799769795,,2.7224036630820025,7.948376050299832e-05,5.877821640151016,5.822592798979976,6
428,430871,Cunha,MID,Man Utd,Spurs,1,2,79,5.8,a,,,6.0,78.88470258547751,0.037815126050420166,3.0190503858220263,2.6461876864015745,,2.721817938502415,0.6765415905849322,8.688350206847257,7.690940496829929,6
482,209046,Hudson-Odoi,MID,Nott'm Forest,Crystal Palace,0,3,58,0.1,a,100.0,,0.2,74.3733422056715,0.0356020942408377,3.200303937353775,2.644636665499669,,2.7158408539813443,0.6481015579427148,7.5661084317497025,6.323612761367644,6
519,232787,Gallagher,MID,Spurs,Man Utd,0,4,53,0.2,a,,,2.2,74.06747063640135,0.10576923076923077,2.9733561065170657,2.446988512344638,,2.6585269738830997,0.07316662063883378,6.680871761370163,5.70970816165899,6
331,243526,Gudmundsson,DEF,Leeds,Arsenal,0,5,45,0.1,a,100.0,,3.5,82.40625,0.07214428857715431,2.7370423914950175,2.5061044397126255,,2.6503930168669343,-1.5078352671874466e-08,6.376623620864872,5.982884580008707,6
418,95658,Maguire,DEF,Man Utd,Spurs,1,2,48,8.7,a,,,2.2,80.4566979835871,0.25784753363228696,2.3535240606916035,2.103964161646332,,2.6196592289109057,0.45699140190843623,6.244611149515508,6.098148325948017,6
571,216055,Florentino,MID,Ipswich Town,Fulham,1,2,48,0.1,a,100.0,,0.5,77.43447331344632,0.25784753363228696,2.4240576639692044,2.085618094343093,,2.601313161607667,0.07324557377455143,4.87684668873742,4.711651231406872,6
389,465351,Matheus N.,DEF,Man City,Liverpool,0,4,59,1.0,a,100.0,,2.5,84.1470588235294,0.07214428857715431,2.620384316461147,2.449973702416778,,2.594262279571087,0.07735106552853349,7.429313833981216,7.090454223892955,6
545,577669,Sadiki,MID,Sunderland,Brighton,1,3,49,0.2,a,,,2.0,87.60606060606061,0.1552511415525114,2.3205542680411284,2.2588290871740413,,2.5693313702790643,-5.794467626904525e-07,5.7832700372915005,5.939941231862507,6
447,220237,Botman,DEF,Newcastle,Coventry City,0,2,50,0.7,a,,,3.0,77.8736263599678,0.34408602150537637,2.17106235745868,1.878538875876979,,2.5667109188877317,0.07324557377455143,5.797554673740635,5.7045787815036775,6
8,466075,Calafiori,DEF,Arsenal,Leeds,1,3,58,50.5,a,,,5.0,65.26923076923077,0.012195121951219513,3.5012072936700553,2.5391234091273867,,2.5635136530298257,-4.378504452107288e-13,11.281548224072683,8.2059232935825,6
16,248857,Madueke,MID,Arsenal,Leeds,1,3,62,0.2,a,,,0.2,64.26536463431252,0.025380710659898477,3.496408549996944,2.4966441152897945,,2.5474055366095913,0.6223555006219424,8.112132344666769,5.843307455673246,6
232,512462,O'Brien,DEF,Everton,Hull City,0,2,48,0.3,a,,,0.5,84.27027027027027,0.04570383912248629,2.6195136001658703,2.4527457673625177,,2.54415344560749,7.316625127597214e-11,9.636296549598935,9.11422228534692,6
127,514254,Gomez,MID,Brighton,Sunderland,0,3,50,4.0,a,,,4.5,66.15625,0.012195121951219513,3.4007392497078155,2.499779510983141,,2.52416975488558,-3.4904676313412153e-09,8.5490883906339,6.308563897712149,6
102,508395,Yarmoliuk,MID,Brentford,Aston Villa,0,3,48,0.6,a,,,2.0,75.40320374588063,0.25784753363228696,2.3699510102386903,1.9855766543642621,,2.501271721628836,0.07324557379563096,5.334912607463327,4.985356204009291,6
417,216051,Dalot,DEF,Man Utd,Spurs,1,2,49,1.6,a,,,1.8,78.98485174714843,0.10551558752997602,2.560135263078269,2.2467989356320435,,2.4578301106919955,7.84554461605852e-05,6.246399390833832,5.692930395487601,6
256,167074,Tete,DEF,Fulham,Ipswich Town,0,2,44,0.2,a,100.0,,0.0,81.4090909090909,0.1552511415525114,2.3704403094079045,2.144171007146241,,2.4546732902512636,-3.951341774072113e-14,5.880401011965922,5.629592289383288,6
488,210462,I.Sangaré,MID,Nott'm Forest,Crystal Palace,0,3,49,0.4,a,100.0,,0.5,74.03571428571429,0.18518518518518517,2.5302683849768415,2.0814469690702353,,2.4518173394406055,0.00011788978029761462,5.472671910490958,4.8722945253099565,6
539,167512,O'Nien,DEF,Sunderland,Brighton,1,3,39,2.5,a,,,0.0,77.04428083044083,0.25784753363228696,2.254011036697631,1.9295406589582815,,2.4452357262228555,-2.663996157753744e-11,5.7274084778963585,5.418629147283404,6
536,434399,Reinildo,DEF,Sunderland,Brighton,1,3,44,0.3,a,100.0,,1.5,79.92495270234483,0.10551558752997602,2.5137411826735847,2.2323405014569175,,2.4433716765168696,-3.8424976113534814e-14,6.504008085384783,5.98694827061603,6
238,114283,Grealish,MID,Everton,Hull City,0,2,65,0.5,a,100.0,,1.2,81.35,0.10551558752997602,2.4570631530854126,2.2209120833722036,,2.4319432584321556,0.7029580359676673,7.170719502613522,6.692564858811174,6
421,606745,Heaven,DEF,Man Utd,Spurs,1,2,44,0.3,a,,,0.0,73.31367566499064,0.18518518518518517,2.524753516894047,2.0566551163512736,,2.427025486721644,-1.4185533550502055e-08,6.2229361935004315,5.439551767861727,6
222,247412,Strand Larsen,FWD,Crystal Palace,Nott'm Forest,1,3,60,0.6,a,,,3.2,63.916666666666664,0.012195121951219513,3.3698118502159113,2.3931904528848182,,2.4175806967872573,0.07856759719720467,8.100581642435102,5.777303317742923,6
95,533463,O.Dango,MID,Brentford,Aston Villa,0,3,63,0.5,a,,,1.0,72.73065402893289,0.0031545741324921135,2.983316773796399,2.410873112596646,,2.41718226086163,0.6765415880132134,8.60573907782144,6.960765054179419,6
415,596777,Dorgu,MID,Man Utd,Spurs,1,2,58,0.5,a,,,2.5,51.69222258864709,0.010899182561307902,4.159798443653072,2.389213634146915,,2.4110119992695305,-2.8394058497912524e-09,7.6393771169702696,4.409535947000886,6
190,469272,Tchaouna,MID,Coventry City,Newcastle,1,3,54,0.1,a,,,0.8,67.76647228495028,0.04570383912248629,3.0757505563476757,2.3159196092461687,,2.407327287491141,0.5171274762617301,5.579698455237752,4.292701908525517,6
338,199598,Ampadu,MID,Leeds,Arsenal,0,5,54,0.9,a,,,4.0,89.11428571428571,0.25784753363228696,1.9090752944540186,1.8902875693339949,,2.405982636598569,0.0802710178670861,6.730022636354159,7.179485734816517,6
393,578153,Khusanov,DEF,Man City,Liverpool,0,4,54,1.4,a,,,1.8,74.13241798311381,0.1552511415525114,2.5437155994051914,2.0952420893919173,,2.4057443724969403,0.07316659519014415,6.615796902795491,5.75989140854308,6
9,448104,Hincapie,DEF,Arsenal,Leeds,1,3,52,0.9,a,,,0.2,73.25363318059628,0.07214428857715431,2.7610262775307635,2.2472800681802862,,2.391568645334595,0.07324557121592615,6.586717461856651,5.505410630655145,6
265,207189,Berge,MID,Fulham,Ipswich Town,0,2,49,0.3,a,,,2.2,82.97142857142858,0.10551558752997602,2.3621490801706813,2.177676485338304,,2.388707660398256,0.07894320539724818,4.860434266168751,4.691888669966,6
499,441164,Pedro Porro,DEF,Spurs,Man Utd,0,4,54,7.7,d,75.0,Hamstring injury - 75% chance of playing,1.7,60.889919418923455,0.1388888888888889,3.1116430042597463,2.105196575442587,,2.382974353220365,0.507406173852182,6.339858750114663,4.567038760242651,6
233,224967,Mykolenko,DEF,Everton,Hull City,0,2,46,4.2,a,,,5.2,89.66666666666667,0.18518518518518517,1.9957278139006025,1.9883362294046745,,2.358706599775045,0.0,5.793370816384033,6.142284257804833,6
502,122798,Robertson,DEF,Spurs,Man Utd,0,4,44,2.5,a,,,3.5,65.60968506005676,0.0356020942408377,3.1236595295578065,2.2771368663236973,,2.3483410548053727,0.02701802731569995,6.943879973209031,5.133268390004785,6
254,169528,Robinson,DEF,Fulham,Ipswich Town,0,2,45,1.4,a,,,2.8,75.91416043075452,0.07214428857715431,2.6062904892174945,2.198381714751184,,2.3426702919054927,0.0270180043830934,5.813735635188293,5.048120351728516,6
214,209400,Kamada,MID,Crystal Palace,Nott'm Forest,1,3,50,0.5,a,,,4.5,67.82142857142857,0.04570383912248629,2.9380872816449513,2.214058630096731,,2.3054663083417033,-5.552818103186654e-13,7.039881805712552,5.396461467549789,6
327,434752,Bijol,DEF,Leeds,Arsenal,0,5,50,0.7,a,,,0.5,75.52,0.25784753363228696,2.1261824499506856,1.784103318003064,,2.2997983852676382,9.715307365947698e-05,7.083801730664082,6.459791808372923,6
114,204120,Boscagli,DEF,Brighton,Sunderland,0,3,45,0.3,a,,,3.2,75.41604573980754,0.18518518518518517,2.275278498017281,1.9065834141919096,,2.27695378456228,-1.4185533550502055e-08,6.081348158339114,5.466272935581448,6
267,212314,Lukić,MID,Ipswich Town,Fulham,1,2,49,0.1,a,,,1.5,82.75405293030823,0.10576923076923077,2.240033499543183,2.059687230965113,,2.2712256925035748,0.07316662063883378,5.358578077662069,5.1386946156499755,6
87,191866,Ajer,DEF,Brentford,Aston Villa,0,3,45,3.9,a,,,3.2,66.85185185185185,0.25784753363228696,2.3408858821446463,1.7388061799469492,,2.254501247211523,-2.9873100492737107e-09,6.6696684494971334,5.469913812672939,6
446,119471,Schär,DEF,Newcastle,Coventry City,0,2,49,0.2,a,100.0,,0.2,70.17202017602004,0.18518518518518517,2.4068368059425103,1.8765844545220607,,2.246954824892431,0.6480226076194956,5.774072764410989,4.872352042837656,6
144,482609,Gusto,DEF,Chelsea,Bournemouth,1,3,49,1.0,a,,,0.8,70.22374152994409,0.10416666666666667,2.612712414557202,2.03860490324379,,2.2469382365771233,0.0,7.007538550961107,5.676061955153464,6
449,487838,Hall,DEF,Newcastle,Coventry City,0,2,53,17.1,a,,,7.0,72.53333333333333,0.10551558752997602,2.4840918334226103,2.0019940109361483,,2.2130251859961003,0.028048115650986537,6.0782477153103605,5.109648593028598,6
330,226182,Bogle,DEF,Leeds,Arsenal,0,5,46,7.0,a,,,9.0,82.20588235294117,0.0356020942408377,2.337130815447343,2.134732231756642,,2.2059364202383174,9.710510009593656e-05,7.083685759944725,6.54143350189524,6
258,166477,Castagne,DEF,Fulham,Ipswich Town,0,2,45,0.9,a,,,3.5,83.69117638725265,0.04570383912248629,2.232964855305032,2.076438395242995,,2.167846073487967,0.027018029831783034,5.798191891341999,5.483157681638765,6
165,475168,João Pedro,FWD,Chelsea,Bournemouth,1,3,77,65.4,d,75.0,Knee injury - 75% chance of playing,4.1,61.91324294053143,0.0009505703422053231,3.103696256316959,2.135110003677442,,2.1370111443618525,0.030259645472210387,7.168533098745496,4.933313710349639,6
230,480455,Branthwaite,DEF,Everton,Hull City,0,2,55,2.4,a,,,5.2,68.92044613636895,0.18518518518518517,2.2976163998770405,1.7594749703307055,,2.129845340701076,0.07316661805912897,6.060346677974945,5.011279223560311,6
149,460028,Colwill,DEF,Chelsea,Bournemouth,1,3,48,0.9,a,,,0.8,75.0,0.18518518518518517,2.0900046706853916,1.7416705589044932,,2.1120409292748636,0.07363685438854141,5.588215361616016,5.027216505050384,6
73,200785,Adams,MID,Bournemouth,Chelsea,0,4,50,0.3,a,100.0,,2.8,70.76,0.10576923076923077,2.4096491852229738,1.8945197371819738,,2.106058198720435,0.08069616033175617,6.202937550158225,5.0884258065295285,6
506,487053,Udogie,DEF,Spurs,Man Utd,0,4,44,0.3,a,100.0,,1.5,66.75,0.04570383912248629,2.7014315303266123,2.003561718325571,,2.0949693965705434,-2.8911948083538056e-11,6.681496631273262,5.046851013105975,6
162,532605,Andrey Santos,MID,Man Utd,Spurs,1,2,48,0.6,a,,,0.5,75.81314986858919,0.03258145363408521,2.384111732823877,2.008300223378205,,2.0734631306463753,0.07316659258935981,5.4515797158948835,4.65740101862039,6
366,494595,Wirtz,MID,Liverpool,Man City,1,4,73,5.8,a,,,4.0,48.907004559746426,0.012195121951219513,3.7559208760446166,2.0410093267862317,,2.0653995706886707,0.0,8.288458886902681,4.528431316958219,6
46,88894,Barkley,MID,Aston Villa,Brentford,1,3,50,0.3,a,,,2.0,64.09675303107619,0.024630541871921183,2.821324267116228,2.009308052999232,,2.0585691367430745,0.24725267395000047,6.3329444132915915,4.559496350613674,6
98,204580,Janelt,MID,Brentford,Aston Villa,0,3,50,2.5,a,,,4.8,67.0861672633167,0.1552511415525114,2.2992689785737754,1.7138793697772847,,2.0243816528823073,-5.094093290649331e-07,5.062782947546211,4.084310101293385,6
419,221820,Martinez,DEF,Man Utd,Spurs,1,2,50,1.3,a,100.0,,1.5,77.79701773265198,0.1552511415525114,1.9695967602117832,1.7025417120041109,,2.0130439951091335,0.07316659519014415,5.539452869730755,5.098867984612061,6
25,224117,Gyökeres,FWD,Arsenal,Leeds,1,3,71,3.1,a,,,0.5,49.24515666181685,0.0012674271229404308,3.6419974877466386,1.9927859649558513,,1.9953208192017322,0.0,6.838807639366863,3.7445143384753368,6
204,244723,Mitchell,DEF,Crystal Palace,Nott'm Forest,1,3,45,6.0,a,,,5.8,63.89349777364438,0.07214428857715431,2.589911323778149,1.8386499266639502,,1.9829385038182588,1.2348706044288844e-10,5.846359093170938,4.294781151637007,6
213,152551,Lerma,MID,Crystal Palace,Nott'm Forest,1,3,48,0.1,a,,,0.2,71.45623183134467,0.1552511415525114,2.0951993026343905,1.6635005233546076,,1.9740028064596304,0.07316659258935981,5.224923441187579,4.458872735488654,6
422,230001,Mazraoui,DEF,Man Utd,Spurs,1,2,44,0.5,a,,,0.5,70.3936911526771,0.07214428857715431,2.329196371234932,1.8217858887849785,,1.966074465939287,-2.5797432336399634e-09,5.724952534635967,4.6220723614532,6
13,204480,Rice,MID,Arsenal,Leeds,1,3,74,11.8,d,75.0,Unspecified injury - 75% chance of playing,3.2,60.95007473665711,0.07913669064748201,2.647794637743941,1.793147567309035,,1.9514209486039988,0.05493420036761514,6.127060034317411,4.307659681379754,6
7,499169,Lewis-Skelly,MID,Arsenal,Leeds,1,3,54,0.6,a,,,1.5,61.84666486605193,0.0356020942408377,2.72353043812316,1.871569713989941,,1.9427739024716164,0.07316659231627488,6.57877396240572,4.59204006050851,6
403,510281,Sávio,MID,Spurs,Man Utd,0,4,65,0.7,a,100.0,,2.0,57.370369597562956,0.0031545741324921135,3.0377727167660624,1.9364238168251326,,1.9427329650901168,0.24725267397906592,7.330528831010086,4.679144130272093,6
432,516895,Mainoo,MID,Man Utd,Spurs,1,2,55,1.6,d,75.0,Unspecified injury - 75% chance of playing,3.9,64.3409080229638,0.1388888888888889,2.3011614617565916,1.6450979772985532,,1.9228757550763311,0.3426842983906948,5.420136889363246,4.152628100782152,6
211,488024,Yeremy,MID,Crystal Palace,Nott'm Forest,1,3,55,0.3,a,,,3.2,54.38800432205995,0.010899182561307902,3.1433918619386083,1.8995867797005013,,1.9213851448231172,-9.392160165564079e-10,6.175466552328965,3.7537017155537757,6
352,155503,Woodman,GK,Liverpool,Man City,1,4,40,1.0,a,,,0.0,70.66666666666667,0.0,2.419201210929839,1.89952095080417,,1.89952095080417,0.00014757351802023632,7.080270138252178,5.559323219664673,6
395,477064,Lewis,DEF,Man City,Liverpool,0,4,44,0.2,a,,,0.0,64.65678603868946,0.0356020942408377,2.5396732371488002,1.824523434472398,,1.8957276229540734,0.0,6.132232921644239,4.476653876861222,6
11,500040,Mosquera,DEF,Arsenal,Leeds,1,3,53,1.6,a,100.0,,1.5,71.68976148466253,0.04570383912248629,2.2255735226008304,1.7727870555759302,,1.8641947338209028,0.07316659261043934,5.794549647804033,4.707073035601709,6
337,427637,Aaronson,MID,Leeds,Arsenal,0,5,53,0.5,a,,,1.0,66.1891891891892,0.037815126050420166,2.3819635661971557,1.7517804124975478,,1.827410664598388,9.19281257951081e-05,6.644281709638735,4.962070464384702,6
405,465694,N.Gonzalez,MID,Newcastle,Coventry City,0,2,55,0.2,a,100.0,,1.2,69.60109287518068,0.10551558752997602,2.0862300565753378,1.6133765769632615,,1.8244077520232136,0.07316659258935981,5.495485517451765,4.460940040552959,6
240,490094,Iroegbunam,MID,Hull City,Everton,1,3,50,0.0,a,100.0,,0.5,68.14753417177626,0.10551558752997602,2.033512450061646,1.5397651019923164,,1.7507962770522685,0.07316659514246308,4.51583605075164,3.63039885931258,6
131,535301,Baleba,MID,Man Utd,Spurs,1,2,49,0.1,a,100.0,,0.0,63.69473540300771,0.10576923076923077,2.172961088097298,1.537846461637657,,1.7493849231761185,1.9499513446820855e-10,5.084134576883912,3.8096785351818325,6
64,54469,Smith,DEF,Bournemouth,Chelsea,0,4,45,0.1,a,,,0.8,62.31689402278562,0.0356020942408377,2.394858265576237,1.6582236526167393,,1.7294278410984147,-3.8424976113534814e-14,6.0103502820564225,4.232830428112005,6
460,200089,Willock,MID,Newcastle,Coventry City,0,2,50,0.5,a,,,4.0,69.8537108067289,0.07214428857715431,2.0229884746945537,1.5701472430739882,,1.7144358202282968,0.6480226047648383,4.810915573087283,3.8782919677990586,6
332,220627,Justin,DEF,Leeds,Arsenal,0,5,45,1.5,a,,,4.0,73.13957010831523,0.07214428857715431,1.8965836392714817,1.5412812450086686,,1.6855698221629771,7.896441995326102e-05,5.790500198441125,4.85000741299984,6
369,611922,Ngumoha,MID,Liverpool,Man City,1,4,57,0.5,a,,,0.5,47.102523447649176,0.03258145363408521,3.0859634010172377,1.615074038388907,,1.6802369456570774,0.07316661823160137,7.451807971662538,3.965151348519434,6
96,440089,Damsgaard,MID,Brentford,Aston Villa,0,3,54,0.4,a,,,3.8,46.869903326968355,0.1552511415525114,2.6061387888889396,1.357216367687633,,1.6677186507926558,2.89502768144389e-10,4.8394184473766355,2.8307586696304696,6
262,209289,Smith Rowe,MID,Fulham,Ipswich Town,0,2,53,0.2,a,,,0.8,57.9381282187963,0.04570383912248629,2.447112678742135,1.575345868297821,,1.6667535465427936,0.02566661805912896,5.591667122871505,3.6910824195978287,6
269,184349,Sessegnon,DEF,Fulham,Ipswich Town,0,2,43,0.3,a,100.0,,0.5,67.8869267609658,0.07214428857715431,1.9804353804918438,1.4938407958919473,,1.6381293730462558,7.897602574357787e-05,5.9492230132788,4.631782654788867,6
397,437730,Semenyo,MID,Man City,Liverpool,0,4,84,15.5,d,75.0,Ankle injury - 75% chance of playing,5.8,45.27081000597777,0.002365930599369085,3.228638609433685,1.6240342785070736,,1.6287661397058117,0.04058033083958996,7.723741811126452,3.889843506384652,6
328,222694,Struijk,DEF,Brighton,Sunderland,0,3,49,0.2,d,75.0,Hamstring injury - 75% chance of playing,1.4,59.41551635102568,0.1388888888888889,1.9945558134429935,1.31675070607395,,1.594528483851728,5.88216148348671e-05,4.748593955600442,3.412668464592886,6
116,83299,Dunk,DEF,Brighton,Sunderland,0,3,45,1.5,d,75.0,Neck injury - 75% chance of playing,3.0,61.87369620049006,0.11643835616438356,1.960753297114462,1.347989486997438,,1.5808661993262052,0.020322745781446338,4.927024551551297,3.620134715384775,6
115,465730,De Cuyper,DEF,Brighton,Sunderland,0,3,49,27.6,a,,,5.2,45.51412701144918,0.07214428857715431,2.793818707832377,1.4128691057249518,,1.5571576828792604,-2.9002350501306687e-13,6.072790053336598,3.2153745527257223,6
336,435997,Okafor,MID,Leeds,Arsenal,0,5,58,0.4,a,,,4.2,62.374042071804915,0.012195121951219513,2.208893238593797,1.5308622199574988,,1.5552524638599379,0.6290415880052275,8.492745486065566,5.910244291157826,6
202,427623,Richards,DEF,Crystal Palace,Nott'm Forest,1,3,50,0.6,a,,,2.8,52.39023276269625,0.1552511415525114,2.126967774801956,1.2381370755625396,,1.5486393586675624,0.0,6.022490552408216,3.816276525902863,6
347,174594,Nmecha,FWD,Leeds,Arsenal,0,5,54,0.5,a,,,1.8,48.87874382494685,0.02666666666666667,2.722901193882682,1.478799887960373,,1.5321332212937062,0.047499513874074195,6.206531546839581,3.4240829502158108,6
14,232413,Eze,MID,Arsenal,Leeds,1,3,63,1.0,a,,,0.8,51.29390820059978,0.0031545741324921135,2.6767744271100185,1.5255802415321595,,1.5318893897971437,0.0,7.999558338703223,4.56551593794038,6
212,108413,Hughes,MID,Crystal Palace,Nott'm Forest,1,3,44,7.4,a,,,0.5,64.81026537352531,0.07214428857715431,1.925098597635006,1.3862905664769571,,1.5305791436312657,-2.6008227463706067e-09,5.401882601577348,4.034260187430499,6
430,184341,Mount,MID,Man Utd,Spurs,1,2,54,0.0,a,100.0,,0.2,57.33204485227859,0.1552511415525114,1.9091982566267531,1.2162026675646345,,1.5267049506696573,0.07316659261043934,5.402259263967518,3.7518641767208374,6
209,242898,Johnson,MID,Everton,Hull City,0,2,59,0.1,a,,,2.0,54.71785919664686,0.10416666666666667,2.1670922062166746,1.3175405133990534,,1.5258738467323867,0.0,5.857819040848787,3.7697479719622318,6
264,477555,Bobb,MID,Fulham,Ipswich Town,0,2,55,0.3,a,,,2.8,55.44539967660414,0.04570383912248629,2.32594905173753,1.4329241644556194,,1.524331842700592,0.02566661806711487,5.034342184561127,3.1928645063758627,6
32,199796,Cash,DEF,Aston Villa,Brentford,1,3,44,4.9,a,100.0,,1.8,61.368289826366784,0.0356020942408377,2.117310000953378,1.4437299310085758,,1.5149341194902513,7.859606782692211e-13,5.508435434195162,3.827240435320756,6
379,219168,Isak,FWD,Liverpool,Man City,1,4,91,22.5,a,,,7.8,45.85781473924999,0.012195121951219513,2.8302134176114464,1.442082250859614,,1.466472494762053,0.0,7.1518206918077825,3.668466558716394,6
249,586309,Barry,FWD,Everton,Hull City,0,2,56,8.2,a,,,3.0,47.165751202268474,0.02666666666666667,2.5927163873134043,1.3587490673563152,,1.4120824006896484,0.047578492486004154,6.261445331430126,3.334730807431542,6
325,59735,Darlow,GK,Man Utd,Spurs,1,2,45,0.0,d,75.0,Unspecified injury - 75% chance of playing,0.0,64.31818887022781,0.0,1.9756805904704866,1.411913304056933,,1.411913304056933,8.906249997118126e-05,4.494452474778967,3.2119449237899604,6
35,515597,Bogarde,MID,Aston Villa,Brentford,1,3,49,0.1,a,,,0.0,53.4249846457607,0.07214428857715431,2.1334895659904825,1.2664627478325798,,1.4107513249868884,0.07316659448531292,5.530871570870074,3.427474452169954,6
399,466052,Cherki,MID,Man City,Liverpool,0,4,78,28.3,a,,,6.5,43.954339589829765,0.0356020942408377,2.7423099671974334,1.3392935950974545,,1.41049778357913,0.0,8.04793967856113,4.0016694510365785,6
490,60689,Wood,FWD,Nott'm Forest,Crystal Palace,0,3,58,0.9,a,,,0.8,47.86222450460344,0.0012674271229404308,2.6226537053621475,1.3947337827097022,,1.3972686369555831,-1.4171820845199914e-09,7.755163008379573,4.126749887322092,6
37,184667,Lindelöf,DEF,Aston Villa,Brentford,1,3,45,0.3,a,,,2.5,56.24376544184871,0.07214428857715431,1.995728985486374,1.2471923660577144,,1.391480943212023,-2.6008227463706067e-09,4.8046920971787594,3.1468883030879344,6
345,248056,Tanaka,MID,Leeds,Arsenal,0,5,49,0.3,a,,,3.5,55.03136059104192,0.1552511415525114,1.729923369540072,1.0577781860447772,,1.3682804691498,0.07316659265298153,5.51727702502961,3.6840940769391946,6
26,219847,Havertz,FWD,Arsenal,Leeds,1,3,76,8.4,d,75.0,Hamstring injury - 75% chance of playing,2.4,39.13573220223449,0.0009505703422053231,2.8693395521011635,1.2477078256478957,,1.2496089663323064,0.02133000275595524,5.83146135257495,2.5376623611516704,6
108,75115,Wilson,FWD,Brentford,Aston Villa,0,3,54,0.3,a,,,0.5,46.478442032388365,0.0012674271229404308,2.3860586476174785,1.2322254282129772,,1.2347602824588582,-9.392160165564079e-10,7.339585119435713,3.792895759973359,6
392,448514,Aït-Nouri,DEF,Man City,Liverpool,0,4,53,0.4,a,,,0.0,46.616407779778925,0.03258145363408521,2.2408242277480066,1.1606575107056587,,1.225820417973829,0.0,5.068209709852154,2.6902932466893157,6
374,158983,Endo,MID,Liverpool,Man City,1,4,49,0.1,a,100.0,,0.0,45.16540393309765,0.10551558752997602,1.901166710168305,0.9540773600989987,,1.1651085351589507,-5.11553535909464e-07,4.139299865154527,2.2882884018368506,6
117,550090,Coppola,DEF,Brighton,Sunderland,0,3,45,0.0,a,,,0.0,49.49980395137277,0.1552511415525114,1.5366744766459894,0.8451676147894982,,1.155669897894521,-4.0647096508156787e-10,4.709724746938796,2.9008406346427913,6
45,122806,McGinn,MID,Aston Villa,Brentford,1,3,54,2.2,a,,,4.0,53.732490559834275,0.012195121951219513,1.8915225590861573,1.1292913116645613,,1.1536815555670004,0.0,5.453615677712214,3.2803497207872803,6
271,244042,Muniz,FWD,Fulham,Ipswich Town,0,2,54,0.4,a,,,0.5,44.71501691489887,0.010899182561307902,2.276389515102177,1.1309866185854698,,1.1527849837080857,0.025666618117485784,5.872647274415749,2.9395263896863377,6
210,496221,Wharton,MID,Crystal Palace,Nott'm Forest,1,3,54,0.7,a,100.0,,2.0,42.84427006850356,0.037815126050420166,2.2588669402754005,1.075327835977484,,1.1509580880783243,-5.575443409278835e-09,5.2804484996583305,2.5893742699029065,6
357,216094,Frimpong,DEF,Liverpool,Man City,1,4,53,1.8,a,,,0.5,43.34927094900317,0.012195121951219513,2.2966564930526974,1.1062042732680977,,1.1305945171705367,0.0,6.633573231880213,3.219507614889439,6
43,166989,Tielemans,MID,Man Utd,Spurs,1,2,58,1.5,a,100.0,,3.0,47.49490555896908,0.07214428857715431,1.8261413455563804,0.963693452716989,,1.1079820298712977,2.011708000401816e-10,5.499697306885424,3.0465952904147513,6
148,551210,Hato,DEF,Chelsea,Bournemouth,1,3,45,0.8,a,,,1.8,48.09943924393275,0.1552511415525114,1.4657754156751521,0.7833663950168585,,1.0938686781218814,1.9371777490122649e-10,3.7080221187179347,2.2922110010431576,6
400,248875,Doku,MID,Man City,Liverpool,0,4,74,0.7,a,100.0,,0.2,37.539067540657655,0.0031545741324921135,2.581115923098382,1.076585388527301,,1.082894536792285,0.0,7.515285617328117,3.1409404191117978,6
453,201666,Barnes,MID,Newcastle,Coventry City,0,2,61,5.6,a,,,6.5,47.84608596338874,0.025380710659898477,1.9055376443244025,1.0130279770757626,,1.0637893983955595,0.0,7.620411305973264,4.101948692675089,6
487,250199,Dominguez,MID,Nott'm Forest,Crystal Palace,0,3,49,0.1,a,,,0.2,41.83622950338104,0.1552511415525114,1.5778559719092922,0.7334616062675278,,1.0439638893725505,-5.4996001745428985e-11,3.7758337344153756,2.0656872462118,6
391,477424,Gvardiol,DEF,Man City,Liverpool,0,4,57,26.7,a,,,7.0,39.45861804483231,0.07214428857715431,1.9632618453738777,0.8607511030955608,,1.0050396802498693,0.0,5.008085475895054,2.339978931923367,6
489,204968,Yates,MID,Nott'm Forest,Crystal Palace,0,3,45,1.2,a,100.0,,0.0,37.74113695121513,0.1552511415525114,1.6463276083068263,0.6903808414630488,,1.0008831245680716,0.0,4.0481348719221675,2.008071311973959,6
439,485711,Šeško,FWD,Man Utd,Spurs,1,2,70,1.6,d,75.0,Shin injury - 75% chance of playing,1.4,38.319879134041344,0.008174386920980926,2.2371585993365817,0.9525294125584337,,0.9688781864003956,0.019250327416399267,6.254173444102407,2.6792284456345765,6
270,153366,Reed,MID,Fulham,Ipswich Town,0,2,44,1.1,a,,,0.0,36.30222795756194,0.0356020942408377,2.2146655891657403,0.893303278529588,,0.9645074670112634,-3.951523111175656e-06,3.435643835856691,1.4569989185956989,6
224,205533,Nketiah,FWD,Crystal Palace,Nott'm Forest,1,3,55,0.5,a,100.0,,1.8,35.35715902063009,0.012195121951219513,2.3504244782906136,0.923381467165586,,0.947771711068025,0.0,6.3394319775750345,2.5148825164756388,6
457,114243,J.Murphy,MID,Newcastle,Coventry City,0,2,59,0.1,a,,,0.8,38.5052335358517,0.10416666666666667,1.6826621393252117,0.7199033181850346,,0.928236651518368,-2.9002350501306687e-13,4.485873556029065,2.1275512098577853,6
358,544877,Kerkez,DEF,Liverpool,Man City,1,4,54,2.2,a,,,3.2,42.37995585749954,0.04570383912248629,1.7688976718608522,0.832953391665518,,0.9243610699104905,0.0,4.519445610347158,2.219562183432557,6
145,444463,Fofana,DEF,Chelsea,Bournemouth,1,3,50,0.2,a,100.0,,2.0,68.72,0.10551558752997602,0.9256280261863641,0.7067684217725215,,0.9177995968324736,-0.02320021131215137,6.432947847201786,5.122944242390026,6
553,437505,Isidor,FWD,Sunderland,Brighton,1,3,55,1.3,a,,,3.5,38.46916104803187,0.0012674271229404308,2.0814215586367557,0.8896726794226986,,0.8922075336685794,0.0,6.139130412635365,2.6266148157852163,6
450,441191,Livramento,DEF,Newcastle,Coventry City,0,2,49,0.1,d,75.0,Unspecified injury - 75% chance of playing,0.8,43.47562040954449,0.05410821643286573,1.6012268569844483,0.7734925669313762,,0.8817089997971077,0.054874944463818943,4.096726616411898,2.087191225052412,6
401,438234,Marmoush,FWD,Spurs,Man Utd,0,4,70,2.1,a,,,2.0,32.54609873356247,0.012345679012345678,2.369866659837006,0.8569990477381455,,0.8816904057628369,1.0457376806653212e-10,6.082297634767502,2.2241920174475425,6
552,441264,Brobbey,FWD,Sunderland,Brighton,1,3,57,7.0,d,75.0,Hamstring injury - 75% chance of playing,4.1,36.22333710241286,0.002365930599369085,2.1780297781939972,0.8766167430512742,,0.8813486042500124,0.0192503270652451,5.680917740149221,2.291196287337657,6
142,225796,James,DEF,Chelsea,Bournemouth,1,3,54,5.9,d,75.0,Hamstring injury - 75% chance of playing,0.6,43.44469359590529,0.031914893617021274,1.6924850997406873,0.8169944063763264,,0.8808241936103689,0.0,4.798196258597865,2.380009412431858,6
17,195384,Merino,MID,Arsenal,Leeds,1,3,58,0.4,a,,,0.8,34.55756742146534,0.0356020942408377,2.0668226237372442,0.7936040240889969,,0.8648082125706723,0.0,6.664031439260913,2.630012141381939,6
20,616077,Dowman,MID,Arsenal,Leeds,1,3,53,0.1,a,,,0.2,36.22658088827312,0.0031545741324921135,2.0960050134418013,0.8436788351297267,,0.8499879833947109,-1.4171820845199914e-09,5.567900651390069,2.247486962992217,6
420,550864,Yoro,DEF,Man Utd,Spurs,1,2,48,0.5,a,,,0.5,30.980646939688327,0.10551558752997602,1.8095787562321033,0.6229102284043013,,0.8339414034642534,7.859606782692211e-13,4.666639133404798,1.8174256126926982,6
406,91651,Kovačić,MID,Man City,Liverpool,0,4,54,0.1,a,,,0.2,34.93005376110012,0.10576923076923077,1.5833776715627275,0.614527413242351,,0.8260658747808126,0.0,3.6432211469065887,1.625515245149839,6
268,577725,King,MID,Fulham,Ipswich Town,0,2,55,2.5,a,,,4.2,33.56963589145419,0.0356020942408377,1.9933280186306186,0.7435032866407075,,0.814707475122383,0.0,5.619794402521457,2.167364764898094,6
253,174874,Andersen,DEF,Fulham,Ipswich Town,0,2,50,0.2,a,100.0,,0.8,87.33333333333333,0.18518518518518517,0.45211500327659526,0.43871900317951096,,0.8090893735498813,-0.023200212144070705,7.875671556172829,8.01268869524919,6
532,223827,Ballard,DEF,Sunderland,Brighton,1,3,49,2.5,a,,,3.5,73.93103448275862,0.1552511415525114,0.5906817952919404,0.485219068622958,,0.7957213517279809,0.0,6.541747184728559,5.684259357456758,6
474,575458,Jair Cunha,DEF,Nott'm Forest,Crystal Palace,0,3,45,0.2,a,100.0,,2.5,37.074625954954016,0.07214428857715431,1.5666619062423688,0.6453711574645673,,0.789659734618876,7.581773515324568e-10,3.3145500798572356,1.5096852929284192,6
551,536661,N.Angulo,MID,Sunderland,Brighton,1,3,50,0.1,a,,,2.8,40.04687465037261,0.07214428857715431,1.4470549336086462,0.6438891948714301,,0.7881777720257388,7.481042727414987e-10,3.770204848199568,1.821898810066255,6
159,486672,Caicedo,MID,Chelsea,Bournemouth,1,3,53,1.0,d,50.0,Calf injury - 50% chance of playing,0.1,38.88318617403927,0.07894736842105263,1.4209514010600732,0.6139013096853418,,0.7717960465274472,0.036622786887275716,3.3767455514450373,1.6167683583887307,6
549,549912,Talbi,MID,Sunderland,Brighton,1,3,53,0.1,a,,,0.0,34.780127818315,0.0356020942408377,1.7537180001139858,0.6777170689027132,,0.7489212573843886,0.0,3.7387165948740866,1.5160157556614104,6
263,560552,Kevin,MID,Fulham,Ipswich Town,0,2,53,0.0,a,,,0.8,35.788105372811046,0.0356020942408377,1.698322032940771,0.6753303096872332,,0.7465344981689086,-1.2968425120783044e-09,4.243361674661122,1.7585583523452328,6
434,547037,J.Fletcher,MID,Man Utd,Spurs,1,2,49,0.0,a,,,0.0,45.76470785542843,0.03258145363408521,1.3237643072875163,0.6731298532495197,,0.7382927605176901,0.0,3.1534611947093882,1.6686876884826756,6
90,472713,Hickey,DEF,Brentford,Aston Villa,0,3,45,0.1,a,,,1.0,35.54769203550881,0.10551558752997602,1.321531043127243,0.5219708726272438,,0.7330020476871959,0.0,3.232610171965621,1.4878292957698085,6
242,550615,George,MID,Everton,Hull City,0,2,55,0.9,a,,,4.0,33.1737333508522,0.0356020942408377,1.688590949999387,0.6224096212660207,,0.6936138097476962,0.0,4.232794419140624,1.6313996705877463,6
42,485337,Guessand,MID,Crystal Palace,Nott'm Forest,1,3,54,0.0,a,,,0.2,34.27784438438352,0.010899182561307902,1.6787228842838495,0.639366686577614,,0.6611650517002298,0.0,3.6281842216807805,1.4036465223298318,6
138,647850,Kostoulas,FWD,Brighton,Sunderland,0,3,56,3.8,a,,,6.8,27.619750141781275,0.0012674271229404308,2.1179988672361714,0.6499844390404313,,0.6525192932863122,0.0,5.213263623049846,1.6024130619333714,6
478,470315,Netz,DEF,Nott'm Forest,Crystal Palace,0,3,44,0.0,a,,,0.5,40.198519962431625,0.04570383912248629,1.2535473135359507,0.5598971856336383,,0.6513048638786109,0.0,2.594677592767503,1.2503210005665115,6
339,180135,Longstaff,MID,Leeds,Arsenal,0,5,49,0.1,a,,,0.2,33.05301607101871,0.0356020942408377,1.5661423000508572,0.5751747401453687,,0.6463789286270442,0.0,3.4721149005058756,1.346358295224389,6
161,514356,Lavia,MID,Chelsea,Bournemouth,1,3,50,0.2,a,,,2.5,32.34844585507734,0.025380710659898477,1.577244662366556,0.5669045951197141,,0.6176660164395111,1.824130847613069e-11,3.050683237771889,1.1472598828537521,6
343,200617,James,MID,Leeds,Arsenal,0,5,49,0.1,a,,,0.8,32.43769191269378,0.06451612903225806,1.3372350513683193,0.4819646512348976,,0.6109969092994137,0.0,3.4427485819068284,1.3698635673173731,6
38,606798,A.García,DEF,Aston Villa,Brentford,1,3,40,1.5,a,,,0.0,21.320031983382428,0.18518518518518517,0.9841951970088157,0.23314525642354803,,0.6035156267939183,0.0,3.1275364131387984,1.1112501076738408,6
522,547701,Gray,MID,Spurs,Man Utd,0,4,49,0.2,a,,,1.8,26.60012234531517,0.10416666666666667,1.1637725311369258,0.3439610190039926,,0.5522943523373259,0.0,2.6675246142275415,0.9967386788621362,6
72,496208,Gannon-Doak,MID,Bournemouth,Chelsea,0,4,49,0.1,a,,,0.8,30.725570079274213,0.02666666666666667,1.4611797711195589,0.4988397939550207,,0.552173127288354,0.0,3.6247596230161565,1.29080895352785,6
125,463067,Georginio,FWD,Brighton,Sunderland,0,3,53,0.5,a,100.0,,0.2,26.41814341160705,0.024630541871921183,1.7074650797192092,0.5012006371814793,,0.5504617209253218,0.0,3.9727552887059363,1.2154035165911068,6
101,56979,Henderson,MID,Chelsea,Bournemouth,1,3,49,0.0,a,100.0,,0.5,32.71410769281238,0.04570383912248629,1.172709778244432,0.42626837753224966,,0.5176760557772222,-1.9364049117525163e-09,3.8066935752297035,1.4751030512849892,6
244,609873,Armstrong,MID,Everton,Hull City,0,2,50,0.4,a,100.0,,2.0,29.419934633407124,0.037815126050420166,1.3168591457768457,0.43046566655732377,,0.5060959186581641,0.0,2.410467108449141,0.8635834161736359,6
76,614574,Tóth.A,MID,Bournemouth,Chelsea,0,4,49,0.0,a,,,0.2,30.090463165319008,0.0356020942408377,1.2269022038718558,0.4102006174783865,,0.48140480596006185,0.0,3.2602381599084658,1.1612272580471543,6
241,433154,McNeil,MID,Crystal Palace,Nott'm Forest,1,3,54,0.1,a,,,0.2,31.52639454610771,0.0356020942408377,1.1053773874557913,0.38720626265863384,,0.4584104511403092,0.0,3.12007271437932,1.1641446707713161,6
486,432714,McAtee,MID,Nott'm Forest,Crystal Palace,0,3,55,0.1,a,,,2.2,25.73594348531412,0.012195121951219513,1.5125254736383411,0.43251411232949244,,0.4569043562319315,0.0,3.5281496771053478,1.033282029432578,6
56,173879,Abraham,FWD,Aston Villa,Brentford,1,3,55,0.2,a,100.0,,1.0,24.696523389090995,0.0031545741324921135,1.6069553921529145,0.4409579047503372,,0.44726705301532144,6.706796275842385e-11,4.335683139837412,1.196045815717008,6
147,109646,Tosin,DEF,Spurs,Man Utd,0,4,44,0.1,a,,,0.2,25.594473684569856,0.07214428857715431,1.0363900223921254,0.29473174616740017,,0.4390203233217088,0.0,3.263307478754369,1.0723178814836274,6
255,246301,J.Cuenca,DEF,Fulham,Ipswich Town,0,2,45,0.0,a,,,0.0,18.998022095937873,0.15789473684210525,0.5170351509474834,0.10914050246752072,,0.4249299761517312,0.0,1.3071211945784686,0.5917085552027712,6
160,493105,Garnacho,MID,Aston Villa,Brentford,1,3,58,0.3,a,,,0.5,25.097611861399752,0.012195121951219513,1.4146027709838738,0.394479458713487,,0.41886970261592604,-6.547447059966959e-11,4.003271830896746,1.1407520504304576,6
464,216646,Wissa,FWD,Newcastle,Coventry City,0,2,62,18.7,a,,,2.8,23.510808890543107,0.012195121951219513,1.4855756132754903,0.3880787148463492,,0.41246895874878825,0.0,4.802778717376728,1.2790259391003502,6
62,242882,Diakité,DEF,Bournemouth,Chelsea,0,4,49,0.2,a,,,0.0,16.650533460835778,0.10551558752997602,1.0838654296600387,0.20052152892886246,,0.4115527039888145,0.0,2.0484546655844964,0.5900074300857279,6
129,509416,Ayari,MID,Brighton,Sunderland,0,3,54,0.4,a,100.0,,3.2,24.165008772897274,0.037815126050420166,1.238974939555596,0.33266489204178723,,0.4082951441426276,0.0,2.6955105734641496,0.7993751038252686,6
440,458249,Zirkzee,FWD,Man Utd,Spurs,1,2,53,0.4,a,,,0.5,21.454541182987647,0.0031545741324921135,1.684962998087888,0.4016678670476326,,0.4079770153126168,8.270818058792638e-13,3.483475549270709,0.836713255284528,6
344,486520,Gruev,MID,Leeds,Arsenal,0,5,50,0.0,a,100.0,,0.0,25.00072131622654,0.037815126050420166,1.192596577805841,0.3312863853823257,,0.40691663748316603,0.0,2.4368717270868956,0.752558595792964,6
435,576628,Lacey,MID,Man Utd,Spurs,1,2,49,0.1,a,,,0.0,26.74404731979513,0.012195121951219513,1.1958529425543376,0.35535497425766055,,0.3797452181600996,0.0,2.665111378100966,0.816344297329735,6
74,111317,Brooks,MID,Bournemouth,Chelsea,0,4,50,0.1,a,100.0,,0.8,21.1717000889416,0.0012674271229404308,1.4970419729785476,0.3521658185828802,,0.35470067282876105,0.0,3.5887983355477977,0.8467677658004449,6
520,570526,Bergvall,MID,Spurs,Man Utd,0,4,53,0.1,a,,,0.5,18.871813653568015,0.03258145363408521,1.339072969646039,0.2807859505743332,,0.3459488578425036,0.0,2.505392471951451,0.5905106834872805,6
10,198869,White,DEF,Arsenal,Leeds,1,3,55,5.0,d,75.0,Groin injury - 75% chance of playing,1.9,19.145712988296445,0.026701570680628273,1.3424019186200051,0.28556935387596777,,0.33897249523722434,0.0,3.7851015787681312,0.8586083464572831,6
71,155408,Cook,MID,Bournemouth,Chelsea,0,4,50,0.2,a,,,1.2,16.76002660716046,0.07214428857715431,0.9676831462806819,0.18020439198849972,,0.32449296914280834,0.0,2.022712370368658,0.5209631676655453,6
167,463034,Delap,FWD,Nott'm Forest,Crystal Palace,0,3,56,2.7,a,,,2.2,14.958402795583202,0.010899182561307902,1.781075379313477,0.29602269925630137,,0.31782106437891716,0.0,3.8581974115564805,0.6630480423108195,6
157,624773,Estêvão,MID,Chelsea,Bournemouth,1,3,63,0.7,a,,,0.8,12.871112118136441,0.010899182561307902,2.049589283150514,0.29311659399512396,,0.31491495911773976,0.0,6.626904592369027,0.9695276096178937,6
303,183015,Kipré,DEF,Ipswich Town,Fulham,1,2,39,0.9,a,,,0.0,0.4044202552949278,0.1552511415525114,0.27796302168090664,0.0012490430687860203,,0.31175132617380885,0.0,3.686068233455386e-09,0.3105022831215864,6
308,176420,Furlong,DEF,Ipswich Town,Fulham,1,2,39,0.6,a,,,0.2,0.4044202552949278,0.1552511415525114,0.27796302168090664,0.0012490430687860203,,0.31175132617380885,0.0,3.686068233455386e-09,0.3105022831215864,6
663,578512,Pivas,DEF,Newcastle,Coventry City,0,2,40,0.0,a,,,1.1,1.3983343716050405,0.1552511415525114,0.03862395476342955,0.0006001022612557974,,0.3111023853662786,0.0,0.008027769876046755,0.3106270109555229,6
424,577974,Amass,DEF,Man Utd,Spurs,1,2,40,0.2,a,,,0.0,0.7893395494450105,0.1552511415525114,0.03065003802209035,0.0002688143022536582,,0.3107710974072765,0.0,3.686068233455386e-09,0.31050228313735123,6
606,569577,Rowe,DEF,Aston Villa,Brentford,1,3,40,0.2,a,,,0.0,0.37685851181537056,0.1552511415525114,0.040043187064784734,0.00016767350983976965,,0.3106699566148626,0.0,3.686068233455386e-09,0.3105022831204575,6
173,461102,Thomas,DEF,Coventry City,Newcastle,1,3,40,8.6,a,,,5.2,0.01059051121098919,0.1552511415525114,0.023065094419423504,2.714123789238098e-06,,0.31050499722881203,0.0,3.686068233455386e-09,0.3105022831054566,6
178,80178,Bidwell,DEF,Coventry City,Newcastle,1,3,40,0.1,a,,,0.0,0.01059051121098919,0.1552511415525114,0.023065094419423504,2.714123789238098e-06,,0.31050499722881203,0.0,3.686068233455386e-09,0.3105022831054566,6
176,173878,Dasilva,DEF,Coventry City,Newcastle,1,3,40,0.7,a,,,4.8,0.01059051121098919,0.1552511415525114,0.023065094419423504,2.714123789238098e-06,,0.31050499722881203,0.0,3.686068233455386e-09,0.3105022831054566,6
179,204813,Latibeaudiere,DEF,Coventry City,Newcastle,1,3,40,0.0,a,,,0.2,0.01059051121098919,0.1552511415525114,0.023065094419423504,2.714123789238098e-06,,0.31050499722881203,0.0,3.686068233455386e-09,0.3105022831054566,6
361,519440,Lucky,DEF,Liverpool,Man City,1,4,40,0.1,a,,,0.0,0.0,0.1552511415525114,0.03570267722286512,0.0,,0.3105022831050228,0.0,3.686068233455386e-09,0.3105022831050228,6
622,554054,Braithwaite,DEF,Man City,Liverpool,0,4,40,0.2,a,,,0.2,0.0,0.1552511415525114,0.012410734847039253,0.0,,0.3105022831050228,0.0,3.686068233455386e-09,0.3105022831050228,6
151,577016,Acheampong,DEF,Chelsea,Bournemouth,1,3,45,0.3,a,,,0.5,18.442210382295265,0.03258145363408521,1.1660229576039243,0.2389337854968636,,0.30409669276503404,0.0,2.5796519884491835,0.5937682926469054,6
483,456512,Ndoye,MID,Nott'm Forest,Crystal Palace,0,3,55,0.7,a,,,3.0,16.223996011772133,0.03258145363408521,1.2577988254146426,0.22673914585709817,,0.2919020531252686,0.0,1.9934079564390366,0.42450782654707897,6
550,699989,Jocelin.T,MID,Sunderland,Brighton,1,3,50,0.0,a,,,0.0,20.70549026713163,0.012345679012345678,1.1390747583756664,0.26205668136758525,,0.2867480393922766,0.0,2.841900189887811,0.6785017660455981,6
548,554197,Rigg,MID,Sunderland,Brighton,1,3,49,0.0,a,,,0.2,19.32721601243057,0.0356020942408377,0.9835962663362012,0.21122419453888835,,0.2824283830205637,0.0,2.2786705202877324,0.5605414925567704,6
89,194010,Henry,DEF,Brentford,Aston Villa,0,3,44,0.2,a,,,0.2,16.595570459462824,0.0356020942408377,1.118135298659695,0.2061788125791053,,0.27738300106078073,0.0,3.286392476340919,0.6771992762435002,6
515,172780,Maddison,MID,Spurs,Man Utd,0,4,63,0.4,a,100.0,,0.5,14.261106987529292,0.012195121951219513,1.5076324359672961,0.2388945274133224,,0.26328477131576145,0.0,4.125785236397396,0.6781487401672401,6
524,499726,Olusesi,MID,Spurs,Man Utd,0,4,44,1.0,a,,,0.0,17.434026512623035,0.0356020942408377,0.9812485318283154,0.1900790324374142,,0.2612832209190896,0.0,1.7589255695236876,0.4119281330684147,6
52,653481,Alysson,MID,Aston Villa,Brentford,1,3,50,0.0,d,75.0,Unspecified injury - 75% chance of playing,1.4,20.310063808411233,0.01903553299492386,0.9191182010032779,0.2074149923316524,,0.2454860583215001,0.0,2.0390164965679682,0.4982105676753873,6
510,499716,Rowswell,DEF,Spurs,Man Utd,0,4,40,0.1,a,,,0.0,5.766267543336083,0.10551558752997602,0.49883767558037806,0.03196034997880387,,0.2429915250387559,0.0,1.0098418046971263,0.27573137530805175,6
104,428580,Onyeka,MID,Coventry City,Newcastle,1,3,49,0.1,a,100.0,,1.8,15.662992527788836,0.03258145363408521,1.0085887404723084,0.1755279767292191,,0.24069088399738953,0.0,1.9702885026722203,0.40805861943420646,6
50,645618,Burrowes,MID,Aston Villa,Brentford,1,3,45,0.6,a,,,0.0,15.812750707274656,0.0356020942408377,0.9252030155462627,0.162555607093909,,0.2337597955755844,0.0,2.117777268803005,0.4432917885385077,6
438,519913,Fletcher,MID,Man Utd,Spurs,1,2,44,0.3,a,,,0.0,15.918499351182001,0.0356020942408377,0.9184691340381284,0.16245167015851825,,0.23365585864019364,0.0,1.9006519229522547,0.4073767040632119,6
556,169359,Targett,DEF,Hull City,Everton,1,3,40,1.6,d,75.0,Ankle injury - 75% chance of playing,0.0,0.36378158380704445,0.11643835616438356,0.029628748163786713,0.000119759921480471,,0.23299647225024758,0.0,2.76455117509154e-09,0.23287671233994148,6
175,451284,van Ewijk,DEF,Coventry City,Newcastle,1,3,40,8.8,d,75.0,Hamstring injury - 75% chance of playing,0.9,0.007942883408241893,0.11643835616438356,0.017298820814567628,1.5266946314464302e-06,,0.23287823902339855,0.0,2.76455117509154e-09,0.23287671232901108,6
437,576620,Bendito Mantato,MID,Man Utd,Spurs,1,2,44,0.2,a,,,0.0,13.883562941452045,0.0356020942408377,1.0060275855657763,0.15519163672266098,,0.22639582520433638,0.0,2.6052272662740292,0.47309126323837014,6
245,496661,Dibling,MID,Everton,Hull City,0,2,54,0.0,a,,,0.2,14.875382182989147,0.03258145363408521,0.8967160922835357,0.14821105091504622,,0.21337395818321664,0.0,1.822853058925483,0.36644775076758596,6
382,500058,Danns,FWD,Liverpool,Man City,1,4,45,0.2,a,100.0,,0.0,1.4658837059354568,0.10551558752997602,0.10300341320338967,0.0016776780563398446,,0.21270885311629187,0.0,1.0149808512098733e-05,0.21103134037593999,6
364,214285,Tsimikas,DEF,Liverpool,Man City,1,4,49,0.1,a,,,0.5,1.113317982450776,0.10551558752997602,0.11102596238560768,0.0013734133382533387,,0.21240458839820536,0.0,0.3679509632063051,0.2155828019932594,6
654,629068,Graham,MID,Everton,Hull City,0,2,45,0.1,a,,,0.0,1.2671043759096257,0.10551558752997602,0.04703652754627798,0.0006622243320164719,,0.2116933993919685,0.0,0.1458894177647357,0.21308514305604764,6
660,612534,Fredrick,DEF,Brentford,Aston Villa,0,3,40,0.0,a,,,1.1,0.37685851181537056,0.10576923076923077,0.028411579732396858,0.00011896828506972025,,0.21165742982353125,0.0,3.686068233455386e-09,0.21153846155389627,6
656,566213,Mfuni,DEF,Coventry City,Newcastle,1,3,40,0.1,a,,,3.0,0.14691426038762498,0.10576923076923077,0.03712292418369244,6.059874388747834e-05,,0.211599060282349,0.0,3.686068233455386e-09,0.2115384615444786,6
378,491501,McConnell,MID,Liverpool,Man City,1,4,44,0.2,a,,,0.0,0.46874682476311763,0.10551558752997602,0.052786870944404304,0.00027492975715966654,,0.2113061048171117,0.0,3.686068233455386e-09,0.21103117507915017,6
189,684268,Shepherd,MID,Coventry City,Newcastle,1,3,44,0.3,a,,,0.0,0.3134275589731391,0.10551558752997602,0.037253591173939594,0.00012973669049590186,,0.21116091175044793,0.0,3.686068233455386e-09,0.21103117507278887,6
279,146426,Ajayi,DEF,Hull City,Everton,1,3,42,14.0,a,100.0,,3.2,0.2533705207879161,0.10551558752997602,0.032021286901554966,9.014722376162509e-05,,0.21112132228371366,0.0,3.686068233455386e-09,0.21103117507032915,6
277,108416,Egan,DEF,Hull City,Everton,1,3,41,7.0,a,,,4.5,0.21042542388147203,0.10551558752997602,0.032021286901554966,7.486769854988813e-05,,0.21110604275850192,0.0,3.686068233455386e-09,0.21103117506857028,6
586,606930,Mendy,DEF,Hull City,Everton,1,3,41,6.3,a,100.0,,2.5,0.21042542388147203,0.10551558752997602,0.032021286901554966,7.486769854988813e-05,,0.21110604275850192,0.0,3.686068233455386e-09,0.21103117506857028,6
396,616222,Vitor Reis,DEF,Man City,Liverpool,0,4,45,0.0,a,,,0.2,0.23799906064543777,0.10551558752997602,0.024881403063251286,6.57972284066036e-05,,0.21109697228835864,0.0,3.686068233455386e-09,0.2110311750696996,6
653,595480,Samba,MID,Man City,Liverpool,0,4,45,0.0,a,,,0.0,0.21031044529666051,0.10551558752997602,0.024881403063251286,5.814243286486746e-05,,0.2110893174928169,0.0,3.686068233455386e-09,0.21103117506856559,6
306,449429,Greaves,DEF,Ipswich Town,Fulham,1,2,40,1.1,a,,,0.2,0.4044202552949278,0.10551558752997602,0.009893175476963292,4.445556168967794e-05,,0.2110756306216417,0.0,3.686068233455386e-09,0.2110311750765156,6
305,455084,Davis,DEF,Ipswich Town,Fulham,1,2,40,6.9,a,,,5.8,0.4044202552949278,0.10551558752997602,0.009893175476963292,4.445556168967794e-05,,0.2110756306216417,0.0,3.686068233455386e-09,0.2110311750765156,6
304,216616,O'Shea,DEF,Ipswich Town,Fulham,1,2,40,2.7,a,,,1.5,0.4044202552949278,0.10551558752997602,0.009893175476963292,4.445556168967794e-05,,0.2110756306216417,0.0,3.686068233455386e-09,0.2110311750765156,6
592,572584,Ouattara,DEF,Ipswich Town,Fulham,1,2,40,0.9,a,,,1.2,0.4044202552949278,0.10551558752997602,0.009893175476963292,4.445556168967794e-05,,0.2110756306216417,0.0,3.686068233455386e-09,0.2110311750765156,6
476,204822,O.Richards,DEF,Nott'm Forest,Crystal Palace,0,3,40,0.2,a,,,0.0,0.07619900616688127,0.10551558752997602,0.023615861585618875,1.9994502028875413e-05,,0.21105116956198092,0.0,3.686068233455386e-09,0.21103117506307287,6
284,661800,McCarthy,DEF,Hull City,Everton,1,3,40,0.1,a,,,0.0,0.01059051121098919,0.10551558752997602,0.019550618685343003,2.3005671818766646e-06,,0.2110334756271339,0.0,3.686068233455386e-09,0.21103117506038577,6
285,160817,McNair,DEF,Hull City,Everton,1,3,40,0.1,a,100.0,,0.0,0.01059051121098919,0.10551558752997602,0.019550618685343003,2.3005671818766646e-06,,0.2110334756271339,0.0,3.686068233455386e-09,0.21103117506038577,6
280,193278,Coyle,DEF,Hull City,Everton,1,3,40,0.7,a,100.0,,2.0,0.01059051121098919,0.10551558752997602,0.019550618685343003,2.3005671818766646e-06,,0.2110334756271339,0.0,3.686068233455386e-09,0.21103117506038577,6
585,597462,Herrington,DEF,Hull City,Everton,1,3,40,0.6,a,,,1.0,0.01059051121098919,0.10551558752997602,0.019550618685343003,2.3005671818766646e-06,,0.2110334756271339,0.0,3.686068233455386e-09,0.21103117506038577,6
282,232351,Giles,DEF,Hull City,Everton,1,3,40,2.9,a,,,4.5,0.01059051121098919,0.10551558752997602,0.019550618685343003,2.3005671818766646e-06,,0.2110334756271339,0.0,3.686068233455386e-09,0.21103117506038577,6
621,616288,McAidoo,MID,Man City,Liverpool,0,4,45,0.1,a,,,0.5,0.46874682476311763,0.10416666666666667,0.04258242470924544,0.0002217819597019258,,0.20855511529303528,0.0,3.686068233455386e-09,0.20833333335253149,6
664,601767,Salia,FWD,Newcastle,Coventry City,0,2,45,0.1,a,,,1.0,0.7539170674045823,0.10416666666666667,0.02059664422405101,0.00017253512901968965,,0.20850586846235303,0.0,3.686068233455386e-09,0.208333333364211,6
665,655585,Mills,MID,Newcastle,Coventry City,0,2,45,0.0,a,,,1.1,0.7539170674045823,0.10416666666666667,0.02059664422405101,0.00017253512901968965,,0.20850586846235303,0.0,3.686068233455386e-09,0.208333333364211,6
626,616069,Zepa,MID,Fulham,Ipswich Town,0,2,45,0.3,a,,,0.0,0.7539170674045823,0.10416666666666667,0.02059664422405101,0.00017253512901968965,,0.20850586846235303,0.0,3.686068233455386e-09,0.208333333364211,6
650,442299,Affengruber,DEF,Fulham,Ipswich Town,0,2,45,0.1,a,,,4.0,0.7539170674045823,0.10416666666666667,0.02059664422405101,0.00017253512901968965,,0.20850586846235303,0.0,3.686068233455386e-09,0.208333333364211,6
649,154043,Maitland-Niles,DEF,Everton,Hull City,0,2,45,1.4,a,,,7.0,0.7539170674045823,0.10416666666666667,0.02059664422405101,0.00017253512901968965,,0.20850586846235303,0.0,3.686068233455386e-09,0.208333333364211,6
659,665243,Miley,MID,Newcastle,Coventry City,0,2,45,0.0,a,,,0.0,0.7539170674045823,0.10416666666666667,0.02059664422405101,0.00017253512901968965,,0.20850586846235303,0.0,3.686068233455386e-09,0.208333333364211,6
666,671875,Thompson,MID,Newcastle,Coventry City,0,2,45,0.0,a,,,1.1,0.7539170674045823,0.10416666666666667,0.02059664422405101,0.00017253512901968965,,0.20850586846235303,0.0,3.686068233455386e-09,0.208333333364211,6
603,643970,Lienou,DEF,Leeds,Arsenal,0,5,40,0.1,a,,,0.0,0.0,0.10416666666666667,0.007164763499585049,0.0,,0.20833333333333334,0.0,3.686068233455386e-09,0.20833333333333334,6
272,631786,Kusi-Asare,FWD,Fulham,Ipswich Town,0,2,45,5.4,a,,,0.0,16.696511490459514,0.04570383912248629,0.6209376785574073,0.1151943676099223,,0.2066020458548949,0.0,1.0139576988352748,0.27951386012767315,6
158,463936,Gittens,MID,Chelsea,Bournemouth,1,3,58,0.0,a,,,0.0,12.293973878796711,0.012195121951219513,1.254247352370326,0.17132982430656357,,0.1957200682090026,-1.2476363546710944e-09,3.732831557455662,0.5342939512503052,6
493,465680,Kalimuendo,FWD,Nott'm Forest,Crystal Palace,0,3,54,0.1,a,,,0.0,12.430327514127514,0.012195121951219513,1.2270366182641148,0.16947185596500453,,0.19386209986744354,0.0,2.7558587451746375,0.4050149859601415,6
169,567119,Mheuka,FWD,Chelsea,Bournemouth,1,3,45,0.5,a,,,0.0,6.164804255066545,0.07214428857715431,0.64418162868951,0.0441250405064532,,0.1884136176607618,0.0,1.1569062522331726,0.2235341392263103,6
51,577285,George Hemmings,MID,Aston Villa,Brentford,1,3,45,1.2,a,,,1.8,12.118347790647332,0.024630541871921183,1.0121048871363267,0.1362782113659097,,0.18553929510975206,0.0,2.1627724811055065,0.34047474061137306,6
66,575901,Soler,DEF,Bournemouth,Chelsea,0,4,40,0.3,a,100.0,,0.0,12.557831435617338,0.0356020942408377,0.80999899078868,0.11302034210382672,,0.18422453058550212,0.0,1.35569120198657,0.2603657617405287,6
509,640419,Byfield,DEF,Spurs,Man Utd,0,4,40,0.1,a,,,0.0,5.963013113494032,0.07214428857715431,0.46382331695354395,0.0307309391259809,,0.17501951628028953,0.0,1.1229425199395782,0.21868992128875014,6
243,502697,Alcaraz,MID,Everton,Hull City,0,2,49,0.1,a,,,0.0,8.514664719999507,0.0356020942408377,1.065682712941505,0.10082145553995993,,0.17202564402163534,0.0,2.1702326984982703,0.27652423061603704,6
359,171287,Gomez,DEF,Liverpool,Man City,1,4,49,0.0,a,100.0,,0.0,13.021325483466635,0.02666666666666667,0.7928951154882721,0.11471717081137398,,0.16805050414470732,0.0,1.692403297946047,0.29819260213164267,6
134,556637,Oriola,MID,Brighton,Sunderland,0,3,45,0.2,a,,,0.0,4.223119531437461,0.07214428857715431,0.5004505265434583,0.023482915479598226,,0.16777149263390684,0.0,1.2330981393557578,0.20214991978200297,6
375,591386,Nyoni,MID,Liverpool,Man City,1,4,49,0.0,a,,,0.8,12.30322115368366,0.008,1.0732486524482123,0.14671572804403699,,0.162715728044037,0.0,2.1398637829185048,0.3085246373333832,6
126,219249,O'Riley,MID,Brighton,Sunderland,0,3,54,0.1,a,,,0.5,11.466717694800272,0.012195121951219513,1.0650734203390797,0.13569884705848415,,0.16008909096092316,0.0,1.9014805352508837,0.26665402723443454,6
638,496181,Norton-Cuffy,DEF,Hull City,Everton,1,3,40,0.2,d,75.0,Hamstring injury - 75% chance of playing,0.2,0.007942883408241893,0.07913669064748201,0.014662964014007253,1.2940690398056239e-06,,0.15827467536400383,0.0,2.76455117509154e-09,0.158273381295208,6
508,115556,Davies,DEF,Spurs,Man Utd,0,4,39,0.9,a,,,0.0,7.196372202768993,0.025380710659898477,1.2440261026827726,0.09947194294294834,,0.1502333642627453,0.0,4.247021021657143,0.39035191048456397,6
627,482616,Barcola,MID,Liverpool,Man City,1,4,80,1.8,a,,,2.3,0.7116040369632584,0.07214428857715431,0.15822514642711127,0.001251040588295945,,0.14553961774260457,0.0,0.015085521482803115,0.14440785402082928,6
92,570241,Ji-soo,DEF,Brentford,Aston Villa,0,3,44,0.0,a,,,0.0,1.4726787950662865,0.07214428857715431,0.06080616492176162,0.000994977218773131,,0.14528355437308174,0.0,3.686068233455386e-09,0.14428857721462413,6
559,632794,Bamba,MID,Newcastle,Coventry City,0,2,49,0.1,a,,,0.5,0.9420012561590372,0.07214428857715431,0.06775481861953639,0.0007091680472270111,,0.14499774520153563,0.0,3.686068233455386e-09,0.1442885771928895,6
462,636852,Steur,MID,Newcastle,Coventry City,0,2,49,0.1,a,,,1.8,0.9420012561590372,0.07214428857715431,0.06775481861953639,0.0007091680472270111,,0.14499774520153563,0.0,3.686068233455386e-09,0.1442885771928895,6
381,514514,Koumas,MID,Liverpool,Man City,1,4,50,0.0,a,,,0.5,0.6187819674914339,0.07214428857715431,0.07939132066820619,0.0005458435289423996,,0.14483442068325103,0.0,3.686068233455386e-09,0.14428857717965166,6
579,445087,Araujo,DEF,Liverpool,Man City,1,4,54,3.0,a,,,5.2,0.6187819674914339,0.07214428857715431,0.07939132066820619,0.0005458435289423996,,0.14483442068325103,0.0,0.015085521482803115,0.1443922954727949,6
362,606702,Jacquet,DEF,Liverpool,Man City,1,4,50,3.5,a,100.0,,5.8,0.6187819674914339,0.07214428857715431,0.07939132066820619,0.0005458435289423996,,0.14483442068325103,0.0,3.686068233455386e-09,0.14428857717965166,6
561,622758,Anselmino,DEF,Chelsea,Bournemouth,1,3,45,0.0,a,100.0,,0.0,0.807963573932479,0.07214428857715431,0.060462424122906415,0.0005427937364773866,,0.14483137089078602,0.0,3.686068233455386e-09,0.14428857718739982,6
323,461587,McAteer,MID,Ipswich Town,Fulham,1,2,44,1.0,a,,,0.5,0.7072573030570777,0.07214428857715431,0.02048147429108789,0.0001609519141083077,,0.14444952906841693,0.0,3.686068233455386e-09,0.14428857718327529,6
321,557012,Walle Egeli,FWD,Ipswich Town,Fulham,1,2,45,3.5,a,,,0.0,0.7072573030570777,0.07214428857715431,0.02048147429108789,0.0001609519141083077,,0.14444952906841693,0.0,3.686068233455386e-09,0.14428857718327529,6
601,611917,Williams-Barnett,MID,Spurs,Man Utd,0,4,45,0.1,a,,,0.0,0.42482927426869216,0.07214428857715431,0.02710020287213478,0.00012792177243003717,,0.14441649892673866,0.0,3.686068233455386e-09,0.14428857717170807,6
294,553783,Zambrano,MID,Hull City,Everton,1,3,45,0.1,a,100.0,,0.0,0.3134275589731391,0.07214428857715431,0.032021286901554966,0.00011151504209703252,,0.14440009219640565,0.0,3.686068233455386e-09,0.14428857716714547,6
288,171270,Dowell,MID,Hull City,Everton,1,3,45,0.3,a,,,0.0,0.3134275589731391,0.07214428857715431,0.032021286901554966,0.00011151504209703252,,0.14440009219640565,0.0,3.686068233455386e-09,0.14428857716714547,6
662,636846,Nicoll-Jazuli,MID,Chelsea,Bournemouth,1,3,45,0.0,a,,,1.1,0.3134275589731391,0.07214428857715431,0.032021286901554966,0.00011151504209703252,,0.14440009219640565,0.0,3.686068233455386e-09,0.14428857716714547,6
289,101282,Crooks,MID,Hull City,Everton,1,3,44,0.5,a,100.0,,0.2,0.3134275589731391,0.07214428857715431,0.032021286901554966,0.00011151504209703252,,0.14440009219640565,0.0,3.686068233455386e-09,0.14428857716714547,6
290,243413,Slater,MID,Hull City,Everton,1,3,45,5.3,a,,,2.2,0.3134275589731391,0.07214428857715431,0.032021286901554966,0.00011151504209703252,,0.14440009219640565,0.0,3.686068233455386e-09,0.14428857716714547,6
541,93605,Meunier,DEF,Sunderland,Brighton,1,3,45,0.3,a,100.0,,3.2,0.3134275589731391,0.07214428857715431,0.027780394560529068,9.674601393796997e-05,,0.1443853231682466,0.0,3.686068233455386e-09,0.14428857716714547,6
613,696104,Ahoka,MID,Sunderland,Brighton,1,3,45,0.2,a,,,0.0,0.3134275589731391,0.07214428857715431,0.027780394560529068,9.674601393796997e-05,,0.1443853231682466,0.0,3.686068233455386e-09,0.14428857716714547,6
651,661313,J.Angulo,FWD,Sunderland,Brighton,1,3,45,0.7,a,,,0.0,0.3134275589731391,0.07214428857715431,0.027780394560529068,9.674601393796997e-05,,0.1443853231682466,0.0,3.686068233455386e-09,0.14428857716714547,6
612,638411,Methalie,DEF,Sunderland,Brighton,1,3,45,0.0,a,100.0,,-0.2,0.3134275589731391,0.07214428857715431,0.027780394560529068,9.674601393796997e-05,,0.1443853231682466,0.0,3.686068233455386e-09,0.14428857716714547,6
605,611695,Yalcouyé,MID,Brighton,Sunderland,0,3,45,4.0,a,,,4.8,0.34111617432191643,0.07214428857715431,0.022787174289998092,8.636748574900979e-05,,0.14437494464005762,0.0,3.686068233455386e-09,0.14428857716827947,6
658,661016,Ibrahim,MID,Brighton,Sunderland,0,3,45,0.0,a,,,0.0,0.3134275589731391,0.07214428857715431,0.022787174289998092,7.935698237343973e-05,,0.14436793413668206,0.0,3.686068233455386e-09,0.14428857716714547,6
119,451490,Costinha,DEF,Brighton,Sunderland,0,3,45,0.0,a,,,0.8,0.3134275589731391,0.07214428857715431,0.022787174289998092,7.935698237343973e-05,,0.14436793413668206,0.0,3.686068233455386e-09,0.14428857716714547,6
614,512123,Hadjam,DEF,Brighton,Sunderland,0,3,45,0.0,a,,,0.0,0.3134275589731391,0.07214428857715431,0.022787174289998092,7.935698237343973e-05,,0.14436793413668206,0.0,3.686068233455386e-09,0.14428857716714547,6
573,494928,Sanchez,DEF,Bournemouth,Chelsea,0,4,44,0.2,a,,,0.0,0.21031044529666051,0.07214428857715431,0.0280194785623827,6.547543348261044e-05,,0.14435405258779124,0.0,3.686068233455386e-09,0.14428857716292218,6
185,501459,Sakamoto,MID,Coventry City,Newcastle,1,3,48,0.1,a,,,0.2,0.7218990811679127,0.06451612903225806,0.08441176556942506,0.0006770752889369912,,0.1297093333534531,0.0,3.7541125173794124e-09,0.12903225809462823,6
184,168144,Grimes,MID,Coventry City,Newcastle,1,3,49,0.1,a,,,2.2,0.7218990811679127,0.06451612903225806,0.08441176556942506,0.0006770752889369912,,0.1297093333534531,0.0,3.686068233455386e-09,0.12903225809408245,6
183,480457,Rudoni,MID,Coventry City,Newcastle,1,3,49,0.1,a,100.0,,3.0,0.7218990811679127,0.06451612903225806,0.08441176556942506,0.0006770752889369912,,0.1297093333534531,0.0,3.686068233455386e-09,0.12903225809408245,6
195,218997,Simms,FWD,Coventry City,Newcastle,1,3,49,0.6,a,,,0.5,0.7218990811679127,0.06451612903225806,0.08441176556942506,0.0006770752889369912,,0.1297093333534531,0.0,3.686068233455386e-09,0.12903225809408245,6
575,661888,Yirenkyi,MID,Coventry City,Newcastle,1,3,48,0.1,a,,,2.0,0.7218990811679127,0.06451612903225806,0.08441176556942506,0.0006770752889369912,,0.1297093333534531,0.0,3.7541125173794124e-09,0.12903225809462823,6
377,551499,Munoz,MID,Liverpool,Man City,1,4,65,0.9,a,,,2.8,0.6187819674914339,0.06451612903225806,0.08570036810172195,0.0005892204709858181,,0.12962147853550193,0.0,0.015085521482803115,0.1291359763830024,6
221,672492,Drakes-Thomas,MID,Crystal Palace,Nott'm Forest,1,3,45,0.1,a,,,0.0,7.308510091867975,0.0356020942408377,0.6564802783225108,0.05330991932480407,,0.12451410780647947,0.0,1.2246608615003225,0.17065359143046244,6
100,244858,Carvalho,MID,Brentford,Aston Villa,0,3,50,0.0,a,100.0,,1.5,8.560048513726741,0.0012674271229404308,1.2053820460270288,0.11464587546185075,,0.1171807297077316,0.0,1.9973747566712419,0.1925084633258695,6
504,610799,Vuskovic,DEF,Brighton,Sunderland,0,3,50,3.6,a,,,6.5,3.0376544037461755,0.04570383912248629,0.22287662974334096,0.007522468620355172,,0.09893014686532775,0.0,0.5181515840553493,0.10889618314623689,6
636,500033,Ángel,MID,Fulham,Ipswich Town,0,2,50,0.0,a,,,0.0,0.9420012561590372,0.046976685037706974,0.06775481861953639,0.0007091680472270111,,0.09466253812264096,0.0,3.686068233455386e-09,0.09395337011399485,6
580,463210,Charles,MID,Fulham,Ipswich Town,0,2,50,0.1,a,,,3.0,0.9420012561590372,0.046976685037706974,0.06775481861953639,0.0007091680472270111,,0.09466253812264096,0.0,3.686068233455386e-09,0.09395337011399485,6
635,551050,Larsson,MID,Fulham,Ipswich Town,0,2,50,0.0,a,,,1.0,0.9420012561590372,0.046976685037706974,0.06775481861953639,0.0007091680472270111,,0.09466253812264096,0.0,3.686068233455386e-09,0.09395337011399485,6
340,462635,Gelhardt,MID,Hull City,Everton,1,3,50,0.0,a,100.0,,0.2,0.936417910139945,0.04570383912248629,0.07917946129704041,0.0008238340630420137,,0.09223151230801459,0.0,3.686068233455386e-09,0.0914076782833248,6
569,551466,Gonzalo,FWD,Fulham,Ipswich Town,0,2,60,3.9,a,,,2.0,0.9420012561590372,0.04570383912248629,0.07406386605305218,0.0007752028317552203,,0.0921828810767278,0.0,3.686068233455386e-09,0.09140767828355348,6
461,611665,Touré,MID,Newcastle,Coventry City,0,2,58,0.1,a,,,2.0,0.9420012561590372,0.04570383912248629,0.07406386605305218,0.0007752028317552203,,0.0921828810767278,0.0,3.686068233455386e-09,0.09140767828355348,6
634,613221,Fernandez-Pardo,FWD,Newcastle,Coventry City,0,2,60,0.1,a,,,1.3,0.9420012561590372,0.04570383912248629,0.07406386605305218,0.0007752028317552203,,0.0921828810767278,0.0,3.686068233455386e-09,0.09140767828355348,6
655,242893,Gboho,MID,Coventry City,Newcastle,1,3,55,0.0,a,,,0.0,0.7218990811679127,0.04570383912248629,0.09072081300294083,0.0007276807949958779,,0.09213535903996846,0.0,3.686068233455386e-09,0.0914076782745389,6
324,232457,Mehmeti,MID,Ipswich Town,Fulham,1,2,48,0.0,a,,,0.0,0.9490070702634388,0.04570383912248629,0.06763964868657325,0.0007132278314854793,,0.09212090607645805,0.0,3.7541125173794124e-09,0.0914076782845579,6
313,443261,Clarke,MID,Ipswich Town,Fulham,1,2,54,0.2,a,,,1.0,0.9490070702634388,0.04570383912248629,0.06763964868657325,0.0007132278314854793,,0.09212090607645805,0.0,3.686068233455386e-09,0.0914076782838404,6
309,501390,Núñez,MID,Ipswich Town,Fulham,1,2,49,0.1,a,,,0.5,0.9490070702634388,0.04570383912248629,0.06763964868657325,0.0007132278314854793,,0.09212090607645805,0.0,3.686068233455386e-09,0.0914076782838404,6
310,241117,Matusiwa,MID,Ipswich Town,Fulham,1,2,49,0.0,a,100.0,,0.0,0.9490070702634388,0.04570383912248629,0.06763964868657325,0.0007132278314854793,,0.09212090607645805,0.0,3.686068233455386e-09,0.0914076782838404,6
318,481624,Philogene,MID,Ipswich Town,Fulham,1,2,54,0.1,a,100.0,,0.5,0.9490070702634388,0.04570383912248629,0.06763964868657325,0.0007132278314854793,,0.09212090607645805,0.0,3.686068233455386e-09,0.0914076782838404,6
320,147675,Akpom,FWD,Ipswich Town,Fulham,1,2,50,1.2,a,,,1.5,0.9490070702634388,0.04570383912248629,0.06763964868657325,0.0007132278314854793,,0.09212090607645805,0.0,3.686068233455386e-09,0.0914076782838404,6
619,218543,Palacios,MID,Ipswich Town,Fulham,1,2,50,0.1,a,,,2.8,0.9490070702634388,0.04570383912248629,0.06763964868657325,0.0007132278314854793,,0.09212090607645805,0.0,3.686068233455386e-09,0.0914076782838404,6
562,442967,Maeda,MID,Ipswich Town,Fulham,1,2,53,0.2,a,,,1.5,0.9490070702634388,0.04570383912248629,0.06763964868657325,0.0007132278314854793,,0.09212090607645805,0.0,3.686068233455386e-09,0.0914076782838404,6
247,244860,Hackney,MID,Everton,Hull City,0,2,54,0.2,a,100.0,,1.8,0.9420012561590372,0.04570383912248629,0.06775481861953639,0.0007091680472270111,,0.09211684629219959,0.0,3.686068233455386e-09,0.09140767828355348,6
570,571779,Palacios,MID,Fulham,Ipswich Town,0,2,54,0.2,a,,,2.5,0.9420012561590372,0.04570383912248629,0.06775481861953639,0.0007091680472270111,,0.09211684629219959,0.0,3.686068233455386e-09,0.09140767828355348,6
557,439509,Tzolis,MID,Arsenal,Leeds,1,3,63,12.2,a,,,2.5,0.7218990811679127,0.04570383912248629,0.08758273750380939,0.000702509974779672,,0.09211018821975225,0.0,0.015085521482803115,0.0915286807349434,6
186,241293,Mason-Clark,MID,Coventry City,Newcastle,1,3,53,0.1,a,100.0,,1.2,0.7218990811679127,0.04570383912248629,0.08441176556942506,0.0006770752889369912,,0.09208475353390956,0.0,3.686068233455386e-09,0.0914076782745389,6
599,627221,Cherif,FWD,Coventry City,Newcastle,1,3,50,0.1,a,,,0.2,0.7218990811679127,0.04570383912248629,0.08441176556942506,0.0006770752889369912,,0.09208475353390956,0.0,3.686068233455386e-09,0.0914076782745389,6
584,196100,Hamer,MID,Coventry City,Newcastle,1,3,54,0.1,a,,,0.5,0.7218990811679127,0.04570383912248629,0.08441176556942506,0.0006770752889369912,,0.09208475353390956,0.0,3.686068233455386e-09,0.0914076782745389,6
194,230730,Thomas-Asante,FWD,Coventry City,Newcastle,1,3,50,0.8,a,,,1.8,0.7218990811679127,0.04570383912248629,0.08441176556942506,0.0006770752889369912,,0.09208475353390956,0.0,3.686068233455386e-09,0.0914076782745389,6
188,226965,Torp,MID,Coventry City,Newcastle,1,3,53,0.1,a,,,0.5,0.7218990811679127,0.04570383912248629,0.08441176556942506,0.0006770752889369912,,0.09208475353390956,0.0,3.686068233455386e-09,0.0914076782745389,6
646,549940,Fofana,MID,Sunderland,Brighton,1,3,55,0.0,a,,,1.0,0.7218990811679127,0.04570383912248629,0.08124761638953024,0.0006516953290964992,,0.09205937357406907,0.0,3.686068233455386e-09,0.0914076782745389,6
583,498444,Chavarria,DEF,Chelsea,Bournemouth,1,3,49,0.1,a,,,1.0,0.7218990811679127,0.04570383912248629,0.07917946129704041,0.0006351064484189309,,0.09204278469339151,0.0,3.686068233455386e-09,0.0914076782745389,6
292,208481,Ömür,MID,Hull City,Everton,1,3,49,0.0,a,,,0.0,0.7218990811679127,0.04570383912248629,0.07917946129704041,0.0006351064484189309,,0.09204278469339151,0.0,3.686068233455386e-09,0.0914076782745389,6
286,540324,Belloumi,MID,Hull City,Everton,1,3,51,5.0,a,,,7.0,0.7218990811679127,0.04570383912248629,0.07917946129704041,0.0006351064484189309,,0.09204278469339151,0.0,3.686068233455386e-09,0.0914076782745389,6
164,593117,Quenda,MID,Chelsea,Bournemouth,1,3,53,0.0,a,100.0,,0.2,0.7218990811679127,0.04570383912248629,0.07917946129704041,0.0006351064484189309,,0.09204278469339151,0.0,3.686068233455386e-09,0.0914076782745389,6
568,543158,Barco,MID,Chelsea,Bournemouth,1,3,54,0.1,a,,,0.8,0.7218990811679127,0.04570383912248629,0.07917946129704041,0.0006351064484189309,,0.09204278469339151,0.0,3.686068233455386e-09,0.0914076782745389,6
617,490884,Cho,MID,Hull City,Everton,1,3,50,0.0,a,,,2.2,0.7218990811679127,0.04570383912248629,0.07917946129704041,0.0006351064484189309,,0.09204278469339151,0.0,3.686068233455386e-09,0.0914076782745389,6
637,631000,Vaz,FWD,Hull City,Everton,1,3,50,0.1,a,,,0.7,0.7218990811679127,0.04570383912248629,0.07917946129704041,0.0006351064484189309,,0.09204278469339151,0.0,3.686068233455386e-09,0.0914076782745389,6
574,552946,Hjertø-Dahl,MID,Hull City,Everton,1,3,49,0.1,a,,,0.2,0.7218990811679127,0.04570383912248629,0.07917946129704041,0.0006351064484189309,,0.09204278469339151,0.0,3.686068233455386e-09,0.0914076782745389,6
576,608227,Stroud,MID,Hull City,Everton,1,3,50,0.1,a,,,1.0,0.7218990811679127,0.04570383912248629,0.07917946129704041,0.0006351064484189309,,0.09204278469339151,0.0,3.686068233455386e-09,0.0914076782745389,6
589,469266,Gourna-Douath,MID,Hull City,Everton,1,3,50,0.0,a,,,1.0,0.7218990811679127,0.04570383912248629,0.07917946129704041,0.0006351064484189309,,0.09204278469339151,0.0,3.686068233455386e-09,0.0914076782745389,6
645,647839,Mouzakitis,MID,Hull City,Everton,1,3,50,0.0,a,,,0.0,0.7218990811679127,0.04570383912248629,0.07917946129704041,0.0006351064484189309,,0.09204278469339151,0.0,3.686068233455386e-09,0.0914076782745389,6
581,568420,Diomande,DEF,Nott'm Forest,Crystal Palace,0,3,54,0.5,a,,,1.8,0.6682335027160067,0.04570383912248629,0.0720395774587367,0.0005348806575492522,,0.09194255890252183,0.0,0.015085521482803115,0.0915196854767587,6
558,204561,Schlager,MID,Nott'm Forest,Crystal Palace,0,3,50,0.1,a,,,3.0,0.6682335027160067,0.04570383912248629,0.0720395774587367,0.0005348806575492522,,0.09194255890252183,0.0,3.686068233455386e-09,0.09140767827234096,6
600,612855,Osman,MID,Brighton,Sunderland,0,3,50,0.0,a,,,0.5,0.6682335027160067,0.04570383912248629,0.06994534868548348,0.0005193313927865895,,0.09192700963775917,0.0,3.686068233455386e-09,0.09140767827234096,6
120,454490,Svoboda,DEF,Brighton,Sunderland,0,3,50,0.1,a,,,0.2,0.6682335027160067,0.04570383912248629,0.06994534868548348,0.0005193313927865895,,0.09192700963775917,0.0,3.686068233455386e-09,0.09140767827234096,6
616,637238,Bouaddi,MID,Man City,Liverpool,0,4,55,0.2,a,,,0.5,0.5651163890395281,0.04570383912248629,0.07834862489225249,0.0004919565776146912,,0.09189963482258727,0.0,0.015085521482803115,0.09150240130527414,6
628,624777,Allan,MID,Man City,Liverpool,0,4,60,0.0,a,,,0.0,0.5651163890395281,0.04570383912248629,0.07834862489225249,0.0004919565776146912,,0.09189963482258727,0.0,0.015085521482803115,0.09150240130527414,6
608,523700,Jebbison,FWD,Bournemouth,Chelsea,0,4,50,0.1,a,,,0.5,0.5651163890395281,0.04570383912248629,0.07517765295786813,0.00047204581973352486,,0.0918797240647061,0.0,3.686068233455386e-09,0.09140767826811766,6
566,483067,Silva,DEF,Bournemouth,Chelsea,0,4,50,0.4,a,,,2.8,0.5651163890395281,0.04570383912248629,0.07517765295786813,0.00047204581973352486,,0.0918797240647061,0.0,3.686068233455386e-09,0.09140767826811766,6
657,626464,Nunes,MID,Brentford,Aston Villa,0,3,45,0.0,a,,,0.0,0.571863938439596,0.04570383912248629,0.04252699571232679,0.0002702183917561668,,0.09167789663672875,0.0,3.686068233455386e-09,0.09140767826839402,6
630,245719,Harwood-Bellis,DEF,Aston Villa,Brentford,1,3,45,0.0,a,,,0.0,0.3134275589731391,0.04570383912248629,0.03411551567480818,0.00011880825334516659,,0.09152648649831774,0.0,3.686068233455386e-09,0.09140767825780942,6
596,487992,Ruggeri,DEF,Aston Villa,Brentford,1,3,45,0.1,a,,,1.0,0.3134275589731391,0.04570383912248629,0.03411551567480818,0.00011880825334516659,,0.09152648649831774,0.0,3.686068233455386e-09,0.09140767825780942,6
207,242313,Mingueza,DEF,Crystal Palace,Nott'm Forest,1,3,44,0.1,a,,,0.5,0.3134275589731391,0.04570383912248629,0.029874623333782265,0.00010403922518610399,,0.09151171747015868,0.0,3.686068233455386e-09,0.09140767825780942,6
93,513086,Schuster,DEF,Brentford,Aston Villa,0,3,45,0.3,a,,,5.2,0.3134275589731391,0.04570383912248629,0.0280194785623827,9.757863077230901e-05,,0.09150525687574489,0.0,3.686068233455386e-09,0.09140767825780942,6
604,592740,Cresswell,MID,Leeds,Arsenal,0,5,45,0.1,a,,,0.0,0.21031044529666051,0.04570383912248629,0.01588310948069469,3.711537586200567e-05,,0.09144479362083459,0.0,3.686068233455386e-09,0.09140767825358612,6
641,437497,Bard,DEF,Leeds,Arsenal,0,5,45,0.0,a,,,0.3,0.21031044529666051,0.04570383912248629,0.01588310948069469,3.711537586200567e-05,,0.09144479362083459,0.0,3.686068233455386e-09,0.09140767825358612,6
598,173774,Elvedi,DEF,Leeds,Arsenal,0,5,45,0.1,a,,,3.2,0.21031044529666051,0.04570383912248629,0.01588310948069469,3.711537586200567e-05,,0.09144479362083459,0.0,3.686068233455386e-09,0.09140767825358612,6
75,158499,Christie,MID,Bournemouth,Chelsea,0,4,50,0.0,a,100.0,,1.2,0.0,0.04570383912248629,0.42593674831709233,0.0,,0.09140767824497258,-3.495944001553523e-13,2.282296288704078,0.09140767824497258,6
316,543968,Emersonn,FWD,Ipswich Town,Fulham,1,2,55,3.5,a,100.0,,4.2,0.9490070702634388,0.0425531914893617,0.07394869612008902,0.0007797537272747444,,0.08588613670599815,0.0,3.686068233455386e-09,0.08510638301759123,6
594,538007,David,FWD,Brighton,Sunderland,0,3,59,0.2,a,,,0.2,0.6682335027160067,0.0425531914893617,0.07625439611899927,0.0005661749135121416,,0.08567255789223555,0.0,3.686068233455386e-09,0.08510638300609179,6
639,592984,Andrés,MID,Brighton,Sunderland,0,3,55,0.0,a,,,4.0,0.6682335027160067,0.0425531914893617,0.07625439611899927,0.0005661749135121416,,0.08567255789223555,0.0,3.686068233455386e-09,0.08510638300609179,6
633,605972,Ahanor,DEF,Crystal Palace,Nott'm Forest,1,3,45,0.0,a,,,1.0,0.3134275589731391,0.0425531914893617,0.029874623333782265,0.00010403922518610399,,0.08521042220390951,0.0,3.686068233455386e-09,0.08510638299156024,6
643,172850,Chilwell,DEF,Crystal Palace,Nott'm Forest,1,3,45,0.4,a,,,2.7,0.3134275589731391,0.0425531914893617,0.029874623333782265,0.00010403922518610399,,0.08521042220390951,0.0,3.686068233455386e-09,0.08510638299156024,6
166,517052,N.Jackson,FWD,Aston Villa,Brentford,1,3,65,1.4,a,,,2.5,1.5511255164021047,0.037815126050420166,0.12450845384898995,0.0021458693308104683,,0.0777761214316508,0.0,0.3340935759534331,0.08138826399558916,6
591,474120,Enciso,MID,Ipswich Town,Fulham,1,2,55,0.8,a,100.0,,2.5,1.163525899235473,0.037815126050420166,0.07394869612008902,0.0009560135905601922,,0.07658626569140052,0.0,3.686068233455386e-09,0.07563025214849406,6
295,169432,McBurnie,FWD,Hull City,Everton,1,3,55,1.9,a,,,2.0,0.7218990811679127,0.037815126050420166,0.08548850873055618,0.0006857119544778176,,0.07631596405531815,0.0,0.015085521482803115,0.07575125459081115,6
642,243951,Thomas,MID,Hull City,Everton,1,3,55,0.0,a,,,1.3,0.7218990811679127,0.037815126050420166,0.08548850873055618,0.0006857119544778176,,0.07631596405531815,0.0,0.015085521482803115,0.07575125459081115,6
81,561245,Rodríguez,FWD,Bournemouth,Chelsea,0,4,60,0.1,a,100.0,,0.5,0.5651163890395281,0.037815126050420166,0.08148670039138392,0.0005116607764436087,,0.07614191287728395,0.0,3.686068233455386e-09,0.07563025212398541,6
53,614071,Manzambi,MID,Aston Villa,Brentford,1,3,59,0.4,a,100.0,,3.5,0.7218990811679127,0.0356020942408377,0.08758273750380939,0.000702509974779672,,0.07190669845645507,0.0,0.015085521482803115,0.07132519097164622,6
631,638987,Mbaye,MID,Aston Villa,Brentford,1,3,60,0.1,a,,,0.7,0.7218990811679127,0.0356020942408377,0.08758273750380939,0.000702509974779672,,0.07190669845645507,0.0,0.015085521482803115,0.07132519097164622,6
647,533646,Osorio,MID,Crystal Palace,Nott'm Forest,1,3,55,0.0,a,,,0.3,0.7218990811679127,0.0356020942408377,0.08334184516278345,0.0006684933493983536,,0.07187268183107375,0.0,0.015085521482803115,0.07132519097164622,6
218,438464,Doucouré,MID,Crystal Palace,Nott'm Forest,1,3,48,0.0,a,,,0.0,0.7218990811679127,0.0356020942408377,0.07703279772926769,0.0006178878433394669,,0.07182207632501486,0.0,3.7541125173794124e-09,0.07120418851178752,6
595,559152,Gozo,MID,Crystal Palace,Nott'm Forest,1,3,50,0.0,a,,,0.5,0.7218990811679127,0.0356020942408377,0.07703279772926769,0.0006178878433394669,,0.07182207632501486,0.0,3.686068233455386e-09,0.07120418851124172,6
644,450063,Timber,MID,Crystal Palace,Nott'm Forest,1,3,50,0.0,a,,,3.0,0.7218990811679127,0.0356020942408377,0.07703279772926769,0.0006178878433394669,,0.07182207632501486,0.0,3.686068233455386e-09,0.07120418851124172,6
588,570794,Khalaili,DEF,Crystal Palace,Nott'm Forest,1,3,50,0.3,a,,,4.5,0.7218990811679127,0.0356020942408377,0.07703279772926769,0.0006178878433394669,,0.07182207632501486,0.0,3.686068233455386e-09,0.07120418851124172,6
565,513545,M.Sangaré,MID,Brentford,Aston Villa,0,3,56,10.0,a,,,2.0,0.6682335027160067,0.0356020942408377,0.08148670039138392,0.0006050238136367141,,0.0718092122953121,0.0,3.686068233455386e-09,0.07120418850904378,6
334,522047,Muharemović,DEF,Leeds,Arsenal,0,5,50,4.3,a,,,5.2,0.5651163890395281,0.0356020942408377,0.06304128387618009,0.0003958406967169191,,0.07160002917839231,0.0,3.686068233455386e-09,0.07120418850482048,6
648,587982,Bahoya,MID,Leeds,Arsenal,0,5,50,0.0,a,,,0.3,0.5651163890395281,0.0356020942408377,0.06304128387618009,0.0003958406967169191,,0.07160002917839231,0.0,3.686068233455386e-09,0.07120418850482048,6
429,176297,Rashford,MID,Man Utd,Spurs,1,2,70,1.5,d,75.0,Unspecified injury - 75% chance of playing,1.7,0.9195710574566998,0.034277879341864714,0.07328453521061913,0.0007487815282094642,,0.0693045402119389,0.0,0.07430049838764252,0.0693149207711948,6
577,223723,Tomiyasu,DEF,Crystal Palace,Nott'm Forest,1,3,44,0.3,d,75.0,Calf injury - 75% chance of playing,0.4,0.23507066922985434,0.034277879341864714,0.022405967500336698,5.852206416718349e-05,,0.0686142807478966,0.0,2.76455117509154e-09,0.06855575869095015,6
152,620109,Palestra,DEF,Chelsea,Bournemouth,1,3,53,0.6,d,50.0,Thigh injury - 50% chance of playing,0.0,0.36094954058395634,0.022851919561243144,0.039589730648520206,0.00015877661210473272,,0.04586261573459102,0.0,1.843034116727693e-09,0.04570383912987787,6
228,138001,King,GK,Everton,Hull City,0,2,45,0.0,a,,,0.0,4.364573190647952,0.0,0.17299831385544004,0.00838959780756393,,0.00838959780756393,0.0,0.10356473044979876,0.0050223982890874805,6
3,437495,Meslier,GK,Arsenal,Leeds,1,3,49,0.0,a,,,0.0,3.091319982198081,0.0,0.24234721455839933,0.008324142077715839,,0.008324142077715839,0.0,0.5315486042886842,0.018257631354967892,6
227,229600,Travers,GK,Everton,Hull City,0,2,50,0.0,a,,,0.0,2.216225810343532,0.0,0.14178047785250864,0.003491306160217435,,0.003491306160217435,0.0,0.42550078991610374,0.010477842588151444,6
386,122074,Bettinelli,GK,Man City,Liverpool,0,4,45,0.0,a,,,0.0,2.096534176043052,0.0,0.12361858560138801,0.0028796732167490386,,0.0028796732167490386,0.0,0.038099152432690755,0.0008875130572601105,6
443,81441,Gillespie,GK,Newcastle,Coventry City,0,2,45,0.0,a,,,0.0,2.028141621589077,0.0,0.0946223034570234,0.0021323047996869016,,0.0021323047996869016,0.0,3.5155667727634915e-05,7.922296994796917e-07,6
567,470551,Horníček,GK,Newcastle,Coventry City,0,2,50,1.5,a,,,3.2,0.9420012561590372,0.0,0.06775481861953639,0.0007091680472270111,,0.0007091680472270111,0.0,3.686068233455386e-09,3.858089895780996e-11,6
597,433969,Suzuki,GK,Aston Villa,Brentford,1,3,50,1.9,a,,,4.0,0.7218990811679127,0.0,0.08127369007029363,0.0006519044687207853,,0.0006519044687207853,0.0,3.686068233455386e-09,2.956632523170749e-11,6
667,481283,Wright,GK,Aston Villa,Brentford,1,3,40,0.1,a,,,1.0,0.9798148063279234,0.0,0.05941742947164505,0.0006468675238918104,,0.0006468675238918104,0.0,0.008027769876046755,8.739697540382099e-05,6
251,86873,Lecomte,GK,Fulham,Ipswich Town,0,2,40,1.1,a,,,0.0,1.502350937774848,0.0,0.03862395476342955,0.0006447414962156855,,0.0006447414962156855,0.0,0.008027769876046755,0.00013400586223910577,6
495,214572,Austin,GK,Spurs,Man Utd,0,4,40,1.0,a,,,0.0,0.9040988308466089,0.0,0.04908176795453702,0.0004930529891509053,,0.0004930529891509053,0.0,0.008027769876046755,8.064330399154997e-05,6
587,106921,Rulli,GK,Man City,Liverpool,0,4,50,0.0,a,,,0.0,0.5651163890395281,0.0,0.0720395774587367,0.0004523416209046074,,0.0004523416209046074,0.0,3.686068233455386e-09,2.3145084109373557e-11,6
572,473284,Tzolakis,GK,Hull City,Everton,1,3,47,12.7,a,,,6.0,0.5037882949981,0.0,0.07917946129704041,0.0004432187311744892,,0.0004432187311744892,0.0,3.7541125173794124e-09,2.1014199381795546e-11,6
661,235448,Balcombe,GK,Brentford,Aston Villa,0,3,40,0.0,a,,,1.0,0.9556389352436807,0.0,0.02854382488244191,0.0003030843379826541,,0.0003030843379826541,0.0,3.686068233455386e-09,3.913944802060956e-11,6
111,49262,Steele,GK,Brighton,Sunderland,0,3,40,4.1,a,,,0.0,0.9556389352436807,0.0,0.025029349148361392,0.00026576689522202673,,0.00026576689522202673,0.0,3.686068233455386e-09,3.913944802060956e-11,6
555,169593,Matthews,GK,Crystal Palace,Nott'm Forest,1,3,40,1.7,a,,,0.0,0.48504211174272593,0.0,0.039240703386030334,0.0002114821515181121,,0.0002114821515181121,0.0,3.686068233455386e-09,1.9865536888699776e-11,6
300,108813,Walton,GK,Ipswich Town,Fulham,1,2,44,0.4,a,,,0.5,0.7072573030570777,0.0,0.02048147429108789,0.0001609519141083077,,0.0001609519141083077,0.0,3.686068233455386e-09,2.8966651974200257e-11,6
564,240514,Scherpen,GK,Ipswich Town,Fulham,1,2,45,0.6,a,,,1.2,0.7072573030570777,0.0,0.02048147429108789,0.0001609519141083077,,0.0001609519141083077,0.0,3.686068233455386e-09,2.8966651974200257e-11,6
110,472739,Rushworth,GK,Coventry City,Newcastle,1,3,45,0.8,a,,,3.8,0.3134275589731391,0.0,0.037253591173939594,0.00012973669049590186,,0.00012973669049590186,0.0,3.686068233455386e-09,1.2836837429115031e-11,6
172,110690,Wilson,GK,Coventry City,Newcastle,1,3,44,0.4,a,,,0.0,0.3134275589731391,0.0,0.037253591173939594,0.00012973669049590186,,0.00012973669049590186,0.0,3.686068233455386e-09,1.2836837429115031e-11,6
590,428971,Benda,GK,Nott'm Forest,Crystal Palace,0,3,45,0.1,a,,,0.0,0.41749961320134354,0.0,0.024881403063251286,0.00011542195727571262,,0.00011542195727571262,0.0,3.686068233455386e-09,1.709924513001537e-11,6
560,549939,Penders,GK,Chelsea,Bournemouth,1,3,44,0.1,a,,,0.0,0.3134275589731391,0.0,0.032021286901554966,0.00011151504209703252,,0.00011151504209703252,0.0,3.686068233455386e-09,1.2836837429115031e-11,6
625,97846,Cairns,GK,Leeds,Arsenal,0,5,40,0.2,a,,,0.0,0.3819249980662475,0.0,0.02266467762273141,9.618007730259797e-05,,9.618007730259797e-05,0.0,3.686068233455386e-09,1.564224003260561e-11,6
615,230650,Di Gregorio,GK,Bournemouth,Chelsea,0,4,45,0.0,a,,,0.0,0.21031044529666051,0.0,0.0280194785623827,6.547543348261044e-05,,6.547543348261044e-05,0.0,3.686068233455386e-09,8.613540573020856e-12,6
301,112520,Palmer,GK,Ipswich Town,Fulham,1,2,40,3.9,a,,,0.0,0.4044202552949278,0.0,0.009893175476963292,4.445556168967794e-05,,4.445556168967794e-05,0.0,3.686068233455386e-09,1.6563562844539453e-11,6
302,50093,Button,GK,Ipswich Town,Fulham,1,2,40,0.6,a,,,0.0,0.4044202552949278,0.0,0.009893175476963292,4.445556168967794e-05,,4.445556168967794e-05,0.0,3.686068233455386e-09,1.6563562844539453e-11,6
444,554578,Jaouen,GK,Newcastle,Coventry City,0,2,44,0.0,d,50.0,Ankle injury - 50% chance of playing,0.0,0.37695853370229115,0.0,0.010298322112025506,4.3133782254922413e-05,,4.3133782254922413e-05,0.0,1.843034116727693e-09,7.719415980055206e-12,6
58,40383,Forster,GK,Bournemouth,Chelsea,0,4,40,3.5,a,,,0.0,0.043797146711145825,0.0,0.0250361085464462,1.2183445767609733e-05,,1.2183445767609733e-05,0.0,3.686068233455386e-09,1.7937696800882183e-12,6
273,167825,Phillips,GK,Hull City,Everton,1,3,40,1.4,a,,,0.0,0.01059051121098919,0.0,0.019550618685343003,2.3005671818766646e-06,,2.3005671818766646e-06,0.0,3.686068233455386e-09,4.337482994542265e-13,6
348,235826,Piroe,FWD,Leeds,Arsenal,0,5,50,0.1,u,0.0,Has joined West Ham United on loan for the rest of the season,0.0,0.0,0.0,0.0,0.0,,0.0,0.0,0.0,0.0,6
342,221399,Harrison,MID,Leeds,Arsenal,0,5,50,0.0,u,0.0,Has joined New England Revolution permanently,0.0,0.0,0.0,0.0,0.0,,0.0,0.0,0.0,0.0,6
333,437738,Bornauw,DEF,Leeds,Arsenal,0,5,45,0.0,u,0.0,Has joined Hamburg SV on loan for the rest of the season,0.0,0.0,0.0,0.0,0.0,,0.0,0.0,0.0,0.0,6
349,565297,Mateo Joseph,FWD,Leeds,Arsenal,0,5,45,0.1,i,0.0,Knee injury - Unknown return date,0.0,0.0,0.0,0.0,0.0,,0.0,0.0,0.0,0.0,6
341,492859,Gnonto,MID,Leeds,Arsenal,0,5,50,0.0,u,0.0,Has joined ACF Fiorentina on loan for the rest of the season,0.0,0.0,0.0,0.0,0.0,,0.0,0.0,0.0,0.0,6
139,487117,Ferguson,FWD,Brighton,Sunderland,0,3,50,0.0,i,0.0,Ankle injury - Expected back 10 Oct,0.0,0.0,0.0,0.0,0.0,,0.0,0.0,0.0,0.0,6
143,180736,Chalobah,DEF,Chelsea,Bournemouth,1,3,55,0.1,u,0.0,Has joined Como permanently,0.0,0.0,0.0,0.0,0.0,,0.0,0.0,0.0,0.0,6
141,508479,Jörgensen,GK,Chelsea,Bournemouth,1,3,50,0.0,u,0.0,Has joined RC Strasbourg on loan for the rest of the season,0.0,0.0,0.0,0.0,0.0,,0.0,0.0,0.0,0.0,6
140,215059,Sánchez,GK,Chelsea,Bournemouth,1,3,49,0.7,u,0.0,Has joined Como on loan for the rest of the season,0.0,0.0,0.0,0.0,0.0,,0.0,0.0,0.0,0.0,6
652,471551,Azeez,MID,Brighton,Sunderland,0,3,55,0.0,i,0.0,Hamstring injury - Expected back 10 Oct,0.0,0.0,0.0,0.0,0.0,,0.0,0.0,0.0,0.0,6
624,519324,Cozier-Duberry,MID,Brighton,Sunderland,0,3,50,0.0,u,0.0,Has joined Middlesbrough on loan for the rest of the season,0.0,0.0,0.0,0.0,0.0,,0.0,0.0,0.0,0.0,6
260,153682,Wilson,MID,Leeds,Arsenal,0,5,62,1.7,i,0.0,Thigh injury - Unknown return date,0.0,0.0,0.0,0.0,0.0,,0.0,-0.0,0.0,0.0,6
326,201595,Perri,GK,Leeds,Arsenal,0,5,45,0.3,u,0.0,Has joined Torino on loan for the rest of the season,0.0,0.0,0.0,0.0,0.0,,0.0,0.0,0.0,0.0,6
329,214225,Rodon,DEF,Leeds,Arsenal,0,5,43,0.8,i,0.0,Hamstring injury - Expected back 21 Nov,0.0,0.0,0.0,0.0,0.0,,0.0,0.0,0.0,0.0,6
322,462387,Al-Hamadi,FWD,Ipswich Town,Fulham,1,2,50,0.1,u,0.0,Has joined Sheffield Wednesday on loan for the rest of the season,0.0,0.0,0.0,0.0,0.0,,0.0,0.0,0.0,0.0,6
554,546600,Van Oevelen,GK,Ipswich Town,Fulham,1,2,45,0.0,u,0.0,Has joined Valencia on loan for the rest of the season,0.0,0.0,0.0,0.0,0.0,,0.0,0.0,0.0,0.0,6
602,524180,Humphreys,MID,Ipswich Town,Fulham,1,2,45,0.0,u,0.0,Has joined Huddersfield Town on loan for the rest of the season,0.0,0.0,0.0,0.0,0.0,,0.0,0.0,0.0,0.0,6
546,535818,Adingra,MID,Sunderland,Brighton,1,3,49,0.0,u,0.0,Has joined Ajax on loan for the rest of the season,0.0,0.0,0.0,0.0,0.0,,0.0,-0.0,0.0,0.0,6
30,101188,Digne,DEF,Aston Villa,Brentford,1,3,45,0.0,u,0.0,Has joined Paris Saint-Germain permanently,0.0,0.0,0.0,0.0,0.0,,0.0,0.0,0.0,0.0,6
315,531442,Fatawu,MID,Ipswich Town,Fulham,1,2,54,0.2,s,0.0,Suspended until 17 Oct,0.0,0.0,0.0,0.0,0.0,,0.0,0.0,0.0,0.0,6
133,549074,Watson,MID,Brighton,Sunderland,0,3,50,0.0,u,0.0,Has joined Leicester City on loan for the rest of the season,0.0,0.0,0.0,0.0,0.0,,0.0,0.0,0.0,0.0,6
523,499721,Moore,MID,Spurs,Man Utd,0,4,50,0.1,u,0.0,Has joined FC Köln on loan for the rest of the season,0.0,0.0,0.0,0.0,0.0,,0.0,0.0,0.0,0.0,6
485,476887,Bakwa,MID,Nott'm Forest,Crystal Palace,0,3,55,0.0,u,0.0,Has joined Lille on loan for the rest of the season,0.0,0.0,0.0,0.0,0.0,,0.0,0.0,0.0,0.0,6
182,539142,Amenda,DEF,Coventry City,Newcastle,1,3,40,0.6,i,0.0,Calf injury - Unknown return date,0.0,0.0,0.0,0.0,0.0,,0.0,0.0,0.0,0.0,6
63,620487,Milosavljević,DEF,Bournemouth,Chelsea,0,4,49,0.0,i,0.0,Thigh injury - Unknown return date,0.0,0.0,0.0,0.0,0.0,,0.0,0.0,0.0,0.0,6
65,436893,J.Araujo,DEF,Bournemouth,Chelsea,0,4,44,0.0,i,0.0,Thigh injury - Unknown return date,0.0,0.0,0.0,0.0,0.0,,0.0,0.0,0.0,0.0,6
181,577411,Brau,DEF,Coventry City,Newcastle,1,3,40,0.0,u,0.0,Has joined Academico de Viseu on loan for the rest of the season,0.0,0.0,0.0,0.0,0.0,,0.0,0.0,0.0,0.0,6
540,105717,Masuaku,DEF,Sunderland,Brighton,1,3,40,0.1,u,0.0,Has joined Konyaspor permanently,0.0,0.0,0.0,0.0,0.0,,0.0,0.0,0.0,0.0,6
177,465390,Kesler-Hayden,DEF,Coventry City,Newcastle,1,3,39,0.0,i,0.0,Hamstring injury - Unknown return date,0.0,0.0,0.0,0.0,0.0,,0.0,0.0,0.0,0.0,6
180,220583,Woolfenden,DEF,Coventry City,Newcastle,1,3,40,0.1,i,0.0,Knee injury - Unknown return date,0.0,0.0,0.0,0.0,0.0,,0.0,0.0,0.0,0.0,6
6,462424,Saliba,DEF,Arsenal,Leeds,1,3,59,0.2,i,0.0,Back injury - Unknown return date,0.0,0.0,0.0,0.0,0.0,,0.0,0.0,0.0,0.0,6
543,547027,Diarra,MID,Sunderland,Brighton,1,3,54,0.0,i,0.0,Hamstring injury - Unknown return date,0.0,0.0,0.0,0.0,0.0,,0.0,0.0,0.0,0.0,6
547,461199,Mundle,MID,Sunderland,Brighton,1,3,49,0.0,i,0.0,Knee injury - Unknown return date,0.0,0.0,0.0,0.0,0.0,,0.0,0.0,0.0,0.0,6
494,184254,Vicario,GK,Spurs,Man Utd,0,4,45,0.1,u,0.0,Has joined Juventus on loan for the rest of the season,0.0,0.0,0.0,0.0,0.0,,0.0,0.0,0.0,0.0,6
507,548308,Phillips,DEF,Spurs,Man Utd,0,4,45,0.0,u,0.0,Has joined Middlesbrough permanently,0.0,0.0,0.0,0.0,0.0,,0.0,0.0,0.0,0.0,6
511,616221,Souza,DEF,Spurs,Man Utd,0,4,40,0.2,u,0.0,Has joined FC Porto on loan for the rest of the season,0.0,0.0,0.0,0.0,0.0,,0.0,0.0,0.0,0.0,6
500,221632,Romero,DEF,Spurs,Man Utd,0,4,50,0.1,u,0.0,Has joined Atletico Madrid permanently,0.0,0.0,0.0,0.0,0.0,,0.0,0.0,0.0,0.0,6
505,232859,Spence,DEF,Spurs,Man Utd,0,4,45,0.2,u,0.0,Has joined Internazionale permanently,0.0,0.0,0.0,0.0,0.0,,0.0,-0.0,0.0,0.0,6
319,172453,Szmodics,MID,Ipswich Town,Fulham,1,2,50,0.0,u,0.0,Has joined Derby County on loan for the rest of the season,0.0,0.0,0.0,0.0,0.0,,0.0,0.0,0.0,0.0,6
317,222625,Hirst,FWD,Ipswich Town,Fulham,1,2,50,0.1,u,0.0,Has joined Stoke City permanently,0.0,0.0,0.0,0.0,0.0,,0.0,0.0,0.0,0.0,6
521,445044,Kulusevski,MID,Spurs,Man Utd,0,4,65,0.0,i,0.0,Knee injury - Unknown return date,0.0,0.0,0.0,0.0,0.0,,0.0,0.0,0.0,0.0,6
528,490145,Scarlett,FWD,Spurs,Man Utd,0,4,45,1.1,u,0.0,Has joined Leyton Orient permanently,0.0,0.0,0.0,0.0,0.0,,0.0,0.0,0.0,0.0,6
538,477547,Hjelde,DEF,Sunderland,Brighton,1,3,40,0.0,u,0.0,Has joined KV Mechelen on loan for the rest of the season,0.0,0.0,0.0,0.0,0.0,,0.0,0.0,0.0,0.0,6
578,465920,Mudryk,MID,Spurs,Man Utd,0,4,53,0.0,i,0.0,Ankle injury - Unknown return date,0.0,0.0,0.0,0.0,0.0,,0.0,0.0,0.0,0.0,6
530,232571,Patterson,GK,Sunderland,Brighton,1,3,40,0.1,u,0.0,Has joined Wrexham permanently,0.0,0.0,0.0,0.0,0.0,,0.0,0.0,0.0,0.0,6
537,519634,Seelt,DEF,Sunderland,Brighton,1,3,45,0.0,u,0.0,Has joined Swansea City on loan for the rest of the season,0.0,0.0,0.0,0.0,0.0,,0.0,0.0,0.0,0.0,6
527,212319,Richarlison,FWD,Spurs,Man Utd,0,4,59,0.6,u,0.0,not included in squad.,0.0,0.0,0.0,0.0,0.0,,0.0,0.0,0.0,0.0,6
39,578545,Nedeljkovic,DEF,Aston Villa,Brentford,1,3,40,0.1,u,0.0,Has joined Rangers on loan for the rest of the season,0.0,0.0,0.0,0.0,0.0,,0.0,0.0,0.0,0.0,6
513,493362,Xavi,MID,Spurs,Man Utd,0,4,59,0.0,i,0.0,Knee injury - Unknown return date,0.0,0.0,0.0,0.0,0.0,,0.0,0.0,0.0,0.0,6
517,550839,Odobert,MID,Spurs,Man Utd,0,4,55,0.0,i,0.0,Knee injury - Unknown return date,0.0,0.0,0.0,0.0,0.0,,0.0,0.0,0.0,0.0,6
518,482442,P.M.Sarr,MID,Spurs,Man Utd,0,4,49,0.1,u,0.0,Has joined Juventus on loan for the rest of the season,0.0,0.0,0.0,0.0,0.0,,0.0,0.0,0.0,0.0,6
44,215711,Bailey,MID,Aston Villa,Brentford,1,3,54,0.1,u,0.0,Has joined Olympiakos permanently,0.0,0.0,0.0,0.0,0.0,,0.0,0.0,0.0,0.0,6
34,244954,Pau,DEF,Aston Villa,Brentford,1,3,45,0.3,i,0.0,Hamstring injury - Expected back 10 Oct,0.0,0.0,0.0,0.0,0.0,,0.0,0.0,0.0,0.0,6
36,441302,Maatsen,DEF,Aston Villa,Brentford,1,3,44,0.5,i,0.0,Ankle injury - Unknown return date,0.0,0.0,0.0,0.0,0.0,,0.0,-0.0,0.0,0.0,6
408,155405,Phillips,MID,Man City,Liverpool,0,4,50,0.0,u,0.0,Has joined Sheffield United on loan for the rest of the season,0.0,0.0,0.0,0.0,0.0,,0.0,0.0,0.0,0.0,6
407,575204,Echeverri,MID,Man City,Liverpool,0,4,49,0.0,u,0.0,Has joined Benfica on loan for the rest of the season,0.0,0.0,0.0,0.0,0.0,,0.0,0.0,0.0,0.0,6
297,470294,Gyabi,MID,Hull City,Everton,1,3,44,0.0,i,0.0,Thigh injury - Unknown return date,0.0,0.0,0.0,0.0,0.0,,0.0,0.0,0.0,0.0,6
296,213292,Akintola,MID,Hull City,Everton,1,3,50,0.0,u,0.0,Has joined Omonoia FC permanently,0.0,0.0,0.0,0.0,0.0,,0.0,0.0,0.0,0.0,6
293,490161,Kamara,MID,Hull City,Everton,1,3,50,0.0,u,0.0,Has joined Portsmouth permanently,0.0,0.0,0.0,0.0,0.0,,0.0,0.0,0.0,0.0,6
291,465525,Matazo,MID,Hull City,Everton,1,3,45,0.0,i,0.0,Knee injury - Unknown return date,0.0,0.0,0.0,0.0,0.0,,0.0,0.0,0.0,0.0,6
287,232905,Millar,MID,Hull City,Everton,1,3,50,0.0,u,0.0,Has joined Birmingham on loan for the rest of the season,0.0,0.0,0.0,0.0,0.0,,0.0,0.0,0.0,0.0,6
283,449428,Jacob,DEF,Hull City,Everton,1,3,40,0.0,u,0.0,Has joined Newport County on loan until January,0.0,0.0,0.0,0.0,0.0,,0.0,0.0,0.0,0.0,6
275,494950,Cartwright,GK,Hull City,Everton,1,3,40,0.0,u,0.0,Has joined Grimsby Town on loan for the rest of the season,0.0,0.0,0.0,0.0,0.0,,0.0,0.0,0.0,0.0,6
281,433590,Drameh,DEF,Hull City,Everton,1,3,40,0.0,u,0.0,Has joined Genoa permanently,0.0,0.0,0.0,0.0,0.0,,0.0,0.0,0.0,0.0,6
278,501902,Hughes,DEF,Hull City,Everton,1,3,39,0.2,i,0.0,Groin injury - Unknown return date,0.0,0.0,0.0,0.0,0.0,,0.0,0.0,0.0,0.0,6
276,444307,Lo-Tutala,GK,Hull City,Everton,1,3,40,0.0,u,0.0,Has joined Colchester United on loan for the rest of the season,0.0,0.0,0.0,0.0,0.0,,0.0,0.0,0.0,0.0,6
610,547686,De Fougerolles,DEF,Fulham,Ipswich Town,0,2,40,0.1,u,0.0,has joined  Real Salt Lake on loan for the rest of the seaon.,0.0,0.0,0.0,0.0,0.0,,0.0,0.0,0.0,0.0,6
274,105666,Butland,GK,Hull City,Everton,1,3,44,0.1,i,0.0,Arm injury - Unknown return date,0.0,0.0,0.0,0.0,0.0,,0.0,0.0,0.0,0.0,6
402,220566,Rodrigo,MID,Man City,Liverpool,0,4,65,0.0,u,0.0,Has joined Barcelona permanently,0.0,0.0,0.0,0.0,0.0,,0.0,0.0,0.0,0.0,6
404,433036,Reijnders,MID,Man City,Liverpool,0,4,60,0.0,u,0.0,Has joined Al Qadsiah permanently,0.0,0.0,0.0,0.0,0.0,,0.0,0.0,0.0,0.0,6
360,492777,Bradley,DEF,Liverpool,Man City,1,4,50,0.0,i,0.0,Knee injury - Unknown return date,0.0,0.0,0.0,0.0,0.0,,0.0,0.0,0.0,0.0,6
370,223541,Chiesa,MID,Liverpool,Man City,1,4,53,0.0,i,0.0,Back injury - Unknown return date,0.0,0.0,0.0,0.0,0.0,,0.0,0.0,0.0,0.0,6
398,209244,Foden,MID,Man City,Liverpool,0,4,69,1.8,s,0.0,Suspended until 17 Oct,0.0,0.0,0.0,0.0,0.0,,0.0,0.0,0.0,0.0,6
394,494307,Alleyne,DEF,Man City,Liverpool,0,4,50,0.0,u,0.0,Has joined Burnley on loan for the rest of the season,0.0,0.0,0.0,0.0,0.0,,0.0,0.0,0.0,0.0,6
383,444884,Elliott,MID,Liverpool,Man City,1,4,54,0.0,u,0.0,Has joined Valencia on loan for the rest of the season,0.0,0.0,0.0,0.0,0.0,,0.0,0.0,0.0,0.0,6
380,510663,Ekitiké,FWD,Liverpool,Man City,1,4,74,0.1,i,0.0,Achilles injury - Unknown return date,0.0,0.0,0.0,0.0,0.0,,0.0,0.0,0.0,0.0,6
376,535928,Bajcetic,MID,Liverpool,Man City,1,4,50,0.0,u,0.0,Has joined Celta Vigo permanently,0.0,0.0,0.0,0.0,0.0,,0.0,0.0,0.0,0.0,6
373,206915,C.Jones,MID,Liverpool,Man City,1,4,55,0.0,u,0.0,Has joined Internazionale permanently,0.0,0.0,0.0,0.0,0.0,,0.0,0.0,0.0,0.0,6
314,229164,Ogbene,MID,Ipswich Town,Fulham,1,2,49,0.0,u,0.0,Has joined Lincoln City on loan until January,0.0,0.0,0.0,0.0,0.0,,0.0,0.0,0.0,0.0,6
355,464353,Davies,GK,Liverpool,Man City,1,4,40,0.2,a,,,0.0,0.0,0.0,0.02164484745859621,0.0,,0.0,0.0,3.686068233455386e-09,0.0,6
365,489580,Ramsay,DEF,Liverpool,Man City,1,4,40,0.1,u,0.0,Has joined St Mirren on loan for the rest of the season,0.0,0.0,0.0,0.0,0.0,,0.0,0.0,0.0,0.0,6
363,647681,Leoni,DEF,Liverpool,Man City,1,4,40,0.0,i,0.0,Knee injury - Unknown return date,0.0,0.0,0.0,0.0,0.0,,0.0,0.0,0.0,0.0,6
312,231899,Taylor,MID,Ipswich Town,Fulham,1,2,44,0.0,i,0.0,Knee injury - Unknown return date,0.0,0.0,0.0,0.0,0.0,,0.0,0.0,0.0,0.0,6
632,626751,Ansah,FWD,Hull City,Everton,1,3,50,0.0,i,0.0,Back injury - Unknown return date,0.0,0.0,0.0,0.0,0.0,,0.0,0.0,0.0,0.0,6
307,222018,Johnson,DEF,Ipswich Town,Fulham,1,2,40,0.1,u,0.0,Has joined Stoke City on loan for the rest of the season,0.0,0.0,0.0,0.0,0.0,,0.0,0.0,0.0,0.0,6
311,149929,Burns,MID,Ipswich Town,Fulham,1,2,50,0.0,u,0.0,Has joined Leicester City permanently,0.0,0.0,0.0,0.0,0.0,,0.0,0.0,0.0,0.0,6
130,467779,Wieffer,DEF,Brighton,Sunderland,0,3,49,0.2,i,0.0,Knee injury - Unknown return date,0.0,0.0,0.0,0.0,0.0,,0.0,0.0,0.0,0.0,6
132,597320,Howell,MID,Brighton,Sunderland,0,3,45,0.0,u,0.0,Has joined Leicester City on loan for the rest of the season,0.0,0.0,0.0,0.0,0.0,,0.0,0.0,0.0,0.0,6
128,536916,Buonanotte,MID,Brighton,Sunderland,0,3,50,0.0,u,0.0,Has joined Elche on loan for the rest of the season,0.0,0.0,0.0,0.0,0.0,,0.0,0.0,0.0,0.0,6
353,586268,Pecsi,GK,Liverpool,Man City,1,4,40,0.0,u,0.0,Has joined TSV Hartberg on loan for the rest of the season,0.0,0.0,0.0,0.0,0.0,,0.0,0.0,0.0,0.0,6
354,432987,Jaros,GK,Liverpool,Man City,1,4,40,0.0,i,0.0,Knee injury - Unknown return date,0.0,0.0,0.0,0.0,0.0,,0.0,0.0,0.0,0.0,6
298,500957,Destan,FWD,Hull City,Everton,1,3,45,0.2,u,0.0,Has joined Konyaspor permanently,0.0,0.0,0.0,0.0,0.0,,0.0,0.0,0.0,0.0,6
299,534392,Burstow,FWD,Hull City,Everton,1,3,45,0.0,u,0.0,Has joined Sheffield Wednesday on loan for the rest of the season,0.0,0.0,0.0,0.0,0.0,,0.0,0.0,0.0,0.0,6
563,445028,Morita,MID,Hull City,Everton,1,3,50,0.0,i,0.0,Calf injury - Expected back 11 Oct,0.0,0.0,0.0,0.0,0.0,,0.0,0.0,0.0,0.0,6
629,155465,Zetterer,GK,Leeds,Arsenal,0,5,40,0.7,a,,,0.0,0.0,0.0,0.007164763499585049,0.0,,0.0,0.0,3.686068233455386e-09,0.0,6
137,608181,Tzimas,FWD,Brighton,Sunderland,0,3,54,0.0,i,0.0,Knee injury - Unknown return date,0.0,0.0,0.0,0.0,0.0,,0.0,0.0,0.0,0.0,6
135,700308,Yohanna,MID,Brighton,Sunderland,0,3,49,0.0,i,0.0,Unspecified injury - Expected back 10 Oct,0.0,0.0,0.0,0.0,0.0,,0.0,0.0,0.0,0.0,6
414,21205,Heaton,GK,Man Utd,Spurs,1,2,40,0.1,i,0.0,Hamstring injury - Unknown return date,0.0,0.0,0.0,0.0,0.0,,0.0,0.0,0.0,0.0,6
416,209365,De Ligt,DEF,Man Utd,Spurs,1,2,50,0.0,i,0.0,Back injury - Unknown return date,0.0,0.0,0.0,0.0,0.0,,0.0,0.0,0.0,0.0,6
122,592031,Minteh,MID,Brighton,Sunderland,0,3,58,0.0,i,0.0,Leg injury - Expected back 28 Nov,0.0,0.0,0.0,0.0,0.0,,0.0,0.0,0.0,0.0,6
123,532529,Hinshelwood,MID,Brighton,Sunderland,0,3,59,0.6,i,0.0,Ankle injury - Expected back 10 Oct,0.0,0.0,0.0,0.0,0.0,,0.0,0.0,0.0,0.0,6
410,649208,Monga,MID,Man City,Liverpool,0,4,49,0.0,u,0.0,Has joined Swansea City on loan for the rest of the season,0.0,0.0,0.0,0.0,0.0,,0.0,0.0,0.0,0.0,6
409,590039,Mukasa,MID,Man City,Liverpool,0,4,45,0.1,u,0.0,has joined West Ham on loan for the rest of the seaon.,0.0,0.0,0.0,0.0,0.0,,0.0,0.0,0.0,0.0,6
433,232112,Ugarte,MID,Man Utd,Spurs,1,2,50,0.0,i,0.0,Knee injury - Unknown return date,0.0,0.0,0.0,0.0,0.0,,0.0,0.0,0.0,0.0,6
266,76357,Cairney,MID,Fulham,Ipswich Town,0,2,49,0.0,i,0.0,Knee injury - Expected back 10 Oct,0.0,0.0,0.0,0.0,0.0,,0.0,-0.0,0.0,0.0,6
174,436761,Kitching,DEF,Coventry City,Newcastle,1,3,40,0.3,u,0.0,Has joined Sheffield United on loan for the rest of the season,0.0,0.0,0.0,0.0,0.0,,0.0,0.0,0.0,0.0,6
171,484389,Dovin,GK,Coventry City,Newcastle,1,3,40,1.0,u,0.0,Has joined Leyton Orient on loan for the rest of the season,0.0,0.0,0.0,0.0,0.0,,0.0,0.0,0.0,0.0,6
163,491007,D.Essugo,MID,Chelsea,Bournemouth,1,3,45,0.1,u,0.0,Has joined RC Strasbourg on loan for the rest of the season,0.0,0.0,0.0,0.0,0.0,,0.0,0.0,0.0,0.0,6
168,499309,Marc Guiu,FWD,Chelsea,Bournemouth,1,3,50,0.2,u,0.0,Has joined RB Leipzig permanently,0.0,0.0,0.0,0.0,0.0,,0.0,0.0,0.0,0.0,6
170,503037,Emegha,FWD,Chelsea,Bournemouth,1,3,50,0.1,i,0.0,Hamstring injury - Expected back 10 Oct,0.0,0.0,0.0,0.0,0.0,,0.0,0.0,0.0,0.0,6
413,451302,Bayindir,GK,Man Utd,Spurs,1,2,45,0.0,u,0.0,Has joined Celta Vigo on loan for the rest of the season,0.0,0.0,0.0,0.0,0.0,,0.0,0.0,0.0,0.0,6
150,574458,M.Sarr,DEF,Chelsea,Bournemouth,1,3,45,0.0,u,0.0,Has joined Real Sociedad on loan for the rest of the season,0.0,0.0,0.0,0.0,0.0,,0.0,0.0,0.0,0.0,6
99,543295,Milambo,MID,Brentford,Aston Villa,0,3,50,0.0,i,0.0,Knee injury - Unknown return date,0.0,0.0,0.0,0.0,0.0,,0.0,0.0,0.0,0.0,6
118,223434,Igor,DEF,Brighton,Sunderland,0,3,45,0.0,u,0.0,Has joined Burnley permanently,0.0,0.0,0.0,0.0,0.0,,0.0,-0.0,0.0,0.0,6
121,451340,Mitoma,MID,Brighton,Sunderland,0,3,59,0.0,i,0.0,Hamstring injury - Expected back 10 Oct,0.0,0.0,0.0,0.0,0.0,,0.0,0.0,0.0,0.0,6
107,593174,Furo,FWD,Brentford,Aston Villa,0,3,45,0.9,i,0.0,Unspecified injury - Unknown return date,0.0,0.0,0.0,0.0,0.0,,0.0,0.0,0.0,0.0,6
103,183656,Dasilva,MID,Brentford,Aston Villa,0,3,49,0.0,i,0.0,Hamstring injury - Expected back 10 Oct,0.0,0.0,0.0,0.0,0.0,,0.0,0.0,0.0,0.0,6
97,207283,Jensen,MID,Brentford,Aston Villa,0,3,54,0.1,i,0.0,Unspecified injury - Expected back 10 Oct,0.0,0.0,0.0,0.0,0.0,,0.0,0.0,0.0,0.0,6
235,499300,Aznou,DEF,Everton,Hull City,0,2,40,0.1,u,0.0,Has joined Malaga on loan for the rest of the season,0.0,0.0,0.0,0.0,0.0,,0.0,0.0,0.0,0.0,6
234,243571,Patterson,DEF,Everton,Hull City,0,2,45,0.0,u,0.0,Has joined Torino permanently,0.0,0.0,0.0,0.0,0.0,,0.0,0.0,0.0,0.0,6
21,128295,Nørgaard,MID,Everton,Hull City,0,2,49,0.0,i,0.0,Groin injury - Unknown return date,0.0,0.0,0.0,0.0,0.0,,0.0,0.0,0.0,0.0,6
223,231747,Mateta,FWD,Crystal Palace,Nott'm Forest,1,3,63,1.3,i,0.0,Hamstring injury - Expected back 11 Oct,0.0,0.0,0.0,0.0,0.0,,0.0,-0.0,0.0,0.0,6
436,490881,Collyer,MID,Man Utd,Spurs,1,2,50,0.0,u,0.0,Has joined West Brom permanently,0.0,0.0,0.0,0.0,0.0,,0.0,0.0,0.0,0.0,6
225,660392,Uche,FWD,Crystal Palace,Nott'm Forest,1,3,50,0.0,u,0.0,has returned to Getafe CF,0.0,0.0,0.0,0.0,0.0,,0.0,0.0,0.0,0.0,6
431,493250,Amad,MID,Man Utd,Spurs,1,2,57,0.3,i,0.0,Unspecified injury - Unknown return date,0.0,0.0,0.0,0.0,0.0,,0.0,0.0,0.0,0.0,6
425,547676,Fredricson,DEF,Man Utd,Spurs,1,2,40,0.0,u,0.0,Has joined Lausanne-Sport permanently,0.0,0.0,0.0,0.0,0.0,,0.0,0.0,0.0,0.0,6
80,168636,Enes Ünal,FWD,Bournemouth,Chelsea,0,4,55,0.0,u,0.0,Has joined Getafe permanently,0.0,0.0,0.0,0.0,0.0,,0.0,0.0,0.0,0.0,6
78,560262,Kroupi.Jr,MID,Bournemouth,Chelsea,0,4,74,0.2,i,0.0,Foot injury - Expected back 7 Nov,0.0,0.0,0.0,0.0,0.0,,0.0,0.0,0.0,0.0,6
77,489888,Adli,MID,Bournemouth,Chelsea,0,4,49,0.0,i,0.0,Calf injury - Unknown return date,0.0,0.0,0.0,0.0,0.0,,0.0,0.0,0.0,0.0,6
70,222683,Kluivert,MID,Bournemouth,Chelsea,0,4,60,0.9,i,0.0,Unspecified injury - Unknown return date,0.0,0.0,0.0,0.0,0.0,,0.0,0.0,0.0,0.0,6
84,432830,Collins,DEF,Brentford,Aston Villa,0,3,54,1.0,i,0.0,Calf injury - Unknown return date,0.0,0.0,0.0,0.0,0.0,,0.0,0.0,0.0,0.0,6
85,444765,Van den Berg,DEF,Brentford,Aston Villa,0,3,49,0.1,i,0.0,Groin injury - Unknown return date,0.0,0.0,0.0,0.0,0.0,,0.0,0.0,0.0,0.0,6
252,505079,McNally,GK,Fulham,Ipswich Town,0,2,40,0.1,u,0.0,Has joined York City on loan for the rest of the season,0.0,0.0,0.0,0.0,0.0,,0.0,0.0,0.0,0.0,6
248,486385,Beto,FWD,Everton,Hull City,0,2,54,0.6,u,0.0,Has joined Fiorentina permanently,0.0,0.0,0.0,0.0,0.0,,0.0,0.0,0.0,0.0,6
466,599303,Neave,FWD,Newcastle,Coventry City,0,2,45,0.5,u,0.0,Has joined Wolves on loan for the rest of the season,0.0,0.0,0.0,0.0,0.0,,0.0,0.0,0.0,0.0,6
465,538207,Osula,FWD,Newcastle,Coventry City,0,2,58,0.3,i,0.0,Foot injury - Unknown return date,0.0,0.0,0.0,0.0,0.0,,0.0,0.0,0.0,0.0,6
609,553746,Shahar,DEF,Newcastle,Coventry City,0,2,40,0.2,u,0.0,has joined Arouca on loan for the rest of the seaon.,0.0,0.0,0.0,0.0,0.0,,0.0,0.0,0.0,0.0,6
593,463726,Dedić,DEF,Newcastle,Coventry City,0,2,45,1.8,i,0.0,Unspecified injury - Unknown return date,0.0,0.0,0.0,0.0,0.0,,0.0,0.0,0.0,0.0,6
191,492498,Borges Rodrigues,MID,Coventry City,Newcastle,1,3,45,0.1,u,0.0,Has joined Burton Albion on loan for the rest of the season,0.0,0.0,0.0,0.0,0.0,,0.0,0.0,0.0,0.0,6
192,629397,Andrews,MID,Coventry City,Newcastle,1,3,45,0.3,u,0.0,Has joined Oxford United on loan for the rest of the season,0.0,0.0,0.0,0.0,0.0,,0.0,0.0,0.0,0.0,6
193,176412,Wright,FWD,Coventry City,Newcastle,1,3,54,0.1,i,0.0,Thigh injury - Unknown return date,0.0,0.0,0.0,0.0,0.0,,0.0,0.0,0.0,0.0,6
246,513466,Röhl,MID,Everton,Hull City,0,2,49,0.0,i,0.0,Unspecified injury - Expected back 11 Oct,0.0,0.0,0.0,0.0,0.0,,0.0,0.0,0.0,0.0,6
448,78916,Burn,DEF,Newcastle,Coventry City,0,2,48,0.7,i,0.0,Ankle injury - Expected back 12 Oct,0.0,0.0,0.0,0.0,0.0,,0.0,0.0,0.0,0.0,6
451,545477,A.Murphy,DEF,Newcastle,Coventry City,0,2,40,0.1,u,0.0,Has joined FC Kaiserslautern on loan for the rest of the season,0.0,0.0,0.0,0.0,0.0,,0.0,0.0,0.0,0.0,6
454,449434,Elanga,MID,Newcastle,Coventry City,0,2,61,4.6,i,0.0,Unspecified injury - Unknown return date,0.0,0.0,0.0,0.0,0.0,,0.0,0.0,0.0,0.0,6
456,232653,J.Ramsey,MID,Newcastle,Coventry City,0,2,49,0.2,i,0.0,Thigh injury - Unknown return date,0.0,0.0,0.0,0.0,0.0,,0.0,0.0,0.0,0.0,6
458,180974,Joelinton,MID,Newcastle,Coventry City,0,2,54,0.0,i,0.0,Unspecified injury - Unknown return date,0.0,0.0,0.0,0.0,0.0,,0.0,0.0,0.0,0.0,6
463,470313,Woltemade,FWD,Newcastle,Coventry City,0,2,59,0.5,u,0.0,Has joined Juventus on loan for the rest of the season,0.0,0.0,0.0,0.0,0.0,,0.0,0.0,0.0,0.0,6
441,596047,Obi,FWD,Man Utd,Spurs,1,2,45,0.9,u,0.0,Has joined Willem II on loan for the rest of the season,0.0,0.0,0.0,0.0,0.0,,0.0,0.0,0.0,0.0,6
146,242880,B.Badiashile,DEF,Chelsea,Bournemouth,1,3,45,0.0,u,0.0,Has joined Napoli on loan for the rest of the season,0.0,0.0,0.0,0.0,0.0,,0.0,0.0,0.0,0.0,6
215,489706,Devenny,MID,Crystal Palace,Nott'm Forest,1,3,50,0.0,u,0.0,Has joined Stoke City permanently,0.0,0.0,0.0,0.0,0.0,,0.0,0.0,0.0,0.0,6
206,515621,Chadi Riad,DEF,Crystal Palace,Nott'm Forest,1,3,43,0.0,i,0.0,Knee injury - Unknown return date,0.0,0.0,0.0,0.0,0.0,,0.0,-0.0,0.0,0.0,6
205,218364,Sosa,DEF,Crystal Palace,Nott'm Forest,1,3,45,0.0,u,0.0,Has joined FC Cologne on loan for the rest of the season,0.0,0.0,0.0,0.0,0.0,,0.0,0.0,0.0,0.0,6
198,172649,Henderson,GK,Crystal Palace,Nott'm Forest,1,3,50,1.3,i,0.0,Foot injury - Expected back 11 Oct,0.0,0.0,0.0,0.0,0.0,,0.0,0.0,0.0,0.0,6
492,210156,Awoniyi,FWD,Coventry City,Newcastle,1,3,54,0.4,s,0.0,Suspended until 19 Oct,0.0,0.0,0.0,0.0,0.0,,0.0,0.0,0.0,0.0,6
153,220362,Disasi,DEF,Crystal Palace,Nott'm Forest,1,3,45,0.1,s,0.0,Suspended until 25 Oct,0.0,0.0,0.0,0.0,0.0,,0.0,-0.0,0.0,0.0,6
197,549653,Bassette,FWD,Coventry City,Newcastle,1,3,45,0.0,u,0.0,Has joined KVC Westerlo on loan for the rest of the season,0.0,0.0,0.0,0.0,0.0,,0.0,0.0,0.0,0.0,6
196,551262,Markelo,FWD,Coventry City,Newcastle,1,3,50,0.0,u,0.0,Has joined Shabab Al-Ahli Dubai permanently,0.0,0.0,0.0,0.0,0.0,,0.0,0.0,0.0,0.0,6
187,439668,Eccles,MID,Coventry City,Newcastle,1,3,48,0.0,i,0.0,Unspecified injury - Expected back 12 Oct,0.0,0.0,0.0,0.0,0.0,,0.0,0.0,0.0,0.0,6
471,227444,Milenković,DEF,Nott'm Forest,Crystal Palace,0,3,54,1.0,i,0.0,Hamstring injury - Expected back 11 Oct,0.0,0.0,0.0,0.0,0.0,,0.0,0.0,0.0,0.0,6
475,500151,Savona,DEF,Nott'm Forest,Crystal Palace,0,3,45,0.0,i,0.0,Knee injury - Unknown return date,0.0,0.0,0.0,0.0,0.0,,0.0,0.0,0.0,0.0,6
216,606921,Esse,MID,Crystal Palace,Nott'm Forest,1,3,50,0.0,u,0.0,Has joined Millwall on loan for the rest of the season,0.0,0.0,0.0,0.0,0.0,,0.0,0.0,0.0,0.0,6
220,590014,Cardines,DEF,Crystal Palace,Nott'm Forest,1,3,45,0.0,u,0.0,Has joined Bristol City on loan for the rest of the season,0.0,0.0,0.0,0.0,0.0,,0.0,0.0,0.0,0.0,6
470,485047,Morato,DEF,Nott'm Forest,Crystal Palace,0,3,50,0.0,u,0.0,Has joined West Ham on loan for the rest of the season,0.0,0.0,0.0,0.0,0.0,,0.0,0.0,0.0,0.0,6
217,536694,M.França,MID,Crystal Palace,Nott'm Forest,1,3,49,0.0,u,0.0,Has joined Alverca on loan for the rest of the season,0.0,0.0,0.0,0.0,0.0,,0.0,0.0,0.0,0.0,6
219,450542,J.Rak-Sakyi,MID,Crystal Palace,Nott'm Forest,1,3,49,0.0,u,0.0,has joined  Kasimpasa on loan for the rest of the seaon.,0.0,0.0,0.0,0.0,0.0,,0.0,0.0,0.0,0.0,6
55,178301,Watkins,FWD,Aston Villa,Brentford,1,3,78,2.5,u,0.0,Has joined Al Hilal permanently,0.0,0.0,0.0,0.0,0.0,,0.0,0.0,0.0,0.0,6
49,469247,Iling Jr,MID,Aston Villa,Brentford,1,3,50,0.0,u,0.0,Has joined Bolton Wanderers on loan for the rest of the season,0.0,0.0,0.0,0.0,0.0,,0.0,0.0,0.0,0.0,6
484,503301,Hutchinson,MID,Nott'm Forest,Crystal Palace,0,3,54,0.1,u,0.0,Has joined AC Milan on loan for the rest of the season,0.0,0.0,0.0,0.0,0.0,,0.0,0.0,0.0,0.0,6
48,449871,Onana,MID,Aston Villa,Brentford,1,3,49,0.0,i,0.0,Knee injury - Unknown return date,0.0,0.0,0.0,0.0,0.0,,0.0,0.0,0.0,0.0,6
479,538638,Bindon,DEF,Nott'm Forest,Crystal Palace,0,3,40,0.1,u,0.0,Has joined Charlton Athletic on loan for the rest of the season,0.0,0.0,0.0,0.0,0.0,,0.0,0.0,0.0,0.0,6
477,549067,Abbott,DEF,Nott'm Forest,Crystal Palace,0,3,40,0.1,u,0.0,Has joined Southampton on loan for the rest of the season,0.0,0.0,0.0,0.0,0.0,,0.0,0.0,0.0,0.0,6
607,571380,Lynch,MID,Aston Villa,Brentford,1,3,45,0.1,u,0.0,Has joined Oxford United on loan until January,0.0,0.0,0.0,0.0,0.0,,0.0,0.0,0.0,0.0,6
582,690838,Madjo,FWD,Aston Villa,Brentford,1,3,54,0.2,i,0.0,Unspecified injury - Unknown return date,0.0,0.0,0.0,0.0,0.0,,0.0,0.0,0.0,0.0,6
618,119090,Goretzka,MID,Aston Villa,Brentford,1,3,59,0.0,i,0.0,Knee injury - Expected back 10 Oct,0.0,0.0,0.0,0.0,0.0,,0.0,0.0,0.0,0.0,6
59,444172,Dennis,GK,Bournemouth,Chelsea,0,4,40,0.1,u,0.0,Has joined MK Dons permanently,0.0,0.0,0.0,0.0,0.0,,0.0,0.0,0.0,0.0,6
29,72147,M.Bizot,GK,Aston Villa,Brentford,1,3,45,0.1,i,0.0,Back injury - Expected back 10 Oct,0.0,0.0,0.0,0.0,0.0,,0.0,0.0,0.0,0.0,6
27,205651,G.Jesus,FWD,Arsenal,Leeds,1,3,59,0.1,u,0.0,Has joined FC Barcelona permanently,0.0,0.0,0.0,0.0,0.0,,0.0,0.0,0.0,0.0,6
24,200641,Nelson,MID,Arsenal,Leeds,1,3,55,0.0,u,0.0,has departed the club as a free agent.,0.0,0.0,0.0,0.0,0.0,,0.0,0.0,0.0,0.0,6
23,438098,Fábio Vieira,MID,Arsenal,Leeds,1,3,55,0.0,u,0.0,Has joined Hamburger SV permanently,0.0,0.0,0.0,0.0,0.0,,0.0,0.0,0.0,0.0,6
22,499175,Nwaneri,MID,Arsenal,Leeds,1,3,54,0.0,u,0.0,Has joined Borussia Dortmund on loan for the rest of the season,0.0,0.0,0.0,0.0,0.0,,0.0,0.0,0.0,0.0,6
18,444145,Martinelli,MID,Arsenal,Leeds,1,3,63,0.1,u,0.0,Has joined Al Hilal permanently,0.0,0.0,0.0,0.0,0.0,,0.0,0.0,0.0,0.0,6
